y, x_0, x_1, x_2, x_3, x_4, x_5, x_6, x_7, x_8, x_9
5.769095655857555585e+02 -3.069175908746053949e+01 -2.964703650068751983e+01 -7.090662870076900504e+01 9.453293694349005705e+01 8.183568759849802632e+01 1.199142074442501382e+01 -3.728185070065907780e+01 7.764000750477762836e+01 3.491461316445278840e+01 -2.178251047228766879e+01
-1.337383171654222451e+03 1.436824782595309102e+00 4.820700532822797868e+00 8.560018556331047535e+01 1.427461380778531463e+01 3.366751375533601731e+01 -8.954826177869814785e+01 -3.458853918739708888e+01 -8.871967216570131143e+01 -6.403446118724252756e+01 8.518663450020852679e+01
-1.338798602318554458e+02 8.760304458847838305e+01 4.281854148681873085e+01 4.653752178130332595e+01 -7.650464747113574049e+00 8.626585352118962646e+01 -1.871595133183849669e+01 3.664115410546901330e+01 2.998317361781244017e+01 1.975303573255642675e+01 -5.559212158406483439e+01
-2.117224621183916042e+02 3.647143382727574590e+01 7.561126052046921586e+01 5.934345265621368526e+01 -1.359955044038380834e+01 8.357564383167797928e+01 5.636673554535119024e+01 4.515005566985433916e+01 -7.502906130208144475e+01 8.326168987058227344e+01 -2.245780125394077231e+01
-3.156657321525968030e+01 -4.101409089459433233e+01 2.334628294450284614e+01 -6.430754203743106245e+00 -4.893221713108732729e+01 6.779917774083560289e+01 -6.427615952806431210e+01 -5.457716586062177555e+01 3.197528920686130505e+01 -4.176750991409420521e+00 -8.531053153245942156e+01
6.416213801388787488e+02 -7.220798574607742637e+01 -7.753856327230974443e+01 -4.443006916324094391e+00 8.059245854084366556e+00 9.161420982071297203e+01 1.675846228469251287e+01 5.332818216981664250e+00 8.445253776893096642e+01 8.385140328954980760e+01 -4.959822704836156504e+01
5.832649944719406676e+01 3.652652214323077828e+01 9.285522372034716909e+01 -5.460767059505102594e+01 4.320343970705363290e+01 5.955202149835156433e+01 8.735023992954216965e+01 7.074449915708248682e+01 -1.569083865955414581e+01 -9.891202622783585241e+01 -9.302693424371859976e+01
2.651433219787828648e+02 -9.721892686335999656e+01 1.778198609248988760e+01 -2.340138074529723156e+01 -7.703621006669848725e+01 7.289080177761235291e+01 6.433140625998791506e+01 4.749833698164169959e+01 6.806883402919291370e+01 -1.969417930647176718e+01 4.972400025485086417e+01
2.756342411701307356e+02 1.192588904188525589e+01 2.264751479418620761e+01 -4.037966970927329413e+01 2.047583469696472491e+01 -1.486463207806032472e+01 7.708876966986565549e+00 -2.654028569825058526e+00 -2.167238302021701202e-02 8.349189651100280685e+01 -4.742459565348702455e+01
-3.079523405781783367e+02 -9.006046276916327997e+01 -7.461594113331472045e+00 -1.835619546495972543e+01 -2.591303866466091677e+00 -8.589684432499944933e+01 1.642172223311699497e+01 9.740435967115504923e+01 -5.818230880047081399e+01 -5.752477637504109964e+01 9.222700990141387933e+01
-5.027331244120996985e+02 4.139081502424198789e+01 1.859364263123349303e+01 -2.382951858648041821e+01 2.774809928034191842e+01 4.857138236496183481e-01 -8.204138506074916393e+01 -4.056506661400369751e+01 6.562884683218280202e+01 -6.490880686194290661e+01 8.089789144728200654e+01
8.099224196116736039e+02 1.766296582357156808e+01 -9.669310864158443053e+01 -2.599556464380235354e+01 -9.157409941335963310e+01 -7.454388983073204145e+01 -6.414635481258960681e+01 -6.670828296612884856e+01 7.673769932081034995e+01 8.119040952033509484e+01 -5.291980428724771457e+01
-9.700587547352262163e+01 -1.854801511259300639e+01 -5.767968520924853237e+00 6.604680354622865934e+01 -4.159847558626705677e+01 -6.523429364011133202e+01 -8.371378307874337565e+00 8.048583261140640843e+01 1.898738494681934696e+01 -1.747733333574670667e+01 -1.886981258382864723e+01
-6.830618320901560310e+02 -3.830316683057783678e+01 -3.642425381931661832e+01 -1.698279681806434382e+01 2.763341392469007474e+01 5.905390345747423453e+01 -9.259331737442421684e+01 4.690821950525457851e+01 5.451417255401403850e+01 -5.111509460481777722e+01 9.701537188983357396e+01
6.727281706082530945e+02 3.500116892456395590e+01 7.855294722816020681e+01 -5.138905989877604696e+01 -8.966082454250330613e+01 4.194861269861368669e+01 9.145286249462139949e+01 -9.543295647748064425e+01 8.262850473065327606e+01 4.565474246037661032e+01 9.108106394759306568e+01
-3.256882572002011784e+02 -4.537291032682790615e+01 -6.588129755883170446e+01 -3.547979643606120703e+01 -4.455230784240660569e+01 -1.879509394817972634e+00 -7.385685073331052308e+01 4.763674730150734149e+01 -7.193528530743643046e+01 1.413014156023109535e+01 6.667586642194578417e+00
6.264988446894866456e+02 -5.329539286224967043e+01 -4.621190990494966400e+00 -7.051565882081803238e+00 6.120621943650755270e+01 -9.628297772910521246e+01 4.256331692407800915e+01 -4.980132756361999213e+01 3.210531224177364606e+01 2.728919169272879230e+01 -8.860246701064515662e+01
-2.494450367287413144e+02 4.378190978252106902e+01 -3.201531353382878820e+01 9.928573671524958399e+00 4.886398578432212503e+01 -6.429745228699982817e+01 -4.985917935638403975e+01 -7.322405923204786404e+01 -6.984518402677383619e+01 8.780606815551689692e+01 9.429057733477071679e+01
-3.384740775343952350e+02 -7.148868224749263334e+01 -6.082699758691521197e+01 -7.992043230469367643e+01 -8.363750600873737540e+01 5.367513444823225655e+01 -5.792865108787397332e+01 -7.564710554942649878e+00 -8.319799277581141439e+01 -3.369954326047314908e+01 9.766516015864738165e+01
1.634164719874934804e+02 8.005440877954461598e+01 7.306572090623606641e+01 -2.314730113911207354e+01 4.011693814886220366e+01 -9.257405897395250349e+01 2.652438350916384024e-01 -7.722138261932387593e+01 4.673796558070836227e+01 -1.263583945478173121e+01 -3.460272226886407054e+01
2.938337924567019854e+02 5.030032152098124243e+01 -4.737627058440760663e+01 -2.977133771548380992e+00 -9.868787593576804795e+01 -9.894577000560640556e+01 1.353176322710143609e+01 -2.940538191371054211e+01 -2.498667616111656287e+01 -2.698058794621800871e+01 -3.819420439826892988e+01
-6.882911631453337122e+02 -6.582053742073061642e+01 9.582497255764968713e+01 5.501385382933619894e+01 9.443107282252412915e+01 5.092575630056074942e+00 -5.230913695499512528e+01 -2.972285509483810984e+00 1.784857482333657686e+01 9.651086765501304399e-02 -1.406504478514787593e+01
3.096539102032684241e+02 -4.983019234505741224e+01 -8.851408395546928887e+01 2.867417188646649606e+01 -4.970097283037515723e+01 -6.169838508090273166e+01 2.139474947940684046e+00 -2.385484179732262078e+01 8.338345571484015295e+01 -8.955499936288529739e+01 -2.449205791769328755e+01
-4.563344694316672303e+02 -4.557154138601333671e-01 1.586807862609764186e+01 6.150944650477313758e+01 7.850060939904508928e+01 -5.570605075591799960e+00 -8.026244837695983847e+01 4.548904280062612315e+01 -2.191123832327775744e+00 4.049030632066586577e+01 -2.853003677699436480e+01
-5.677397653758735885e+01 -6.124736211940342656e+01 -3.249687838366570247e+01 9.302196312936800382e+00 9.178310784667948496e+01 8.319265868835975652e+01 4.133768680534163309e+01 7.314783610292104754e+01 -5.436343860780872461e+01 6.033697333282313480e+01 4.782602206730459216e+01
2.713998675016898687e+02 -6.106443927533222649e+01 -7.053087806841855922e+01 -2.654321505504002232e+01 -2.991622752981659517e+01 -7.783384026442993786e+01 -6.599415506773294737e+01 3.158230558803813892e+01 8.930467184523001833e+01 -4.890588859606677374e+01 -7.811814728858706758e+01
-6.547374496661595913e+02 5.701448392213080751e+01 -2.235333095507201051e+00 2.240414854011223156e+01 7.964962996036928189e+01 -2.176635891911224974e+01 -7.836516893441311993e+01 -3.666379577654377186e+01 -9.594983109114518527e+01 1.864430961470408477e+01 1.690303978212794789e+01
-2.353573122548921503e+02 3.818991007420913775e+01 3.404454278717011562e+01 -5.295181586952606523e+01 1.713406935478217008e+01 -6.057612298817151952e+01 3.089539624301235676e+01 2.970006134004512433e+01 -5.980705785289439547e+01 -9.530536805420710778e+01 5.587200838527377300e+01
-5.825103403689297465e+02 -9.736500493894213548e+01 2.778464623100813924e+01 5.101389585889722866e+01 2.847680277725481801e+01 7.034430109279298904e+01 2.635191124128679974e+01 -3.932631614824381927e+01 -1.727245245031319598e+01 -6.640357223731940906e+01 6.155731154140278250e+01
1.642859194582286477e+02 -1.281351293326136442e+01 -2.087518808400727721e+01 1.335483422898322203e+01 5.533497778950103907e+01 8.886807225070987215e+01 -3.443428970523328303e+01 -5.372227051384361829e+01 4.158271590342337731e+01 7.060671272777761942e+01 -9.520492155141506885e+01
5.317588449288832635e+02 -5.030592485849414430e+01 -2.138769398868440419e+01 -5.493935923253221176e+01 -9.032331829504485654e+00 6.650055142896644611e+01 2.270003441415620671e+01 -7.963391464795144259e+01 -1.779971236003919444e+01 8.135850741668559749e+01 -4.816143686082947539e+01
-1.644974006575517933e+02 -7.210061457532519569e+01 -5.205153778490150529e+01 8.097005566815164457e+01 -3.277570671424929571e+01 -6.771062395215972174e+01 -4.010367990786187420e+01 1.347823571112473928e+01 -1.316595125073634165e+01 2.258671317053506300e+01 9.160042617478268312e+00
-3.922488444338514455e+02 4.074304506489204414e+01 6.323764484759297488e+01 7.312279375725310615e+01 -4.672668334018903380e+01 7.076955857240369596e+01 -4.605136448138607363e+01 -4.625569321771209985e+01 8.281293650795794292e+01 -7.029524070841958405e+00 2.109866972488812564e+01
-9.520547355796508100e+02 -3.518830613109398087e+01 7.087769376017988066e+01 9.645985517210476701e+01 5.848823655121799447e+01 -3.051046593948869656e+01 -6.104536494473100561e+01 6.116075440007543307e+01 -5.588075843637436435e+01 4.655868409741324854e+01 5.827174128132031683e+01
3.239598423048317954e+02 -8.907564063356683448e+01 -5.218986055624073117e+01 -4.124278258806401709e+01 -6.867019961502649039e+01 1.330529968598459334e+01 -2.823326264251706164e+01 -3.567408497362475828e+01 7.354697998247431201e+01 -3.875020427637925025e+01 1.132344832205461671e+00
2.744646540706910400e+02 -8.696524000583517022e+01 -8.988945505001038327e+01 1.870363411173920554e+01 -5.733048627778805439e+01 -3.367043776876010952e+01 -5.875119835413582337e+01 -3.796296796951830288e+01 8.975911699133391153e+01 6.854445001249294478e+01 3.909370294501849230e+01
-5.447893714499243742e+02 1.773881849389520937e+01 6.806953881871373824e+01 3.571064455588995656e+00 7.383678852161688155e+01 4.407077330619995337e+01 -6.375737748007688310e+01 4.725974245208618640e+01 3.029410248054546173e+01 -1.087652834931111556e+01 -3.011077908723524388e+01
3.290895965095415363e+02 3.439006503846852070e+01 -4.936848636542799085e+01 -3.048121376020867501e+01 -2.208104523021390264e+01 4.078375846784339842e+01 3.228912714109327453e+00 8.509561540481124098e+01 8.444136455565487154e+01 -2.985679710321097957e+01 1.722350786431370295e+01
-5.262209965202958983e+02 8.964551548517493984e+01 1.750811295181880212e+01 6.313694043698191649e+01 -7.261667623664732218e+01 5.527124535238982617e+00 4.258150941639377152e+01 4.048669091807846598e+01 -6.241672921738150848e+01 -8.670471622628086550e+01 7.821583934837423158e+01
6.571813610994075816e+02 -4.744329572045620580e+01 8.556398297885095872e+01 -3.273124977898311272e+01 -4.868871303859518918e+01 -1.748054695972585648e+01 5.379699911505082355e+01 -7.293333359370630831e+01 1.682747626273946651e+01 7.368522349684704409e+01 -4.938657761525617929e+01
-3.168214348853722981e+02 -8.682043918090651857e+01 -1.192721323113327969e+01 -3.724676786255769656e+01 -1.474715314284753731e+01 -5.105509655929818535e+01 -8.089539621490334298e+01 -5.170703594777315004e+01 -3.221588465565130832e+01 1.202731422110048243e+01 4.916796225711073021e+01
8.087599219857352750e+00 9.075297654479146559e+01 5.115397792617059736e+01 -1.325632259731845863e+01 -8.816635911597832376e+01 8.494962146310410844e+01 -1.883813913677639107e+01 -7.871800498305844940e+01 1.987931084491103206e+01 -4.223041033559131563e+01 -8.390886803264289995e+01
6.252626760251521318e+02 6.561298561326870526e+01 1.122972579932759629e+01 -7.313780918215763904e+01 -5.459433730536522944e+01 3.561540266243963515e+01 5.680206306789580140e+01 -5.668155930935321152e+01 -2.215997706047072313e+01 2.646031581902219898e+01 -8.741044626452458033e+01
-1.369716291362389029e+02 -1.281408691214380724e+01 3.518751266641152142e+01 4.296794295341413772e+01 -6.850024374501319357e+01 -7.964132923798209163e+01 3.667225011692386261e+01 1.597172517281570947e+01 -9.170129748125354752e+01 -2.352984611289896577e+01 2.156083380429730312e+01
9.288348275023257656e+02 2.969642775682333991e+01 -9.352764628597802243e+01 -4.588195520302124919e+01 -8.899922397496105475e+01 -9.243198184580919019e+00 7.878640975820198378e+01 9.490059738173499682e-01 7.164456411691719495e+01 -2.099772069115404349e+01 2.620459948530707095e+01
8.123703433555597258e+02 -8.469187146509059971e+01 -3.315309694274672836e+01 -9.197203329101688496e+01 2.002909905208467478e+01 1.491328192184577972e+01 7.834330584245890350e+01 -3.535223195804888974e+00 -8.215540159827207845e+01 8.393912815142931549e+01 -5.501896759635955902e+01
-4.306661268311995627e+02 4.365657234404199016e+01 6.338388410395245387e+01 3.934876964090196338e+01 7.842651020039369314e+01 -5.536359173108000675e+01 -5.706959786198409290e+01 -3.901587136902999475e+01 -4.629892677744784635e+01 7.224427873092292884e+01 -2.224803281497489138e+01
-6.717480695320919040e+02 -2.128901645656820563e+01 -2.642360368257665471e+01 9.123951959931821420e+01 -8.564617393799582601e+01 -5.281994134970451427e+01 -9.546323328214685944e+01 7.539161311707326263e+01 1.095539137858861523e+01 -6.765866945463108095e+01 -1.428154899498341024e+01
-4.156341985567676147e+02 2.633638951220021340e+00 -1.401837449814023273e+01 -9.952510687791682642e+01 9.406117013584855613e+01 9.628808060548678327e+01 -9.567961475926665571e+00 1.883336180912027658e+01 -9.438567970275811092e+01 2.626339535401210412e+01 6.985287667917120302e+01
-1.698148947512084987e+02 7.002486840185389383e+01 9.129226122862596071e+01 -5.051890108708099092e+01 8.021020662610683871e+01 7.444810079733105113e+01 2.598704159882116471e+01 -4.039603033314583058e+01 -9.081005043957460998e+00 3.792864242028826993e+01 8.896446997805276169e+01
-2.110129741790797198e+02 9.652703761632412238e+01 -5.194547188206806254e+01 2.668578398389720974e+01 -3.547116592153010117e+01 -3.126324437451626181e+01 -2.284534548818498934e+00 5.698020687097852033e+01 -9.284155170206385321e+01 -1.632200211241472232e+01 -6.223783383882683751e+01
-2.209188594639214500e+02 -2.887561085442582964e+01 7.974476911238167531e+01 9.309061978674051829e+01 -1.299928453439849818e+01 6.031142174309539428e+01 5.362519889881494350e+01 -6.336949859529683238e+01 -9.544986850069409456e+01 2.570960366157561339e+01 -2.623305606853858762e+01
-6.342358656759452060e+02 -9.678834685982873509e+01 3.834798145334622177e+01 1.645121513079317310e+01 -5.538028212908869818e+01 6.001606103469498521e+01 -7.673886698121121697e+01 -4.655483529200822090e+00 -1.738245992146580932e+01 -3.223205675237240087e+01 -1.371077275471144219e+01
-4.987088576166056555e+02 9.943265698522992579e+01 8.055066268023122689e+01 -4.869663439740272537e+01 9.053353860754054949e+01 -3.374078739682617822e+01 -9.345452999815005057e+01 -1.120885557820740530e+01 -8.111297624662007877e+01 9.709543507100951842e+01 -6.299422873006921009e+01
-2.495334277796801814e+01 -2.702765482117770546e+01 -4.246489736758590539e+00 6.015567547935660286e+00 -5.996000862423356637e+01 6.285904994288665648e+01 -4.216160528009125130e+01 -2.859874327281704609e+01 7.174713366997366393e+01 -7.362911983675837746e+01 -6.102134213803913809e+01
5.519096880424910978e+02 -6.859938223779546718e+01 2.647759771810594032e+01 -7.847872562513317973e+01 -2.209969045133735221e+01 4.155518074543141438e+01 7.477150113406506193e+01 -2.163871454428978325e+01 -2.568037487105057437e+01 5.732079143117502440e+00 -9.275886968122908627e+01
-2.517947365481557540e+02 7.841374445544590799e+01 4.979407531962073108e+01 7.948495951899380429e+01 7.933220108541817694e+01 4.442691603030542069e+01 -5.912162298337830890e+01 3.551475547430706570e+01 8.799953723037356212e+01 8.449551962339970146e+01 -3.810100991788696234e+01
1.120859095990059018e+02 -5.958307099544961716e+01 -3.717236241737100499e+01 -4.975912868178112092e+01 1.571518698702358563e+01 -9.963116837183183350e+01 -5.829615191805969943e+01 4.496417377574408647e+01 4.204744116172594204e+01 1.095238743334054732e+01 4.170650547640113359e+01
-3.797073430680861748e+02 -6.281980182814251634e+00 9.664619844775833712e+01 -9.025559842071749017e+01 2.285771764912627191e+01 3.501825928484439032e+01 2.138805856499168101e+01 5.166384270342766172e+01 -7.649087254151146453e+01 -5.584514136654521366e+01 -2.000827274341678219e+01
1.093022752059977392e+03 -9.672007797762735493e+01 -4.552137130985163083e+01 -3.881336573532144030e+01 -2.359198510169528618e+01 6.401070844956785777e+01 8.608446919456130786e+01 -5.850511582608231009e+01 4.596830138371640828e+01 9.630155283676378986e+01 -4.821160998026670086e-01
-5.955553596318186464e+02 -9.249012770858186627e+01 9.459875385055156016e+00 -9.368295648780453178e+01 8.746598775659541047e+01 -2.867619467240045594e+01 -9.891946838356264493e+01 6.192059636835355718e+01 -6.537347041345691423e+01 3.126231459167482285e+01 5.616873134156284664e+01
-3.803790623581100476e+02 -5.726488997741998332e+01 -4.330409894583855390e+01 8.107977485475456092e+01 6.699573381434612429e+01 -4.007280211525612401e+01 3.179053128249984184e+01 7.096165263048325755e+01 -8.673208034078723472e+01 -8.032163772487119502e+01 -4.891989268034016192e+01
1.759459386860327186e+02 4.819638250503078325e+01 5.986080780831517245e+01 3.126029720543232315e+01 -9.959155375205391181e+01 -8.802512393639479171e+01 6.812731304614646888e+01 9.807823112346667926e+00 -2.990939974732556550e+01 3.853337965313022551e+01 3.663046775570478530e+01
-5.060444856799400100e+02 -3.197109425659536441e+01 3.029107735975344440e+01 -5.577287018053880274e-01 8.651027825559617668e+01 5.492288249878890838e+01 -8.453091655109221847e+01 -9.611881730490448206e+01 3.146659379866500217e+01 -3.408107417183913412e+00 8.344569627513109822e+00
-8.495407764892998159e+01 9.649524634148306745e+01 4.487744358570694203e+00 7.835701247165019367e+00 8.940563874151052914e+01 -6.936236736570029393e+01 -4.396830013152040095e+01 2.498863632501900156e+01 -3.920586644263897114e+01 6.714659757675892138e+01 -4.145944271838881434e+01
2.336917368195383347e+02 7.061174955675815568e+01 2.401582114045510252e+01 7.434410773635485725e+01 6.948475395535447774e+01 -7.749468333319632052e+01 5.693811927502150638e+01 -9.604961667087576416e+01 1.737207294848481354e+01 4.649093903265907102e+01 4.647696777365567300e+01
3.944181334882079000e+02 9.348509601861212559e+01 1.778717641524059445e+01 5.134849248407221012e+00 -1.966851613991767067e+01 -9.259695846244540007e-01 8.066145619759274155e+01 -1.180944274901878543e+01 1.662260290892277226e+00 -4.803011896149267557e+01 -6.522453749450733085e+01
1.552646444391332992e+01 -4.137261066060899850e+01 7.415326122242680640e+01 9.042040078548259885e+01 -4.338942031531518495e+01 -1.406402130063679579e+01 7.590970298685678586e+01 3.060188115873913262e+00 2.381914639282989299e+01 1.425332228278321622e+01 4.474375689331725425e+01
2.558011287867955730e+02 3.299846579409467040e+01 -1.777735950772527929e+01 5.363822172444574221e+01 1.895714379609221112e+01 4.170947321917913087e+01 9.766975531317336845e+01 -9.904321412914755740e+01 -3.405604816994349449e+01 -1.222103536398397239e+01 -3.400065370859678637e+00
-2.069896279575527842e+01 -7.827619014313643220e+01 -2.526004908655593795e+00 5.706464453004062420e+01 2.025060247346992526e+01 -6.798034863751354351e-01 2.093102980693795701e+01 -3.550202769669033387e+01 -4.728864156345437664e+00 -4.485364708967598801e+01 -7.812363410575693479e+01
2.403480163150301792e+02 -3.262555273431475200e+01 6.563176548811890143e+01 -2.711196006547949366e+01 6.082854590349143109e+00 9.263154036303669159e+01 2.792018277269917803e+00 -8.131680692775691455e+01 8.929658970676626950e+01 2.831360469073501918e+00 -5.101292033678204518e+01
8.203457706286344546e+02 -6.507903708250086083e+01 -9.573996011356074121e+01 -5.449243363171363086e+01 2.823023644838426094e+01 -3.112025038901539631e+01 9.774316839115138578e+01 -1.644230438796117255e+01 6.175684757474940056e+01 -9.417494106536199183e+01 -1.886552955339109872e+01
6.664230972851722754e+02 5.035608712573832690e+01 -7.378289319965594473e+01 -1.580312500494225958e+01 -3.686530688968565528e+01 -5.567808904072426657e+01 7.661366987978618681e+01 -6.218225026382167187e+01 9.993196062111101696e+01 -9.352747144856721206e+01 3.681119130669009110e+01
-3.183116970246521191e+02 -7.653881280322846692e+01 9.645648981541782518e+00 1.638313797673333738e+01 -5.086942858000575995e+01 -6.717956308113504349e+01 2.417920874539052534e+01 8.354101408852986310e+01 -3.384602476921591574e+01 -8.241017876347183346e+01 4.583707978464565258e+01
1.965562805744854700e+02 -6.363393023669172521e+01 -2.519156416143910349e+01 7.022669129524558684e+01 5.335202125561505682e+01 2.370967429367858870e+01 2.486685248661710546e+01 -8.341552939759520768e+01 4.810977745261965310e+01 -5.866927424400913083e+00 -3.460181327108034566e+01
6.290238504205502750e+02 -6.913606026113214398e+00 -9.293545995400947390e+01 -7.700183315470985690e+01 8.117510131039878729e+00 -2.605978365726990376e+01 3.838818867673822410e+01 -5.174867387149640052e+01 -1.993469901467155125e+01 3.263950709897167712e+01 3.122795846786422658e+01
4.156394353742668386e+02 -6.614699393688161422e+01 9.078787143606356835e+01 -4.813260327452544374e+01 2.897861083418672479e+01 1.012650252396372252e+01 8.188871077148448308e+01 7.233763329433216427e+01 1.614466037487936489e+01 3.961321883062240090e+01 -5.752345393254860539e+01
-5.331614243606708214e+02 -6.337206277821856304e+01 8.476469860429259029e+01 2.885606860179188971e+01 7.277599764232115831e+01 -1.491789015721400347e+01 -1.489081737058268118e+01 -9.863197374480236590e+01 -1.134200500883665086e+00 -3.186274938200332940e+01 3.512604527068558014e+01
-2.647961738449500899e+02 -8.229802034732307447e+01 -2.947559804592270893e+01 -4.585910309940977214e+01 -7.491157488099253214e+01 9.558579094379572894e+01 -5.099724827770226909e+01 -6.716742479119145059e+01 -5.582867242420916654e+01 -5.507615494271611567e+01 -7.956224252169437250e+01
6.692011260207710848e+02 -4.844751147732937113e+01 -4.071216132776061158e+01 1.735248220664450969e+01 3.857085399583931462e+01 -8.840853728121220456e+01 5.271134240807745641e+01 -1.824532244176964468e+00 6.486559992672130193e+01 -1.867514900451084259e+01 -4.135780798644363898e+01
5.359678224919225187e+01 -8.080994792487190637e+01 1.949044894756688961e+01 -5.814405051902662080e+01 1.829894987571188381e+01 -4.223275839394793252e+01 -6.679570246584098925e+01 7.930396779271364949e+01 3.458850645451229866e+01 5.151420498106858759e+01 -3.023803678779304960e+01
-1.261026055959698624e+02 3.842579509505412716e-01 -4.883187360957649048e+00 6.238211220102471088e+01 3.665919969695139002e+00 -7.143950744696947197e+01 -4.859045998261051125e+01 -1.648992578960715605e+01 -6.917565966202805328e+01 7.179979721104788837e+01 -6.604947953204300859e+01
-6.819255670215316059e+02 1.098557505928204137e+01 7.172330959670529182e+01 8.101578251672464148e+00 -7.141921130832446352e+01 5.167624336327926926e+01 -5.787751864898476128e+01 -5.727413518071409015e+01 -8.582356580600804818e+01 8.821507536289647078e+01 4.947436622619031255e+01
-8.219286133749607188e+02 -6.215072967826451844e+01 9.061764948600401226e+01 -3.538539893531392977e+00 2.944206166514467782e+01 8.795592420187549010e+01 -8.805813633955052921e+01 5.919877108965297907e+01 8.845121974968185441e+01 -3.744427640047886996e+01 9.726627427357527722e+01
9.699717553997984965e+01 -8.650931324416487200e+01 -8.049126849557445951e+01 -8.292774903914256868e+01 7.304259731219397622e+01 -5.999897122435287145e+01 4.682760587243038231e+00 8.920581038893845971e+01 -7.850359077827741316e+01 6.790736723550298848e+01 4.290486343280264236e+01
-6.135664182611885735e+02 8.692219187910993128e+01 -7.765500139255286172e+01 -3.831088283287841989e+01 5.935354178876360720e+01 1.883318370322028557e+01 -6.562433508710068963e+01 3.232193156099444309e+01 -9.568758404052421440e+01 -7.047039611218238520e+01 5.385631186925979819e+01
-4.445574657095279463e+02 -1.803587689399188321e+01 2.791082869870894001e+01 6.526429266229490622e+01 1.034998153795238807e+01 8.912933732657711516e+01 2.492922593720415136e+01 7.271611560788556972e+01 4.252678547495912653e+01 -2.748388668964913961e+01 9.373780675086521796e+01
-3.175546634823949717e+02 -2.564660336080663683e+00 2.749318007536669484e+01 -5.640246799820134527e+01 -1.704189401013691452e+01 3.234622187461806675e+01 -4.513724273853101465e+01 3.082102601817106802e+01 -4.474581329754985148e+01 1.875610938269234396e+01 3.762628496153942592e+01
-3.735698654244354202e+02 1.494024656945165930e+01 4.438179670548581157e+01 -9.294108209457583314e+01 -2.203829637661129937e-01 7.407457551613356372e+01 1.894729494848579066e+01 8.506219097467891288e+01 -7.406414684916703095e+01 -7.842126019218918032e+01 -1.005972738067903549e+01
3.630676919920928469e+01 -7.945915370708684122e+01 2.290701744211469304e+01 -6.394360204461433739e+01 9.698149387821010237e+01 3.157979371605506458e+01 3.146510654076166702e+01 -5.817008793908158282e+00 6.899816446375652390e+00 7.284295985255056394e+00 7.352804245245332027e+01
5.051341898271506352e+02 -1.628439598684067846e+00 3.648350135504691139e+01 -7.629173510994735352e+01 3.358008834566635414e+01 8.033229276036598776e+01 8.578812144446720822e+01 7.469323556878657655e+01 8.130694725328021377e+01 1.666994263902834916e+01 6.420532759080597884e+01
-7.301617549655410357e+02 5.245019887270541403e+01 6.577732039180062884e+01 3.517118847521572889e+01 -2.708884547642385598e+01 2.151600271407312448e+01 -5.036783326141107864e+01 -9.275173691758931227e+01 -9.665105864022771698e+01 -4.283092496617260281e+01 -7.234402503954473218e+01
1.667304794041858997e+02 -7.302657541922650353e+01 -9.273701707176694242e+01 -7.319161315982698568e+01 -4.293266523205463159e+01 6.424157547492811204e+01 -8.395516480170030604e+01 -9.200370345838454966e+01 -4.060456652018469015e+01 3.818938783166987605e+01 -1.363969809118847820e+01
2.846699916425326364e+02 8.054272565557749886e+01 -4.390928665272340226e+01 3.196854295876752872e+01 3.681581654928010039e-01 5.068317563323998343e+01 2.128073174056770256e+01 1.496012618371101155e+01 3.168449852070281736e+01 6.065944031619216048e+01 5.539550148204747870e+01
1.152256526113551445e+02 -6.231871344961172809e+01 -2.474107718656040333e+01 1.198003835332204403e+01 -9.769498613676739751e+01 -7.831036721494115227e+00 -3.824160907290701061e+01 8.457075936148544315e+01 -8.835614093933527613e+01 8.533972352774799219e+01 -9.049202312754354693e+01
-4.650436967443459935e+02 -8.617591239005413684e+01 -9.876847938319019704e+01 5.931767220418538500e+01 -9.685280587219236281e+01 1.165985706078176065e+01 -9.065372689183639920e+01 -9.696369270565332954e+01 -7.454127653298297673e+01 1.027310778244678602e+01 8.856474354320661746e+01
-1.005306897575502774e+02 6.689772267007094797e+01 -8.387291269120461834e+01 4.202534127512262785e+01 -6.116878920979820577e+01 -2.665005430519529739e+01 -6.014891764438237232e+01 -4.036294354620733316e+01 -3.759424923161707000e+01 -3.804164358024893033e+01 -7.315418978233211078e+01
-9.643073442849088224e+02 -7.686421692589703980e+01 8.278954307837676652e+01 3.907098924533676154e+01 6.746319327019691059e+01 6.410927451932718668e+01 -9.695393638439375650e+01 2.176732075795055721e+01 -6.071101495397302017e+01 5.701400412068159085e+01 8.839837081007772213e+00
6.397450679364984580e+02 -3.109564678926064119e+01 -4.894531835534549913e+01 7.365803121533718922e+01 7.404477642864634390e+01 7.199775251322944314e+01 8.124421715525642185e+01 4.577410312279610594e+00 1.805608025822611751e+01 9.421300885882172338e+01 -2.100302815570856296e+01
5.029095975968922971e+02 7.609289951912032279e+01 3.042425320827967994e+01 -4.441336560614710294e+01 -3.606378537893417757e+01 -9.381631578253323767e+01 6.698461987238735560e+01 3.218559198434675750e+01 -6.524897212114896661e+01 1.625332975185813211e+01 -6.204228847174834982e+01
-2.186248159290425122e+02 3.762853989365223129e+01 6.529461543297148296e+01 -9.337860379949415801e+01 8.625311784271252691e+01 3.004149680636444941e+01 -1.874585542551490391e+01 2.583738149561676778e+01 7.427647242808092187e+01 -2.205986481630073115e+01 9.293275860340543204e+01
-2.083359725371665263e+02 7.371243772875911304e+01 -4.341766292077437583e+00 4.565247340126560971e+00 -6.772930092105266908e+01 2.773896842448138500e+01 -4.553809732121891329e+00 5.483956308405007007e+01 -5.711800234329480475e+01 7.433885903906946169e+01 9.065500002283820891e+01
-4.070219898299036458e+02 7.857552285112808477e+01 -2.008260811991019068e+01 3.509410587666050674e+01 -1.648389512762406639e+01 -2.849744864308436831e+01 -5.817111287491876226e+01 4.413786123628392488e+01 -9.564835083481068523e+01 6.700407160256918360e+01 1.169598195532381624e+01
1.257066067562171696e+01 4.959221740675590695e+01 -2.466055690828206082e+01 2.667182400184537983e+01 5.677620409726230832e+01 2.101564358712455771e+01 -1.761440331023733563e+01 -8.806381861785041565e+01 5.805788860440125632e+01 -2.170028952548557299e+01 -2.794914489693589132e+01
5.090095678005781110e+00 2.674999560162653722e+01 -5.706718903140313159e+00 -4.111453805157781005e+01 -5.693553848991268751e+01 4.629776157094730138e+01 3.306974348101320516e+01 1.113777423557071700e+01 -8.378249635876343859e+01 4.205294096082016608e+01 9.944094064994226301e+01
-1.874348063835348626e+02 -9.235574194589929675e+00 -3.497035934648366151e+00 3.563485928707535777e+01 -9.839585299757409587e+01 7.584816161586417138e+01 -3.664769520284589532e+01 3.788523224989774008e+00 8.808316589952269737e+00 2.826219814178509182e+01 -2.532942662908396869e+01
-5.657956176547212408e+02 -2.920780849935987078e+01 3.639935071428084257e+01 -3.755866392644353624e+01 -8.067912963585101238e+01 3.350544508674371968e+01 -8.342333921864364754e+01 6.502263741255913487e+01 7.325624951050312461e+01 -8.645276358290684016e+01 2.801103015846447875e+01
-4.276151477736861750e+01 9.240588635275096863e+01 -7.510968812745110768e+01 -1.931951029705886924e+01 1.349720720050981981e-01 5.015950153938493372e+01 -3.502288007098999856e+01 9.016141754101940364e+01 9.768017927192721572e+01 -7.957571715024036507e+01 7.073465235329555867e+01
-2.721399780455401469e+02 -9.452020540818013217e+01 -4.994227260151730974e+01 8.270454523488382392e+00 7.353508096086287082e+00 7.783516602644672844e+01 -7.553961898407325748e+01 -6.995723605553065738e+01 -1.003949371719612316e+01 2.082344420148913855e+00 -3.959840739695182066e+01
6.164121241442270502e+02 -1.932697906660123977e+01 4.187763299276161888e+01 -3.543223818618166376e+01 6.405366984301400635e+01 -5.265301541477016656e+01 3.866329160059481751e+01 -8.605485640375448497e+00 2.415876924633859346e+01 5.623038331144752533e+01 -9.315241603373587509e+01
-1.043197769395028160e+02 4.372456725535977284e+01 9.066794517638726347e+00 -3.939691758853744830e+01 6.873562205093793409e+01 -2.302802725140800533e+01 -9.003878570238079249e+01 -2.071102508817088506e+01 8.426785769496763123e+01 -5.925204422864922549e+01 -9.942536245864445732e+01
4.345759052841617631e+02 1.920634476010543779e+01 -2.643964389122163539e+01 -1.643027389422655915e+00 -9.815152749607203475e+01 -3.330952916697185628e+00 5.282355834071120171e+01 -4.863007405055071075e+01 -6.782519822497178552e+00 -3.923474384144134319e+01 -1.601194261423488285e+01
-3.477264979959963966e+02 -9.526558761598764136e+01 -3.635451786091479676e+00 6.788268232737726748e+01 -1.969730358319314689e+01 -8.301012266111165161e+01 -3.833885382770360906e+01 9.024764387653553399e+01 -1.520811611660610652e+01 -4.058580153008093561e+01 -4.160463929959088603e+01
1.788394424793363555e+02 7.696581529349342077e+01 3.130396148082951413e+01 4.862561209633074100e+01 -2.637841114873616277e+01 2.554037617004880190e+01 -1.310132159411938346e+01 5.717726502378357623e+01 9.616422021456341440e+01 6.443953353096520686e+01 -6.838131573176369216e+01
-2.696038307139490371e+02 -3.790770808813099535e+01 9.764137363413658477e+01 9.208648855729242655e+01 9.352409306752679186e+01 7.779892841065790776e+01 6.203606095400456866e+01 8.341907130474041310e+01 2.903751500153484244e+01 5.693901418919355706e+01 3.930399604907782418e+01
3.507800271948175350e+02 -9.531816626034995465e+00 -5.594477415867213921e+01 3.972058017051270440e+01 -6.906064734007327388e+01 1.131253204158699077e+01 4.160227982381624656e+01 -4.949108461512312829e+01 4.223967650023121223e+01 -7.569922967299925176e+01 -6.309548772769942104e+01
1.762268653582255808e+02 1.548697317455500411e+01 -3.208728405130911199e+01 -3.536769207709009777e+01 -5.835217368362064860e+01 5.789130291885001611e+01 7.005895116090005104e+01 9.029199291811283956e+01 -3.885262207838131587e+01 -7.528372360555252385e+01 -1.604758077437567465e+01
3.448774216757000204e+02 -2.102714482948371710e+01 -1.958950623238584399e+01 -4.734310202157152503e+01 -9.231239777010205216e+01 1.951986555359404463e+01 -7.251310140397779946e+01 8.534445986191187217e+01 8.628814762476213218e+01 7.269938434737190391e+01 -5.442706721939447334e+01
-5.249913052667432822e+01 8.840163258777761257e+01 3.873160270554890872e+00 -6.248489374087740345e+01 -8.538333398114646400e+01 -8.484837375230979717e+01 -5.335156667953400245e+01 -3.491915128121429746e+01 3.129710733126319155e+01 1.234583770397937030e+01 9.796782394344160139e+01
4.378196093497636099e+01 -8.532311354965480632e+01 -6.149346185644988338e+01 2.678256858059194201e+01 4.235179487982253477e+01 8.441525056840731622e+01 5.409176520696462376e+01 5.830557961440263171e+01 -9.068497956973970986e-01 -8.214289969502841871e+01 -1.967138338312797430e+01
1.446116095533260193e+02 4.996743537691878601e+01 1.399826482831163332e+01 3.094867577639553247e+01 1.056164734444337228e+00 -3.588478013382427889e-01 6.023820826874776913e+01 8.810174009170032150e+01 5.725728773454179077e+01 -5.585626904777338808e+01 -9.677370409876289159e+00
1.691882535874730706e+02 -1.384716266771597759e+01 -4.220433426969290025e+01 -2.815517555474089306e+01 5.034256464470647074e+01 5.556528206105767254e+01 7.851829023320988199e+01 -4.257900088701109809e+01 -9.440336256941144200e+01 -9.212714824300429939e+01 -8.167959712730043975e+01
9.646093423004678016e+02 9.122275587434955924e+01 -9.560758110425521750e+01 -3.889039319540792405e+01 5.907195633755588915e+01 -8.357921922802017889e+01 4.900441644277267983e+01 -3.850227857567820422e+01 7.216737073950270087e+01 5.474365374589970656e+01 4.162765751471192743e+01
-3.713566493157271111e+02 -2.290791012339283839e+00 4.517120478970139175e+01 9.091260127800759960e+01 8.386520801538802061e+01 -6.751603461361543168e+01 4.359468916977291997e+00 2.474185935824975502e+01 -4.696567622753899940e+01 5.678223783648209633e+01 1.895308654060217179e+01
-4.997929869603670454e+02 9.572125925774491861e+01 8.878046018222067914e+01 8.884129683002242928e+01 -4.743187158422141891e+01 -3.602211277983253979e+01 6.777356648118038152e+01 7.978639610849700148e+01 -9.088147172708222854e+01 -4.252559416806344927e+01 2.200247760006021736e+01
-6.208231944807911162e+01 -5.705462097123772480e+01 6.416204198771097822e+00 -7.593115440559559204e+01 9.822909662655422380e+01 2.540551536293284585e+01 2.122770407165978668e+01 -1.694388592324467879e+01 -1.147842081122789182e+01 -5.699840749533260009e+01 1.486016644761554062e+01
-6.560410698205056406e+02 -5.806301810979989853e+01 5.730200227190334772e+01 2.167928869090516741e+00 1.408877976840287261e+00 9.308654102277859010e+01 -4.611410664736346376e+01 8.696053932941856601e+01 -3.109481165024594418e+01 -3.745209250001167334e+00 -2.785760774523534167e+01
-4.879910708851347323e+01 3.127874002100148232e+01 -2.762198723100364361e+01 2.611756066941713073e+01 1.678984420924378185e+01 2.709479699659583218e+01 4.476907253031620826e+01 5.045141459374045212e+01 -7.716366362923092481e+01 -3.125807805703489350e+01 -2.738050066680716554e+01
7.164710262897699522e+01 -6.517339305796539861e+01 -4.585252582539807520e+01 5.100206572684052730e+01 8.771030089716043676e+01 -3.539493133865552466e+01 -3.148850894928372668e+00 1.257697749160675471e+01 -1.059307714002153489e+01 3.082742531998653135e+01 -3.436428914501978227e+01
1.047996337991298788e+02 -2.572123417036877413e+01 1.679912747397196426e-01 8.364074867015332870e+00 -6.231345972395754274e+01 9.985045513930947436e+01 8.632476873899659608e+01 -5.544890337132950719e+01 -7.248562798800193718e+00 -6.423563658294695244e+01 1.758237529932138443e+01
3.025119438230119613e+02 7.205014345315899504e+01 -3.655164273854884982e+01 -7.529126041057111252e+01 -9.544735827101477810e+01 2.011181794388718913e+01 -1.277854363536388860e+01 -5.416630114773581539e+01 6.433018797038673142e+01 -5.589764098184308949e+01 6.752904633426476266e+01
4.700646189837766542e+02 -8.500426293593881155e+01 -2.455634353013260807e+01 -8.856137844720080921e+00 7.119938470465234559e+01 8.340271849495982792e+01 1.103345255327410257e+01 -7.391872470946078977e+01 7.762918978499880041e+01 6.028401934374443272e+01 -6.358137259216047710e+01
9.975046834679916401e+02 -1.592795223140161909e+01 -6.428399840606502380e+01 -4.087955037069712461e+01 -3.706641229588328201e+00 7.299687104561098749e+01 5.320027703206460501e+01 -4.963982086272820027e+01 9.443310678587837970e+01 8.365856938958836508e+01 -8.485022285958109478e+00
-6.083775884475088560e+02 -5.964179137282820875e+01 -6.683479852502667029e+01 8.173803389522197449e+01 -3.315576569765707404e+01 9.567517542654417184e+01 -6.648749253796732717e+01 -5.421493584273444810e+01 -4.868443396768227416e+01 1.919002259761886364e+01 8.452901640595976573e+01
-6.369671164083750909e+02 8.340925358730117978e+01 6.477752150792483121e+01 3.648416655079932980e+01 4.459735523938829260e+01 -7.082278488451265730e-01 -1.594561775608929111e+01 -8.863128220639345045e+01 -6.318267042747929452e+01 -5.849433159681424854e+00 7.653602548000802130e+01
-3.703499255866889825e+02 -3.254710405661553807e+01 9.972046813706688795e+01 5.965101075785500484e+01 3.211409302653515851e+01 -8.114321024932766591e+01 -3.577328033749276415e+01 8.388906666250227318e+01 8.242593179224718369e+01 -3.059153675792728677e+00 2.858436011103543706e+01
-4.460234334004897505e+02 -1.044909643135385124e+01 3.237271846747268000e+01 -7.101805757052675006e+01 -7.874240984407900612e+01 -7.310734838733921492e+00 -6.191827829682659257e+01 4.811828673469327100e+01 5.295068690449113546e+00 -8.701164336113185982e+01 -2.708989267092377418e+00
-1.357582439179350899e+02 -7.203069281031415017e+01 -2.958088848682265848e+00 -7.362560839045357852e+00 4.241078228496698443e+01 7.495468000725199431e+01 8.605121099895330872e+01 5.344250861754991888e+01 -8.404247642970443621e+01 -5.247939217608794849e+01 1.419173611963574899e+01
3.366036617925312271e+02 -4.833196894346658468e+01 8.015494104697165767e+01 -3.271677978314713187e+00 7.595309156360076486e+01 8.668013352533310467e+01 6.771219057846508349e+01 2.451862607128771288e+01 9.304818719001599447e+01 7.103229328149797084e+01 -4.325461319220198675e+01
-1.204428400967750804e+03 3.841792653058212181e+01 2.070622906542457997e+01 7.539404747636748994e+01 9.813743390100330544e+01 5.342496045609055955e+01 -3.820961338196853063e+01 7.283234215738809780e+01 -8.729276401988741441e+01 -7.386981987655998694e+01 -2.049615841466764721e+01
5.850678426676370236e+02 -2.090425876818883921e+01 4.871711292109870328e+01 -4.467728215227519684e+01 -3.917424631346057851e+01 -9.898727896063877552e+01 7.681128322563625943e+01 5.231172509641459101e+01 -3.167607365424147758e+01 5.955100069667687990e+01 2.410832473330202674e+00
2.815039677703624079e+02 -8.687343793960442895e+01 6.019256383016863765e+01 -2.124924322544134725e+01 -6.081746455606016610e+01 3.411154979593723624e+01 6.558505025341540318e+01 3.560080056003738491e+01 9.248469902251449071e+01 -9.617431917806598562e+01 -8.177734260153479795e+01
-4.841196037448428342e+02 -4.799447018277509613e+01 -8.947538376590892994e+01 8.950328102443782541e+01 3.174894388081611396e+00 5.372832429815261435e+00 4.503958255514149300e+00 7.288641777307887537e+01 -7.734835968500874515e+01 -9.837933408938972946e+01 -3.143797052826766958e+01
-6.015093828108199432e+02 -4.723642564026557977e+01 9.748255837942724611e+01 2.448630842796275431e+01 9.218940099940996902e+01 5.499308734347286531e+01 4.542361773282399895e+01 1.802371148500985498e+01 1.662008981279927866e+01 -9.382629215471085615e+01 6.055178246083539761e+01
-2.838404184274826321e+02 -7.390348363879294880e+01 -5.431965953196836949e+00 2.712090307703134329e+01 8.336227776616658502e+01 -4.140780443635432562e+01 -3.057945603167185311e+01 -5.187326184496441783e+00 3.031391968047148566e+01 -1.518361132117040313e+01 5.260403584433385049e+01
7.483646538752495303e+01 -9.359939172868460844e+01 -9.805438045642343070e+01 -4.631396549799089257e+01 4.942626570697535726e+01 3.252310908145418011e+01 -4.459192362544055754e+01 -7.286592968545187432e+01 1.136601945935862545e+01 -8.828428281800680111e+01 -7.130811852562737840e+01
1.012025922870415229e+03 5.446046135407286215e+01 -4.615447760178461323e+01 -2.895146955544767309e+01 -6.265195116219224047e+01 -1.176790495319266938e+00 9.777890702266077483e+01 -6.113332405562599092e+01 2.016844308333122626e+01 2.883378555671140475e+01 -6.003022870438277181e+01
-5.380112534840400258e+02 -5.896074952089605148e+01 9.765396425174475326e+01 4.227760384725357312e+01 2.131308816217951119e+01 8.743076119099160337e+01 5.579544302197251682e+01 -3.304132736431665762e+01 -8.835448834339263158e+01 -1.125855502337076075e+01 -1.404921679633616804e+00
4.094005761091818840e+02 -7.524225053092916937e+01 -1.491438148772958527e+01 9.858017687043187038e+01 -5.053005678147430757e+01 6.551845519809847929e+01 8.241080817787891988e+01 8.170210512327543029e+01 5.026231518423506373e+01 8.841661347404277649e+01 3.870707682325075893e+01
-9.531800286199318180e+02 -9.040885237128154017e+01 6.238113781004761904e+01 8.426725286747782206e+01 1.262304316915852098e+01 -5.047933071955270634e+01 -6.805719914494920886e+01 7.054686666921043070e+01 -6.797941264201668332e+01 9.217808411703518345e+01 8.390476985998708415e+01
-4.982722371394673928e+02 -1.708329942440327898e+01 2.458951443921418445e+01 -9.366358673527301448e+01 8.449586219107570173e+01 4.736623252461939160e+01 -2.720331326352685153e+01 -3.362092736107879887e+01 -3.751054133987510397e+01 -5.371192429852567329e+01 8.429887915777933927e+01
1.645429269517492514e+02 2.596515513219902971e+01 7.731513529543897789e+01 3.715172237570951097e+01 5.746409677295403640e+01 -3.981593758210308920e+01 2.803171971348115221e+01 -7.395403649604273255e+01 8.207875355331557898e+01 3.032084554802599996e+01 1.831602373861088040e+01
2.246597675340609612e+00 3.330298701708474596e+01 8.188409043759398287e+01 -8.118997161876214363e+01 5.537406413905679869e+01 -4.566913368637737136e+01 -2.334618883379306453e+00 -3.086180309837601499e+00 6.452980345792158801e+01 -3.945506690447324871e+01 4.196462784826979941e+01
-2.412924927520279539e+00 5.216471962542908614e+01 8.061499261481495182e+01 -9.294422150302933971e+01 8.836853190414748838e+01 9.720089387171418593e+01 4.718383495796038574e+01 -7.030742951292626230e+01 -7.729711375945541363e+01 -5.334796124229583825e+01 -7.943314989468331078e+01
6.342817387534980611e+01 -2.348130506784782767e+01 -2.140719358785992199e+01 -9.497018174151676817e+00 6.519723307064197115e+01 6.028100754401691574e+01 9.044245373762956319e+01 9.518318652429286431e+01 -5.488651457447624438e+01 -2.560388957209539740e+00 7.643403904403979254e+01
3.381264169700941693e+02 8.176848703006663754e+01 9.734875503305886468e+01 -6.828467710403356250e+01 -7.531651088062656640e+01 2.204203358689842673e+01 3.677985463624906970e+00 7.601300543663626286e+01 7.380224188866563395e+01 8.189992071682070218e+01 2.096294306371500227e+01
-1.742341402450065857e+02 6.357111690887245459e+01 5.913765436383570773e+01 4.972218435649128310e+01 -9.953749277276359919e+01 -5.593513671639293960e+01 -4.399647922054796823e+01 9.301290907547047482e+01 -2.874543443740606108e+00 2.778214510154508332e+01 -9.405286432754316195e+01
-9.086006996979974701e+02 8.002772230969111433e+01 -2.170116532001853216e+01 7.381502527269444158e+01 7.857607221931138497e+01 -9.749935798216462501e+01 -8.255582458436312265e+01 -3.274695150775795582e+01 -7.760921082355092437e+01 -7.423482726258912123e+01 6.158864812987783921e+01
-1.593864057929532692e+02 -2.655919385218426498e+01 -9.797551633753451483e+01 7.629489664061171084e+01 1.904835549703867059e+01 5.514806613059781171e+01 -8.063149130324237035e+01 -7.589497424411781878e+01 5.247847319703606672e+01 -2.235869718949727769e+01 -3.359610518248075550e+01
-4.449347932611402001e+01 9.092891988959451055e+01 9.800774875061287617e+01 7.196151765331464389e+00 -2.979033004655431682e+01 7.996986321475009163e+01 2.841429274166250707e+01 -1.474426590807480864e+01 9.470168841683582173e+01 -1.718779163201955384e+01 4.718309514750558264e+01
-4.657104346239715937e+02 -1.733773461907600222e+01 -5.902836994395244119e+00 4.197153892178278056e+01 9.850589141723907005e+01 -6.644789110679343480e+01 -3.434566412795328461e+01 -5.817762145143823460e+01 -9.094150297342818590e+01 -3.730453812369825073e+01 1.136538733687659430e+01
2.494611010552484345e+02 1.454129343574865629e+01 8.778276508512914234e+01 -8.924357948780811967e+01 2.875465334903663006e+01 -6.988903311563603893e+00 4.138762948707861256e+01 4.263469119170116528e+01 1.098045417912402399e+00 -3.954766672355545154e+01 -8.186841233353865732e+01
2.344757184309486320e+02 -8.865333900629970287e+01 -7.657980615185373097e+01 9.737371778768613240e+01 -6.914799312955236132e+01 2.646771066778612180e+01 3.844155757301385279e+01 -3.500964595324688844e+01 -7.159287948832684378e-01 4.828734457181258222e+01 4.910083441430390394e+01
1.352763204461759301e+02 1.690407282135902278e+01 -6.767474589058006984e+01 -6.640860310018545931e+01 6.548029363951010851e+01 -6.254748583880098778e+01 2.105053788838462481e+01 7.611051885148293650e+01 -2.377506205127417616e+01 -4.753741424581902919e+01 2.261616666468708559e+01
-5.050072671620572606e+01 9.378003311177235446e+01 4.188370117389212055e+01 2.261759295582177742e+01 -3.846381971679964096e+01 1.522648077040491899e+01 2.032889980562195831e+01 -5.013788029339223584e+01 -8.796670162270018523e+00 8.742560095895217387e+01 9.279701808536697172e+01
-3.146397131969318934e+02 7.071505576303803764e+01 -3.085979755698515703e+01 -3.659553769638510801e+01 8.988033598557200321e+01 -8.678319151862297076e-01 -4.578409808791008828e+01 6.969227636226946743e-01 -6.594547345419925932e+00 -9.882686936088973084e+01 -7.696455803526637851e+01
2.312576428783108611e+02 8.898171921507841375e+01 -1.649304992107691703e+01 -8.154867414452333207e+01 8.300662863943898628e+01 5.465193049918082124e+01 3.349544142488829834e+01 -5.709865200529160489e+01 -1.974723728085425023e+01 8.855198727681710125e-01 2.373280195238514523e+01
-7.427870793339913007e+02 5.836224912885060689e+01 -1.912674375169515883e+00 1.402170947472163220e+01 7.975293741061889818e+01 8.617743610135519816e+00 -8.006590650038106105e+01 2.802194605997155463e+01 -6.648716229319177273e+01 -9.816425926041807770e+01 -3.341964119828718083e+01
9.603138342452729148e+01 -6.085194087663221296e+01 -4.116080785280742305e+01 -5.560512334155498593e+01 2.918456866875848732e+01 -5.245027850242376388e+01 -4.519659183383751611e+00 9.117047669446563418e+00 2.466919823725474714e+01 -6.758963210706534142e+01 3.822631359745835766e+01
-5.090840785836124383e+01 -9.738354908569661461e+01 -4.816695650450128596e+00 6.380326196156394758e+01 -1.566808566109794754e+01 -1.289448996471674036e+01 4.295439977644306850e+01 -9.556517881139143356e+00 -5.371739928662280050e+01 1.741178795417626191e+01 1.091332584238571712e+01
4.170283135343588583e+02 8.397196610694490460e+01 -7.575055998592105766e+01 2.359710491479431482e+01 9.787009369978287054e+01 2.935047001488999285e+01 9.009297329145272215e+01 -1.729875956809911486e+01 -3.216293243889229814e+01 -3.352570960696348834e+01 -6.913028584077110850e+01
-4.624271104743586989e+02 6.211667183254499491e+01 -6.383853426901580974e+00 6.508210447348275807e+01 4.886811017494940756e+01 3.868154701674143325e+01 -8.554213737437079601e+01 -3.620091091595589461e+01 9.743457888378296161e+01 1.580583751537733406e+01 9.563348507881249816e+01
3.284696727556980704e+02 4.369134503565729233e+01 -7.742816082420293355e+01 8.410494539544498593e+01 -9.455635627679654931e+00 5.679218207021031617e+01 9.165791536427835240e+01 5.338561765238935664e+01 7.934501019654140919e+01 -2.439491540657887469e+01 9.681455035930204645e+01
3.104075857123773972e+02 1.151037289357026339e+01 5.141135537170302428e+01 -9.096981097640038172e+01 5.210268886872452754e+01 -2.935566430197809495e+00 9.068753744748491386e+01 8.962234156573458677e+01 -3.153914028588616247e+00 2.771151141119783290e+01 6.589990271040994685e+01
-1.800032943974067621e+02 7.631213761605383183e+01 1.727233962172618931e+01 8.545140148557527482e+01 -9.304542465660321682e+01 9.979763591773303233e+01 2.341743897483696912e+01 4.909327987542872052e+01 4.353863152055600949e+01 -4.778845518421228888e+01 -1.746152160385877039e+01
-7.045997291475659949e+02 9.610474805104485085e+01 3.916756485751585615e+01 -2.298555766861400684e+01 9.115484197706635427e+01 -9.442606868645428619e+01 -6.193932766137231027e+01 -4.770326438135052882e+01 -7.808325580572167723e+01 -7.752567015879350265e+01 -2.706517887800913513e+00
2.672520912502490660e+02 -4.115781739582835286e+01 -3.123546092791782769e+01 -7.222839299360244070e+01 1.643243369181351454e+01 1.789312803143323549e+01 -6.707812204272632073e+01 -4.572250362638064303e+01 8.183000617822997924e+01 6.203329638610583174e+01 2.108029448873274703e+01
6.328788063769477503e+02 2.911554727032000756e+01 -2.480963048851796771e+01 -4.984026224455362097e+01 -6.304128317499013434e+01 -3.391701267530606856e+00 3.643203505620996907e+01 4.316452421318626875e+01 3.342528208902558617e+01 -3.451653373108867129e+01 -6.208780570425604850e+01
-4.352921427648537360e+02 7.919608109145576691e+01 -9.202297859494250076e+01 9.007205064999169508e+01 1.467694768460864907e+01 1.903446211347244343e+01 2.549391399811371173e+01 4.824895743182833030e+01 -9.737172404141291793e+01 -6.681599774446387130e+01 2.969295606198804194e+01
-8.713232738624436706e+02 1.117584589682816443e+01 4.146274826763044530e+01 7.074853312879957912e+01 -1.928442264682159646e+01 -7.152642026806790909e+01 -5.847878358592360115e+01 3.167105074543769661e+01 -6.689975507746264327e+01 -6.171262422096967981e+01 2.249087020982413776e+01
-6.141062311489458381e+01 1.930434573213071303e+01 2.071875884337870843e+01 5.750795740699734893e+01 -1.690826422810553709e+01 -6.015680380094525503e+01 6.012771672089922959e+01 -6.778916178441940588e+01 6.038681931543891324e+00 -5.160346593910178825e+01 6.652807726247220899e+01
-6.838272546013057251e+01 -9.172391256815529914e+00 -2.211350442497877111e+01 5.771442019248834754e+01 -1.302271166903446442e+01 1.158331610222802510e+00 -5.220776310790762409e+01 8.131528149379673209e+01 -3.386035583836076057e+00 6.299692175091257695e+01 -9.860211234478724407e+01
6.941106131632045617e+01 -1.539789020785838147e+01 -2.485276317586023254e+01 4.033533137572877081e+01 7.378892636631499613e+01 -6.760911234717544005e+01 5.436507088953726452e+01 6.356416432722221543e+01 1.910687492615785743e+01 -5.567728131237561229e+01 1.486705922693099069e+01
-2.988967618627647482e+01 -6.132267873986953788e+01 -9.760708057625436140e+01 7.260144236973701481e+00 3.518007063683907631e+01 -4.644443937982456561e+01 -3.089049907043919063e+01 1.708656809346761918e+01 3.905880291923384107e+01 -3.437043396453702826e+00 6.737787117719727803e+01
-2.758109049867685485e+02 -1.390821523425617556e+01 -3.018619702101202051e+01 -5.812674809701252343e+01 1.910310505489086097e+01 -6.586631283535997738e+01 -3.422661290243252097e+01 9.512505722912064243e+01 -7.023024855913675424e+01 -6.010299514838894908e+01 -7.335001492888170560e+01
3.451103630525997801e+02 5.515158188452173249e+01 -5.178360776551955524e+01 -2.382505779369678578e+01 3.161222654970976009e+01 -3.713115133907172094e+01 4.440108820586206662e+01 3.637449760612466321e+01 -2.064656157487547716e+01 -1.500125001128370172e+01 -2.215063307318456509e+01
-4.905337714617775191e+02 -1.589138885596756268e+01 4.725344457852077085e+01 2.609234326310476604e+01 2.265888124723780095e+01 6.311158309429839619e+01 -6.010298504672917375e+00 4.733258699921313450e+01 1.655381603457173867e+01 -6.854902292143356135e+01 2.752384007579513536e+01
-4.610458060283910982e+02 3.064800642383690388e+01 7.150395099587828440e+01 -2.345398851662450568e+01 -5.695253628491821019e+01 -9.210707064731550986e+00 -6.361888660256553862e+00 3.052918651844558440e+01 -9.735577023490431259e+01 -3.689658105208933137e+01 1.848644518119613167e+00
-8.093702101740859689e+02 3.186735736416048326e+01 -1.703314191635124075e+01 2.017985337619452935e+01 -1.068013726520275952e+01 -2.874173892559861088e+01 -9.998326508347568620e+01 -4.959956654637698392e+01 -3.834280904483679819e+01 -8.323181985273035366e+01 1.338991472900849544e+01
-1.474375054664603795e+02 8.809706831886597911e+01 -8.677519244086155936e+01 -6.488870235709302392e+01 3.613980485676304966e+01 5.542735076897892554e+01 -6.935949227187336419e+01 5.840680456763573147e+01 -7.867580501793007386e+01 5.768595366013715875e+01 -1.754152116004250672e+01
-1.227839338774955991e+00 2.412782892595726025e+01 5.326098601239763752e+00 -4.603447409748169150e+01 -2.679911600496664903e+01 -5.703231367361247806e+01 -6.659162983187340501e+01 2.930609110174785314e+01 6.235063832578936172e+01 -8.235335057817907511e+01 -6.254795404132369185e+01
-5.456911939050166893e+02 -3.417081638785029440e+01 4.215711555784235998e+01 -8.700151795751176564e+01 -9.048953453727600049e+01 4.761767030572110571e+01 -4.161887179407555237e+01 -2.504934411233547564e+01 -2.746384371323730988e+01 -7.929523845672889593e+01 9.466611592649954332e+01
-2.290975700890778342e+02 9.255189118377461455e+01 -1.431977221859258975e+01 6.822819745415776538e+01 -9.056516475307236647e+01 -9.947814343752195043e+01 3.039024978399106658e+01 -3.038677897580748777e+01 -7.736583573442172224e+01 -5.304889803507202117e+01 6.854468939243588466e+01
7.313526493864411577e+02 1.259306051063376231e+01 1.084443965698895340e+00 -8.683718192625305221e+01 -4.190613882647440391e+01 -1.650585219945033089e+01 2.264942786967225175e+00 -2.794011426333106840e+01 8.680943194959104403e+01 -1.265079034302999617e+00 -8.723005962022591575e+01
2.580430099558172969e+02 8.620891171655989638e+01 1.954996465830689090e+00 2.604330680191473846e+01 8.915016461631594780e+01 2.377179941331870339e+01 2.753286178009395258e+01 -5.069325431848659491e+01 -1.599067979227996261e+00 9.396628867248472261e+01 1.145106052102957506e+01
-2.204112616070154900e+02 6.519424185288207241e+01 8.441840067230367595e+01 -2.930528968969265691e+01 -3.028721450377642554e+01 1.127604773205173672e+01 6.443647800904273026e+01 -9.418719496223900478e+00 -8.931755989509527183e+01 -3.168296954828390710e+01 4.223360522601510070e+01
2.127116282087010006e+02 -2.655061223409815341e+01 3.306704421685165585e+01 -4.673048352305349340e+01 -2.980738438835304294e+01 -2.065798813032495218e+01 7.124669243563994314e+01 -9.527028128934674100e+01 3.585743107755970982e+01 -8.385693344908197844e+01 6.415772113399407317e+01
-3.031414146681985358e+02 6.149753461970539092e+01 8.206752730616520353e+01 5.802880674551923335e+01 -2.978855745889966045e+01 -6.681516171656234349e+01 4.983065334683135461e+01 -6.210332995756942154e+01 -5.732726336244342491e+01 -5.392935389040800231e+01 5.117955068390213569e+01
3.391170597771931057e+02 9.555624174029594542e+01 7.016359469543715477e+01 -8.153224361770823236e+01 7.263019859226270114e+01 -8.177057428749989754e+00 8.828654729203427109e+01 7.005912313324910201e+01 -6.267557858008559180e+01 4.281697670187364224e+01 -1.284587905421301457e+01
6.832450414064891220e+02 -5.286737652566368695e+01 5.158897635935480253e+01 -5.737509005976575338e+01 -6.359157702112872101e+01 1.483818383321148815e+01 9.912051480705036965e+01 5.478241747154152108e+01 1.262775693490402773e+01 3.790441183418278115e+01 4.289836672497798986e+00
-7.903719247544842119e+01 -2.719774521062178962e+01 1.828923083966198249e+01 -4.333268223724071788e+01 -9.944251680978538843e+00 3.192674552131791188e-01 3.639854078912219393e+01 -2.526372254434332376e+01 -9.121841328255273140e+01 -7.796300688635218989e+01 -4.132862933068888367e+01
-4.386854769452845630e+02 8.236959065628064991e+01 8.070469128374548973e+01 6.910585958240997684e+01 -3.671744712936131094e+01 4.773012747113597243e+00 -8.994074866153098924e+01 -5.271752641820701513e+01 3.303019922617806969e+01 1.483159547992320881e+01 -8.447595090162948850e+01
3.153665659581776595e+02 -7.818979834627266712e+01 -4.419567940114698956e+01 -8.953683298692804726e+01 2.402169307242967022e+01 -2.446173380108295703e+01 -5.392820825717517152e+01 3.775970260789932809e+00 4.154467358659590559e+01 4.929407885276052070e+01 -3.098999808975257508e+01
2.438274470211911762e+02 3.573021760433013583e+01 5.209970961445816329e+01 7.679446928300879449e+01 1.438803030015176887e+01 -8.331438990873621719e+01 9.049438463024904422e+01 -5.073761976886099490e+01 1.864852195754389186e+01 1.934683339010791769e+01 8.496538689148272283e+01
-7.032308819268391176e+01 -6.205554373924029221e+01 -3.128038502116991992e+01 5.327663442619842726e+01 3.116039210264085568e+01 -7.645384139259067524e+01 -2.799540283315909051e+01 -8.107800963890765900e+01 5.152106313928828740e+01 -7.532363916417722294e+00 5.022313848039874529e+01
-2.752384721365668838e+02 3.028760968437566703e+00 -8.456787962887992194e+01 -3.136618113640012950e+01 -2.744076553932923446e+01 6.568623244334887090e+00 -2.765414465781086051e+01 3.246177725218439036e+01 -7.748070087128915873e+01 -6.563316455207650790e+01 2.122820962591092098e+01
4.302147087514078407e+02 6.646812013476716174e+01 -9.898568578717066657e+01 -4.704216570668999964e+01 8.415364358164524106e+01 -6.846699521567163060e+01 2.811785028085924409e+01 -5.372610258383567583e+01 -8.201359747707586223e+01 3.404099597611343597e+01 2.747874636746480803e+01
-9.811485858299297433e+02 9.010687205630952690e+01 5.611385721220659661e+01 2.397057419054249294e+00 -4.681264500268993345e+01 -3.793987846585329748e+01 -9.492765009218781813e+01 1.624422799957334007e+01 -7.026597407071761836e+01 -6.061448743487709834e+01 7.633968924366865849e+01
-2.888777804677937979e+02 8.450137076091039035e+00 5.646630739580402292e+01 -6.844632935213843439e+01 -4.866367283761867668e+01 7.432693376492181869e+01 -9.933405071142686893e+01 -2.250387577502192471e+01 -2.128403326584411559e+01 7.025849440984222838e+01 -7.900254432954056938e+01
1.542623625044820983e+02 -6.424318773752352740e+01 -9.672685410431365938e+01 -6.053356318383895740e+01 8.123329198087924397e+01 4.686050787358450975e+01 -1.586464713418374117e+01 -2.442074196596033175e+01 4.966022433824269910e+01 -5.654719501661853087e+01 2.929271719725198864e+01
-3.802765340452722853e+02 -5.852497203028492834e+01 -1.557412501171590691e+01 9.084641676452457659e+01 8.925597899382358946e+01 -4.099346039022380239e+01 -8.808045762412302793e+01 6.970837106889669599e+01 9.198869220881388742e+01 -1.641768992720045617e+00 -7.051856606046106890e+01
3.470017253270572724e+02 4.169709805177294015e+01 -3.197494892185123661e+01 7.917911446005444986e+01 8.579862031125352928e+01 -1.166274654940502842e+01 8.325894296021482432e+01 -8.141876692792973813e+01 1.560673815342896376e+01 1.937386224200339768e+01 -5.788294589965637016e+01
4.336426572277989067e+02 6.071622584204999384e+01 7.630332815025920468e+01 1.455496276459152227e+01 -3.709004147987759836e+01 -7.066931886762191084e+00 2.579964613565120146e+01 7.398875720238868325e+01 6.882572676327680483e+01 8.447681535606619718e+01 -9.886655312698245268e+01
-3.762499754393905391e+02 9.658031443905267110e+01 8.218440621315477301e+01 8.553741210941146278e+01 4.893678679733659465e+01 -3.163123013774547587e+01 -4.968164675308985778e+01 2.617591673402100128e+01 1.929950679921694245e+01 3.008357648367351089e+01 -7.838549869522680069e+01
-5.091489378937508832e+02 -6.101826472074258589e+01 -1.528897041832169634e+01 -5.220359438337936808e+00 -1.537505035062609693e+01 4.943228607189084300e+01 -5.714901409489365847e+01 6.754841894830860838e+01 -4.292743664845583851e+01 -1.674476912510741045e+01 9.438739587015575694e+00
4.303343999825043511e+02 -4.734393015980253949e+01 5.199420181207457858e+01 5.269240822160651305e+01 2.500879560040122840e+01 1.286944320636489181e+01 7.755662231904094028e+01 5.010394102505895830e+01 9.851792201478119182e+01 2.366715201506173116e+01 -4.643908839751929207e+01
-9.924733197538060949e+02 -7.774982480002165630e+01 8.045808586881739188e+01 7.767707154844958950e+01 7.576400923973031354e+01 1.164149056262719739e+01 -6.399628906317171584e+01 6.027121607803346137e+01 6.423490979510276588e+00 -4.399363935015747984e+01 -1.208250456068135748e+01
-1.448495237990383373e+02 4.154003072192088553e+01 3.530527020095027524e+01 3.152390529351947634e+01 2.197810004503321579e+01 -1.578732789918011292e+01 -2.167742997765580526e+01 -5.657057246422747454e+01 8.665066042883026398e+01 -4.237060502455669564e+01 3.382773244366617860e+01
7.337831823560933344e+02 -4.576467579374676831e+01 -3.319811431546968095e+01 -8.272634780004759136e+01 4.267050685066166693e+00 4.955309641473039051e+01 6.380104712019831936e+01 4.047383070172881503e+01 6.388879604532527878e+01 8.879920816041538956e+01 7.645305233188975080e+01
-1.612212337417460617e+02 -5.444801567495341033e+01 -9.097409093157480697e+00 2.747951962945364812e+01 -3.912807078462618904e+01 9.279382784655751948e+01 -8.659674453961885376e+01 3.750931269933229828e+01 3.620620793108301427e+01 8.723753493780776580e+01 -3.487231762251714429e+01
-9.150020091892795904e+01 -9.820646797230057246e+01 9.475786724392276028e+01 -3.807145905363606886e+01 9.084936678214791073e+01 -9.099243764580660354e+01 5.911882478107250449e+01 5.606149563145640968e+01 2.626770754260314789e+01 -3.971807854081814781e+01 5.277026551971854929e+01
8.686505506910085614e+02 8.849709734385419324e+01 -3.295063414861489548e+01 -4.210357042570385033e+01 -7.571357737979920444e+01 8.929935011316237592e+01 4.664943756982023615e+01 7.859663766072065982e+01 7.996645623108889822e+01 5.194659060899061842e+01 -7.712936513989232878e+01
-5.929216759644632475e+02 -3.526256987716294589e+01 7.885210845400126800e+01 1.240675124637593285e+01 9.587533674608940260e+01 -7.936663777483076387e+00 2.324330903804603565e+01 -1.339088113259201407e+01 -5.749254569943806814e+01 -8.851462636425495134e+01 -1.161759109178606764e+01
-1.350853587740197952e+02 8.142563222325946981e+01 -8.671522590444062928e+01 4.743443588405739320e+01 -3.613893985498988570e+01 1.813462438505632690e+01 -7.636750709303161955e+01 5.436054333478830358e+01 7.329167835758264005e+01 -4.010143220470072833e+01 -5.132512781481677422e+01
-4.304308612318056930e+02 -7.562235458997992055e+01 -5.623179337079136531e+00 -1.174486842215578974e+01 5.016615012094143822e+01 -1.738337349500511664e+00 -2.717319104645549999e+01 2.501518338677037434e+01 -2.466847641661686907e+01 -4.564019541819603631e+01 1.783877094737727020e+01
-8.515996620411971207e+01 -8.033638133871946252e+01 5.661817240035585996e+01 9.991373329581017515e+01 4.611450988048716226e+01 2.413717769395162804e+01 9.184996855550960504e+01 2.431078227037397710e+01 -8.980714347759391103e+01 8.548641727927522993e+01 9.495969971527955522e+00
2.680901060907357305e+02 5.999874166491227356e+01 -3.685873743093542032e+01 3.203532202288255348e+01 -2.592698760882153408e+01 -4.937662080874385140e+01 6.707509606577417571e-01 6.844164425767601756e+01 1.242835449225179900e+01 7.366629306996742343e+01 -4.940599615756069340e+01
-4.660041875752077090e+01 -5.893410381627575134e+01 -8.058872070920639885e+01 9.199825401241707823e+01 8.620769317965525147e+01 -7.395887740471331995e+01 -7.063900217406580850e+01 -3.379113064595529181e+01 7.110320642153467929e+01 -4.134338730470141599e+01 -5.913038273058768368e+01
1.995559533149434230e+02 4.821793991261384349e+01 -8.186183009583669445e+01 8.237981457894892401e+01 9.948316573004223073e+01 -8.055325094857934687e+00 8.681332323284814834e+01 -9.005798456325399570e+01 -9.175516746796479595e+01 1.915163415588487794e+01 4.825030500029748737e+01
-1.283931835724694963e+02 2.364329950436838601e+01 -4.969104154424543651e+01 -9.476112124186487051e+01 -6.092144138915196550e+01 3.092312878483417649e+01 -7.076551047029933272e+01 4.206135050089972083e+01 3.483882452304357003e+00 4.700088443902353674e+01 8.998760745376338832e+01
2.198029057493492360e+02 9.356572571229432356e+01 -3.256465473960763291e+01 3.284798855530945616e+01 7.791813698455766257e+01 8.000278657888981115e+01 6.898261153546201285e+01 -2.679487073882131654e+01 1.541797237433723922e+01 -6.128772772887182896e+01 -3.066140233208143684e+01
5.928132778522535773e+02 -9.388109944441231391e+01 -6.829514171611532447e+01 7.765174659838646676e+01 4.453533297765991961e+01 -6.242107284932938427e+01 9.535098587987468477e+01 2.813023436507458541e+01 1.751024172155410952e+01 6.660673761948874017e+01 7.172016679364418223e+01
1.114331446170734807e+02 1.625957289037911835e+01 5.706816184048875584e+00 4.403244812030507660e+01 4.843385936668150293e+01 2.865042869157286987e+01 2.190667337250229707e+01 1.360677369800704639e+01 1.021299787516012714e+01 2.789459198981860766e+01 -3.186627935006811185e+01
2.458400224503859022e+02 6.852361923521553422e+01 -6.354675055453071764e+01 -2.358821630582959017e+01 -7.290379096161944972e+01 -5.737489909225199369e+01 2.548637841086983258e+01 2.795055066260216847e+01 -2.322552757441356164e+01 -5.881387992160811251e+01 -3.999426714623837142e+00
2.969659191701599639e+02 -2.026342866986638569e+00 -4.571423868418642655e+01 5.854209886172634469e+01 9.331114882285146450e+01 4.285217703998546313e+01 1.359270293580306088e+01 -8.664931695104998255e+01 -5.381564847815442931e+01 8.951602679211322311e+01 -7.783219431145774081e+01
2.730706433236919111e+02 7.483708200392050003e+01 5.966075275191957417e+01 -9.874123874544187629e+01 2.745211776815483518e+01 2.163653799338842987e+01 3.015963477649052038e+00 7.815134488881156472e+00 5.102668614826731641e+01 7.761764496460730811e+01 5.183072778455050411e+01
-3.473238258562371357e+02 -8.364563222653799812e+00 -9.399472208149390440e+00 7.244702205876058088e+01 -9.769964327067732768e+01 7.145964402560051099e+01 -5.338591822916087892e+01 -3.284586426435697604e+01 3.672898920186909777e+01 1.698057499670395032e+01 1.481209575347213558e+01
-4.170916587533208144e+02 -3.807350063192389200e+01 3.391836257325496717e+01 -1.060105061624787481e+01 -1.939754639885606480e+01 5.225808020416465638e+01 -3.282847382881739406e+01 4.633648767451632011e+01 -1.615645812836037010e+01 2.908663747064844074e+01 8.816246334008798158e+01
-4.112962840802113078e+02 -1.468953798243589404e+00 -3.360088190633709360e+01 3.756794804301463842e+01 -4.085239469412480418e+01 7.154208319675350936e+01 -2.144197761280153713e+01 9.956971442817783213e+01 -4.393260383408541259e+01 2.939574521497144133e+01 7.677413400382192776e+01
3.109207003030809915e+02 8.549896613637392306e+01 9.586286564396132803e+00 -2.167739466024127637e+01 -7.301344415728465265e+01 -7.720892650777291522e+01 -9.783238868872174976e+00 5.202344784501661934e+01 4.315250516075616360e+01 -2.315837796368596457e+01 -5.515318709398137997e+01
-1.074854049448492106e+03 3.365678620226577777e+01 8.452090957831191531e+01 8.943571963395473290e+01 8.967047696277310820e+01 4.756559266581913903e+01 -3.622059823115111499e+01 5.583397390150511796e+01 -3.277432838018035000e+01 -3.755012410107965337e+01 8.590778151615674574e+01
1.532061847053442420e+02 2.926380192031703587e+01 -4.987549896952027950e+01 -3.438332506382909060e+01 7.313119238961340329e+01 1.327632452247257788e+01 2.911629800188802619e+01 6.679924231811693858e+01 2.833339280786987047e+01 -9.497130741508846086e+01 -5.665139048338873806e+01
6.007578403950076336e+02 -7.310477390517628749e+01 -9.435784325505895254e+01 2.010856128101083584e+01 1.557372001594281130e+01 -7.077213048835402276e+01 5.009148604787475278e+01 -8.938270280522193900e+01 -3.313277665860880461e+01 8.234199960281458175e+00 -2.519580237580842663e+01
1.919063002625478020e+02 7.450083645578888536e+01 6.191623649493990911e+00 4.770339942916632481e+01 -9.447384223834460215e+01 3.527940781772613832e+00 -3.421151923303085596e+01 -7.693241343571084201e+01 7.107866378533799434e+00 5.799221114122860854e+01 -8.235215209705033601e+01
-9.991024794824464550e+01 1.304806619270459578e+01 6.320869448348952346e+01 5.760838299615079450e+01 1.508497104355363660e+01 -1.022699834606970626e+01 2.391618518539218030e+01 2.129388775717275450e+01 -1.674105759877278388e+01 -2.077277767107541706e+01 -8.244818789609713861e+01
5.071390133714643866e+01 -5.905688553763308590e+01 -6.849912940314959542e+01 -3.418170917573428369e+01 9.208472942535769334e+01 -1.660437626918442788e+01 -3.740204906272393259e+01 -2.366008900736619580e+01 4.413455783104930674e+01 -8.278876723055353182e+01 -6.507175611895101497e+01
-8.814571432539545413e+02 3.325846740345542685e+01 -4.862419200796779251e+01 7.177368108689373116e+01 1.663883070991481361e+01 -5.855049385209753865e+01 -9.084440475017767369e+01 9.165975767023059007e+01 -6.277879523148985896e+01 -8.477395753907370590e+01 -4.716781926591002616e+01
-9.006932530283748406e+00 2.127181023835362339e+01 -3.305977847196810160e+01 -2.439628099512148651e+00 -4.547543129588454036e+01 2.257813249106530407e+01 -1.704224395186855645e+00 -7.628721419804440984e+01 -9.397827636786428229e+01 6.017296565749660431e+01 7.009942901560307860e+01
6.828890982223224455e+02 -2.656314034688868730e+01 -6.311574175609528936e+01 -2.147923616784434842e+01 -8.855848120167703996e+01 -5.508658222547575178e+01 -6.930426696404316544e+01 -4.436504539656414181e+01 6.657003716497698065e+01 8.668036425679872536e+01 -7.637402490221391815e+01
4.129505382440486869e+02 -5.372718058033458988e+01 5.562605263997619431e+01 -8.975690127561590259e+01 -7.466139707230475153e+01 -4.641758191857889670e+01 2.449578503861819456e+01 -6.258823386978944825e+01 6.768858063754791488e+01 -5.552676028972738465e+01 1.684669719719057923e+01
9.621505517144849762e+01 -8.610003711055020403e+01 -3.006340184133087234e+01 6.405423252203013362e+01 4.977781971599779354e+01 -5.392273351966194639e+01 8.425142979676789423e+01 5.004048559256213480e+01 1.171169369133970406e+01 -6.372278579914758723e+01 3.527826089488812045e+00
-6.401560928118963147e+02 2.273358677089383661e+01 8.223258837048712167e+01 -3.287295548752209129e+01 -5.132461785470974291e+01 1.472306293654128240e+01 -4.056474893932413295e+01 8.739546381207136960e+01 -5.623841895040413164e+01 -6.027236357379206311e+01 1.559062900336043356e+01
-8.841674717170351414e+02 1.342411583874127246e+01 8.990868888717758978e+01 -4.275549467580730578e+01 4.643236842434845357e+01 -7.937958743599502043e+01 -7.577951525575605274e+01 8.202192545562095916e+01 -2.837281891413991275e+01 -7.688315837067507630e+01 6.021316359129599505e+01
-1.445874634770526370e+02 -6.985134647092574767e+01 3.162571158268596605e+01 -5.352394710889449669e+01 -2.399472979703807596e+01 7.418134507217405371e+01 5.541767515683147849e+01 4.010311179953757232e+01 -4.568155427602271601e+01 -5.237195737818809249e+01 6.023126638253154397e+01
6.503834143852718341e+01 9.313964779395905680e+01 3.351441012476576020e+01 -3.620235342327218575e+01 -5.086358541780677456e+01 -9.707867951756196589e+01 -9.331019702887822120e+01 6.222117580830749262e+01 8.192120520840890663e+01 8.123887024631858367e+01 -2.667763553046276570e+01
-4.285879927077805007e+01 1.270739863970126748e+01 -5.880677498758251431e+01 -2.033438396414723570e+00 8.453585322182493655e+01 -9.823775876840544186e+01 -1.548047453031564658e+01 4.406788424553420214e+01 -1.770360098771506330e+01 3.852895577607523592e+01 9.653869451347887320e+01
-6.697617567772597340e+02 -4.681735828228568153e-01 3.275633872905848420e+01 8.775173620581256273e+01 6.957068300855138432e+01 -4.510789527678726785e+01 8.468009122112434284e+00 -5.060414677750184609e+01 -6.618195048926587276e+01 -1.219036276658269458e+01 9.310125015212454969e+01
-4.389116104389363500e+02 8.028535926801373535e+01 -3.522233957239168944e+01 4.252429753866522333e+01 -4.504713736564689697e+01 5.594789189877471358e+01 -1.955811322202541191e+01 8.142268540798588106e+01 -4.331347058849570431e+01 -9.261041381713552312e+01 -4.356602021414053638e+01
-2.833920557054924529e+02 4.130687233413254944e+00 7.146635887578068491e+01 6.338208009980627367e+01 5.399755735343055107e+01 9.928435180815179706e+01 6.097762914659421085e+01 -8.382427938444948268e+01 -9.379425746136024600e+01 1.811696415781283065e+01 -3.454223641014766599e+01
-5.917607868222473826e+02 7.550515402106665874e+01 -9.517981789279691895e+01 5.243362063791158789e+01 8.187650067508022289e+01 -1.320103652720095511e+01 -6.984812077857745294e+01 -6.886536108224009922e+01 -7.348672837451076134e+01 9.039146930362008447e+00 3.334861206196799799e+01
-7.883686968516260549e+02 -3.549473756269274816e+01 7.812117063008270179e+01 5.288726173605806480e+01 9.829399676939510755e+01 5.770095701949958311e+01 -9.551524810179654423e+01 9.906176384127576284e+01 5.103828289819983866e+01 6.893523186183753637e+01 -1.443767263056776073e+01
-1.455360746633066356e+02 -8.683409545087165782e+01 4.305624382670887940e+01 -4.640027763858534371e+01 -2.585695641761647323e+01 9.802758719120603814e+01 7.438608033352991811e+00 4.994849320632707190e+01 -3.860249031828744393e+01 1.700447039904922519e+01 -1.217344702360678355e+01
-3.123329273901854322e+02 1.962418185975344898e+01 9.755244974975798300e+01 -2.887113038720319480e+01 -3.467308523362937933e+01 -5.096400672098895512e+01 -9.561910633640036394e+01 -2.651319776478715085e+00 4.015302169367245710e+01 1.099421161404421809e+00 -4.233746228974817427e+01
-3.683709617145267998e+02 -5.304673545249238487e+01 -9.592703934531149912e+01 -1.921160963611170303e+01 -4.878638533575312408e+01 7.908849773622529256e+01 -9.550810975012208814e+01 9.232431671753934666e+01 -1.678912019948887746e+01 -2.940671002444132398e+01 2.178559777996454727e+00
-1.401942985905847934e+02 3.634301482482570123e+01 6.956003730283165964e+01 2.529792920953003943e+01 -3.230259466109460220e+01 -3.484467280481409546e+01 3.531677886914096121e+01 5.289561028343845805e+01 -2.801276579987472815e+01 -1.348071187902806400e+01 1.778147954444349921e+00
-5.834443511449544530e+02 3.168017067017007093e+01 4.098708889234211483e+01 -6.688654976688921749e+01 -5.194842214987662743e+01 5.093672789056358852e+01 -7.814980959051725051e+01 7.621173738118670826e+01 -9.192144960950928123e+01 -4.809376930775701453e+01 -6.761615719732986918e+01
-2.882257671880768726e+02 2.550154724882531809e-01 1.388005237306204265e+01 -4.310975134908780859e+01 8.978345513902581843e+00 -8.414698527150966356e+01 5.862771354180068784e+00 7.134877320025179870e+01 -3.244548053985312208e+01 -7.737878736403959579e+01 4.210372973312823319e+01
-3.791944778015358253e+01 5.547109292720341500e+01 6.193351412831623293e+01 -3.032246906294219002e+00 5.720123209317989676e+00 4.075731819882258833e+01 5.178216779975352324e+01 3.373197084659537381e+01 3.447242777762966170e+00 -4.478084094005249938e+01 -2.533919832752043533e+01
-1.023067157129743805e+02 9.669648563024978216e+01 3.034810598602928167e+01 -3.316032887406670682e+01 -5.133491367283824047e+00 4.509687280515925067e+01 6.961653033224351361e+01 4.502226710499007822e+01 -2.887438883087467900e+01 -3.399055073323631859e+01 9.435063801247099491e+01
1.087820592383079202e+03 -3.897811580889547400e+01 -9.224143353976967319e+01 3.390264225780487095e+01 4.150939507321700717e+01 -7.364748883459157014e+01 7.867869372597911592e+01 -1.730160803664044522e+01 8.220201137616621168e+01 -1.406995518453314276e+00 -9.039725584874867081e+01
9.936741656588106935e+02 -2.635872060083002566e+00 -7.428162156121680937e+01 -1.019165458490209630e+01 -9.317529276753251111e+01 5.534706389225942758e+01 3.109058574900072358e+01 -7.649268640361020744e+01 5.234984040679736950e+01 5.700012249059236069e+01 -7.662854756039408244e+01
1.377611789780067113e+02 6.426366391128993882e+01 -4.154469516420229525e+01 -6.167639733959040882e+01 -6.911601417720545726e+01 -7.742329943555063210e+01 -8.125272480099638983e+01 -5.927889448073923973e+01 3.054896834312913256e+01 -1.681905558974274584e+01 -9.079330134460259671e+01
-4.735084903756671793e+02 6.502425477647241792e+01 5.293576751395852398e+01 8.535227158619957777e+01 7.205594321499467014e+01 -3.137011257646473439e+01 3.720314265552659094e+01 7.273133336397822291e+01 -3.611767621952224516e+01 -3.022048790337777291e+00 9.385096035285050675e+01
-7.331560739173335151e+02 5.323889818868281054e+00 -1.009748116432341192e+01 -4.446034979959765110e+01 4.283755408442277712e+01 -1.829658331503986801e+01 -8.601510156059299561e+01 -1.443083668303866318e+01 -7.936661355327987621e+01 -8.190136382001549009e+01 3.505854451387148174e+01
1.072118447520287248e+02 3.517691094769460847e+01 -7.997245981392826764e+01 -6.097869336709760546e+01 -2.173354509532209988e+01 -5.459961203119148365e+01 -7.724407363426252005e+01 5.844003030712127611e+01 7.781300437402819625e+01 -6.103313695675807082e+01 -9.677545763272178192e+00
-6.225579903503925152e+02 2.526251768534513076e+01 9.440190975229921833e+01 8.694222004899759781e+01 -1.607195161313987342e+01 -7.446633047203930289e+01 -4.058429275149531179e+01 1.165774416969149740e+01 2.944995832206404884e+01 -7.823801947926556011e+01 -1.077248323068799607e+01
-3.248696270285493028e+02 -8.986163140581979292e+01 -9.863619002520597689e+01 -3.309310653534269875e+01 -4.587492680582492000e+01 6.977378347889708721e+01 -7.394376814692307676e+01 3.527204768551075631e+01 -8.335675818941210480e+01 4.144524784943496343e+01 1.799423334420346521e+01
-3.525039366070380993e+02 2.474934835537911226e+01 -3.890970564937954634e+01 2.914007544732768906e+01 8.806440994697362612e+01 9.529312564230977500e+01 9.581010935387681116e+00 -7.977553801338635253e+01 -8.316715716184832274e+01 -3.180891196425652367e+01 2.790482180735780560e+01
-4.604266590371099142e+02 1.795269437835752058e+01 6.891029098261330432e+01 4.612677329704237650e+01 -5.687437514792323867e+01 9.324246659090010780e+01 -2.805992169809124448e+01 2.505036827643127140e+01 -5.458935745492141223e+00 -4.005109096545152170e+01 -5.231096959215770426e+01
-1.070861989165911723e+02 7.016007815487995458e+01 8.118935160979739862e+01 -6.036273722095566541e+01 9.709334761316085860e+00 -8.690412024010720415e+01 -6.361073540653009672e+00 9.693615502229147296e+01 -1.581133670920597467e+01 -1.784235718539764548e+01 -8.666198344990476699e-01
4.203562289757225017e+02 -6.799374519154847007e+01 -1.757517261635098293e+01 9.606773202781073451e+01 7.017193075602412478e+01 -4.052537965955787058e+01 5.120545490251339515e+01 -9.028071071205468456e+01 7.505329609946591063e+01 -2.699522221422905943e+01 -7.812283643062716010e+01
1.872331061091227866e+02 4.971830213990432412e+01 -8.177645695997935604e+01 -8.282461816756949702e-01 -4.210358170519723586e+01 8.316023722606357182e+01 -2.805593233012082521e+01 -5.402525927298553654e+01 9.059355331589213733e+01 2.157862113627777489e+01 7.497221627328386262e+01
-1.153500657821101413e+03 2.766654378087798705e+01 2.945796491352240309e+01 6.967531967892455214e+00 4.273062590233627134e+01 9.703795154509322174e+00 -9.173978505257387894e+01 8.887559002006136666e+01 -8.458113171820245668e+01 -8.499755480567156951e+01 -5.571773278317904499e+01
4.707717718346842872e+01 3.470967820355906497e+01 -8.631939667330273380e+01 -3.872937656485422053e+01 1.720187130400701392e+01 3.418744215967015521e+01 -2.697928801458122905e+01 7.246225234026056228e+01 2.981383517454912635e+01 -5.220476307961121165e+00 6.410786509355031626e+01
2.911781358526866370e+00 -9.411468606772402268e+01 -7.777562303234088859e+01 3.894631853137755684e+01 3.244195687842497478e+01 -2.963976187777529958e+01 -3.298581025341577799e+01 -3.371853737538424411e+01 -4.071856396291993008e+01 -3.151681638465171886e+01 -8.965984816217739706e+01
-4.487015856246753742e+02 -2.803969498830167595e+01 8.608029183961571107e+01 9.891625681078045318e+01 4.643065477177276534e+01 -6.328512134821673385e+01 3.600664824530539931e+00 -7.181650652089194864e+01 -4.181933136205593371e+01 -1.967214895956412590e+01 -3.514398858048642182e+01
5.441678839941006345e+02 -2.372618490149261561e+01 -7.788711938310484584e+01 -9.210647639657183561e+01 4.547196035999604646e+01 -3.753496069708130989e+01 3.252533640117934510e+01 -1.858075649338807978e+01 -7.578729639487653458e+01 8.713093854957628537e+01 2.652529413360325350e+01
-2.154601487347500779e+02 8.913586765284168223e+01 4.734831105597970691e+01 -2.685054882819230215e+00 6.963506538346538832e+01 4.748844758569771329e+01 1.679301523200329882e+01 -2.655588891377674088e+01 -4.633683631550804449e+01 5.982170877669318543e+01 6.743586557723608621e+01
-3.379912024255455805e+01 8.178345172663398444e+01 3.076461521058428161e+01 -7.933518616481302388e+01 6.291077162822242030e+01 6.300905818413613702e+01 -4.144083693585955785e+01 -8.728078086860371343e+01 4.563712777565481815e+01 -6.530977071404777234e+00 -3.201935522948247126e+01
-1.352110884618866464e+02 4.892185585959592231e+01 8.629981427806768579e+01 5.662371390067204402e+01 -4.963480043836925404e+01 9.916186992107751053e+01 1.630273654000926342e+01 -4.457690837821817098e+01 5.561679376084376258e+01 8.262934157960472703e+00 -5.292123966482861874e+00
3.441540462664149800e+02 8.507562176303420642e+01 -4.309379475838621687e+01 -1.736571281072538397e+01 9.548206040968577213e+01 -3.525285281265722404e+01 4.198311338925952896e+01 -6.123149131521645927e+01 -7.821895189400862591e-01 5.234793778800656128e+01 1.741421728322305285e+01
-7.533919968559055178e+02 2.604993824100154143e+01 8.086069837386941117e+01 7.710654827477171125e+01 5.625381061741532562e+01 -8.545786593438633361e+01 -1.427429110815438662e+00 9.369296576131705478e+01 2.022087463185810918e+01 -9.654559854872459823e+01 4.969335210501952815e+01
-1.460070415888767172e+02 -3.772346933805299329e+01 8.067176857150533920e+01 -8.141295282902980546e+01 -1.753356552311572614e+00 9.801919648514731875e+01 -7.594725568060027854e+01 -7.094908155719758724e+01 3.689191301524121513e+01 9.626792307275238159e+00 -9.455096490914192486e+01
3.404113103690185653e+02 -5.167902406215636546e+01 -1.547610686000817282e+01 -8.494556610929751628e+01 -3.717057471874145591e+01 -2.373959404713339438e+01 -5.979975034314905713e+01 -7.855037692386206061e+01 7.149298449496666308e+01 -6.825472423674003153e+01 -6.464734417689079748e+01
3.393050165501867355e+02 7.549301580393117206e+01 4.629586592037355786e-01 -3.546295083366888434e+01 8.418023410926727479e+01 -9.355193949319067315e+01 -3.301827004111903818e+01 -1.719371486436931207e+01 4.890564845888923173e+01 1.903269263616486739e+01 -7.270386742403643154e+01
4.932245479137008459e+01 -7.225553072360857243e+01 8.098241662864401746e+01 8.910186032970855763e+01 8.759961981043898049e+01 1.464241181915633661e+01 4.683649996242814950e+01 8.849772048848680583e+01 3.838667768608456754e+01 8.248429756233869625e+01 -8.095968370668927605e+00
-5.167967855973661528e+01 3.491844191097402472e+01 3.168745082374391586e+01 2.771527080722826497e+01 1.634713408336531870e+01 8.972172579036924844e+01 -1.022121997344143551e+00 -4.737566721873264441e+00 -5.304169520203865318e+01 7.256057366728600755e+01 -9.698061710515821687e+01
-2.434764451774863687e+02 3.595984547645878138e+01 4.611294677770470685e+01 -3.332789114088691917e+01 -6.983873768276521332e+01 -7.158627519647396298e+00 3.687677581044599151e+01 -1.169439469425270772e+01 -6.532439064940956541e+01 -4.968599197968232772e+01 5.593981449558961572e+01
2.472577018207578305e+02 4.738668226673800632e+01 8.509856204584355055e+01 1.887669189036735418e+01 -9.924349751993148061e+00 -1.098964347819818954e+01 7.767214525928000057e+01 -1.493304862339547867e+01 2.988643863972143322e+01 -1.311257575220056992e+01 8.924277184737263724e-01
2.337217245957388627e+02 2.946510017839000284e+01 7.231428409284001191e+01 -3.713711763901950036e+01 -7.709545532860886397e-01 -4.681941962142713010e+01 4.765803041524145556e+01 4.179836989215914400e+00 -4.915760253372801003e+01 9.606208010622444249e+01 5.047342169079956875e+01
-3.583307385802283989e+02 -6.891669533071278408e+01 -2.935072889218839975e+01 2.627437775003491538e+01 2.680639713322401008e+01 4.489368863482565075e+01 -2.625097184750380563e+01 -4.742020540443903087e+00 -2.721796097413118787e+01 -8.032664295890361927e+01 -7.719531732871205065e+01
7.532963447835759325e+02 -1.635959857941600148e+00 2.748018709545785043e+01 -6.174762642053694606e+01 9.074805087806475967e+01 1.897922250479379613e+01 9.394787015401030317e+01 2.222950128804215808e+01 5.717103409100937483e+01 -4.755219036638422381e+00 -6.815834120369190430e+01
4.107686167895172247e+01 -9.357786786455022821e+01 -1.224198140206527796e+01 9.674596161489148471e+01 3.674758826587120097e+01 3.228959533805701199e+01 -1.245529185195806576e+01 -5.375417471151877891e+01 7.929126700843590925e+01 8.778916548654643748e+01 5.245930573731482127e+01
3.618601710771303601e+02 7.513536845490202154e+01 2.896406845216415604e+01 -9.885122966580770765e+01 -5.552117215829530750e+01 9.825932436784819402e+01 7.709070312693501137e+01 -1.085551763585033314e+01 -8.914158864055832510e+01 9.221538674831774074e+01 8.483980229112012239e+01
-1.490708240906851145e+01 8.905341442870579272e+01 2.048425138456617844e+01 3.723526379304570355e+01 7.006365451255456378e+01 4.397912260731598622e+01 -4.181044205785990897e+01 -5.895971400515540495e+01 9.426046706006383147e+01 9.454109526325774482e+01 5.566363690788978147e+01
-5.759959474736440654e+01 -8.676198595558159354e+01 -7.966581718615105956e+01 -4.075682338263353444e+01 4.910831796699059737e+01 -7.361367351604258147e+00 -2.196190598683386952e+01 -1.233713538582072999e+01 -5.312110254184505465e+01 -4.538652435687448872e+01 -9.998785391712488035e+00
-1.230801098138152383e+03 2.660053381398313377e+00 8.924611450854683881e+01 6.641376800344880849e+01 3.349646445634488146e+01 9.221243079618341199e+01 -8.955128662819757324e+01 2.265024896973227442e+01 3.617445053231449492e+01 -6.623833484619778744e+01 8.343598089197908507e+01
-1.021238707244364292e+02 1.044407343096074214e+01 -3.621523319685693565e+01 8.753073073554736538e+01 1.271402940457875275e+01 2.973020119570122688e+00 1.100611593318599546e+01 -4.224968661821853289e+01 4.254207208714362309e+00 -5.763550929263006140e+01 -1.862105762265618125e+01
1.031467584478512123e+02 1.572392671584050561e+01 1.615889229206639754e+01 1.942148398335530146e+01 -8.771147410462501171e+01 2.718875567207197719e+01 -1.551176129324716157e+00 5.829161250310113473e+01 3.333836017611994862e+01 -1.425033364593988949e+01 -6.105096372783371805e+01
4.534967853247568996e+02 3.791797895552065256e+00 4.450728864504844751e+01 3.157570941621114002e+01 4.241277703783913466e+01 1.508717668445125071e+01 7.746474829631668513e+01 -6.824169303244394769e+01 5.976581416396166446e+01 -1.413858392485440163e+01 -2.108619204343168008e+01
-5.657700158907400692e+02 7.081166857857746777e+01 -4.865146811664284598e+01 4.207824667528427653e+01 -8.207076850710819826e+01 -3.524543434697791611e+01 -8.866372165606814804e+01 5.364836936975848403e+00 -7.512383971869971333e+01 1.046424728602102050e+01 1.575034417453173319e+01
6.835122390218700161e+01 -1.866496720812280330e+01 -1.668354233745088777e+01 -2.008196015024621772e+01 4.166352987295815069e+01 -5.591264781006479723e+01 -4.336115313352333089e+01 -9.699002593041090847e+01 -1.847996043862288218e+01 4.879481957649181822e+01 -5.325854657387836255e+00
-8.440824729640911528e+01 5.005275296004316488e+01 -7.530412983088130829e+01 5.614247483915818293e+01 -5.097388674393432950e+01 4.536098542379770038e+01 2.274157296930496841e-01 5.201985435356158405e+01 6.230065956850481257e+01 -6.382096363829199248e+01 4.486067722202588470e+01
4.555408559814316050e+02 -3.296331695101687842e+01 -7.703775238973527451e+01 -3.084693090856373487e+01 -8.672487148205280505e+01 8.272521621686456683e+01 -3.280425757831591227e+01 -9.294573766664242953e+01 7.156376256439145322e+00 9.033540157475385968e+01 4.923204156870468751e+00
4.615073155218373131e+02 7.322546261021875580e+01 9.968758271564530560e+01 -8.665852124651058830e+01 -3.088667192072875878e+01 5.151028954552654682e+01 2.370132837495471279e+01 -1.384570993381058202e+01 7.427156678731930128e+01 9.203535627130597163e+01 -2.474628822602976186e+01
7.509206974308834504e+01 -8.157928962678049345e+01 5.481061737398670175e+01 -6.171909637138166715e+01 8.006528489391385506e+01 5.298817664094971747e+01 2.286782641900981616e+01 3.582738123482636183e+01 -5.793826873442725400e+00 -1.188595430372913597e+00 -7.422892503092172944e+01
5.464369032160547022e+02 6.700224302783004759e+01 -9.856761131441359680e+00 -6.607621589675673590e+01 4.111261044450483837e+01 -2.571883139793349926e+01 1.471826010932468876e+01 -7.128643548008398056e+00 7.933905597287639466e+01 -3.674726511079228430e+00 -4.185125957938242891e+01
6.476303194875165445e+02 1.791720144997894693e+01 9.533904558168075027e+00 -6.304531588339568060e+01 -1.011799602061347514e+01 3.856709219628805840e+01 7.808317834131335644e+01 8.200633889350399386e+00 -1.327011713547818772e-01 -1.393147075603700102e+01 -5.825101283310527833e+01
-2.028661965362228159e+02 9.165191858913357237e+01 -4.606427715068897299e+01 -5.543227470756586683e+01 -9.837674392994479433e+01 4.876602427461460820e+01 -8.617918136850137500e+01 -1.643228996643270534e+01 -5.297495908979850299e+01 1.445152113762611634e+01 -1.742857066644521069e+01
2.321366763785284490e+02 -5.507401985268558775e+01 9.704303365922081070e+01 1.862227227646992844e+01 -8.619331454399552683e+01 -5.502846546533923799e+01 3.189969554958940989e+01 8.303426160516161758e+01 2.133720403363577134e+01 8.141199758086301586e+01 -4.976758198193347482e+01
6.987000059846867543e+02 7.622742465848858728e+00 -1.203978853307900465e+01 -8.717042803624008229e+01 -8.160544940824851778e+01 -6.657172009480214570e+01 3.650012536146104480e+01 4.855773771615713486e+01 3.928889010973620088e+01 1.908138904754189014e+01 3.073826406171181702e+01
-7.056894641726916007e+02 -7.368567224796258586e+01 1.612292463799724374e+01 -1.742175795809217220e+01 -3.948653477901260089e+00 4.977704788931129087e+01 -4.420829561670094421e+01 8.872874707667443772e+01 -6.788966461579073552e+01 -9.221571940605318218e+01 -6.485005049491493878e+01
1.002652930129097513e+02 7.037583906806136724e+01 2.790740610571162961e-01 -9.938414233986452473e+01 -8.236893107746629994e+01 3.180242667486291452e+01 -4.979741223174163167e+01 1.370242948205429911e+00 9.615515503874081560e+01 -5.657062522909362201e+01 2.887563082925009894e+01
4.249773122889977230e+02 9.233141565858224453e+01 -1.990780974308626128e+01 3.813867843126843127e+00 -9.496103031650508797e+01 -3.098798097326323386e+01 7.520647220375536790e+00 -5.148092680084855033e+01 1.771668592396980557e+01 -3.131920110635802246e+01 -8.753572257912129828e+01
5.236384150862700153e+02 -2.786930254339455360e+01 6.316992371923259952e+01 -4.421556558193064745e+01 -5.342251847024732569e+01 2.853242002885281181e-03 8.476591437039863308e+01 6.124334039557516007e+01 6.036996587049435448e+01 2.857379727986426587e+01 1.864209526638053660e+01
-5.109620781804395051e+02 -3.618312671304678929e+00 -2.922033532175809967e+01 3.289254565478671566e+01 -7.260443733998079097e+01 6.627913603829520639e+01 -7.226551279757200064e+01 7.708168366016312234e+01 4.876840428789287785e+01 -4.389438482641882899e+01 5.461545928374627579e+01
6.904618152797522157e+01 -4.501055496832013603e+01 4.031866112835999161e+01 -8.328246120435693456e+01 -8.435081477801003302e+01 4.255666147587285764e+01 -4.867026284641610800e+00 -6.731951038830877110e+01 6.520188031564342168e+01 -5.629853754900038609e+01 2.182504343118397117e+01
-5.621300791263478231e+02 8.014925501298563404e+01 -2.943482269048718081e+01 9.518762891043564878e+01 -8.594315595318606427e+01 2.114408228380592902e+01 -7.351305015439733381e+01 -6.119963635312828387e+01 -7.656894217564257588e+00 -7.633409993883248035e+00 7.471281428518224743e+01
-1.330691707925489936e+03 7.988755395798119707e+01 8.400362835459091571e+01 6.154582068029540665e+01 1.232470084177252545e+01 -4.205224418199604486e+01 -9.599226940942628516e+01 -6.751895282558237454e+00 -9.887849058643081435e+01 -6.069232463042845893e+01 3.051546890816592850e+01
1.841043293925405635e+02 -6.165478710548282493e+01 3.089102327992284813e+01 3.674320224648647581e+01 -1.797006018741763000e+01 3.703826772916528398e+01 6.106409874305114727e+01 8.432092173510491762e+01 3.206366571063787774e+01 -1.348996739142904744e-01 -2.148826438778692705e+01
-7.892974396060235449e+02 -5.081191946285743199e+01 4.317996407221116328e+01 2.522751395815478759e+01 -5.304723272038507531e+01 9.308115373211717269e+01 2.869206952522071674e+01 6.777427792316353816e+01 -8.617382906373008211e+01 -6.799110183909344585e+01 9.100395956270736519e+01
-2.185777876648203915e+02 -2.795263329293958066e+01 -4.576275518304686329e+01 9.480340398613682851e+01 -4.558872250622860633e+01 3.944958781848225726e+01 -4.607264510977447003e+01 2.999192182417075969e+01 1.041378982301537803e+01 -1.492973396372985917e+01 -2.570676408085614639e+01
-8.125249778144183210e+01 1.852618896935784676e+01 6.298412820538635515e+01 7.429608972053009097e+01 -2.009189743965387720e+01 4.645421674494431841e+01 7.991161221984179974e+01 -1.020996998962459656e+01 -8.556001998147102938e+01 8.129933094730225207e+01 2.027269692966626735e+00
-2.280762329792821106e+02 9.420176982195897608e+00 7.000299019254504174e+01 5.585360265180261763e+01 1.133840640249385956e+01 -3.708387706157783015e+01 -6.979003027434472983e+01 -7.246956439387513171e+01 5.449448430156363088e+01 9.826690590126082725e+01 7.123618188892001513e+01
5.379551405991613819e+02 3.907803233101847695e+01 3.712611391947874040e+00 -9.043016053720003811e+01 7.877712704888327266e+01 6.932138178176830934e+01 8.912213523048316688e+01 -1.597204586442822460e+01 1.878781351865900717e+01 -6.455491467879653555e+00 -3.529868326213916419e+01
-2.313816955243910911e+02 7.084265773701443436e+01 7.147100384583245614e+01 -8.248171239665452958e+00 9.186395614906641072e+01 4.542143650371272656e+01 -1.832631227399446061e+00 8.249506822485446378e+01 2.634692308432406094e+00 9.079285612586068055e+01 4.998520014203268147e+01
-1.390315652809258609e+02 1.146259312135167363e+01 9.513505073135931411e+01 8.404585447306089918e-01 9.308802598419853780e+01 6.361201355471052921e+00 8.742355369433656165e+01 1.629532188677387694e+01 -5.331267603412690192e+01 -5.767300327186095643e+01 -5.960521697724077228e+01
1.645311170629336743e+02 -4.315146546885060275e+01 5.902178562377690696e+01 -7.587442402176694145e+01 -6.208861433223318471e+01 6.222374768158763914e+01 2.519223457961803092e+01 2.684748971230078496e+00 -6.692237156013669619e+01 6.467987536317468766e+01 -3.941734721392342777e+01
4.328408310137132275e+02 -3.780987422956290089e+01 1.519732348453398174e+01 6.959938609252640163e+01 -5.294103818523134919e+01 -6.438492161148892023e+01 5.130958830423926997e+01 -7.809802299777881274e+01 9.625944092565072197e+01 -2.110680123212978287e+01 3.068283367422509400e+01
2.236474579828731351e+02 8.063646088489292652e+01 5.241776042519191492e+00 -9.422700642453136766e+00 3.838531220336801653e+01 5.225400539551515067e+01 8.520539271282635241e+01 -6.188886307239241091e+01 7.828166020384983881e+00 -8.218501817419686972e+01 -2.426796855358318794e+00
-5.046531925679190067e+01 -6.477134126258764013e+01 -9.116248567771943101e+01 7.108819659258185197e+01 -1.728990191121478404e+01 -5.364770772816216038e+01 -5.520363157184380043e+01 -2.549193090684948970e+01 -9.687399971474852123e+01 6.669959169006557431e+01 -8.455414931831496972e+01
7.082504823637316349e+02 3.267148870579416098e+01 2.743911128642145059e+01 -9.527130193105621458e+01 -4.752611665248676331e+01 3.509534171892198628e+00 4.033632456166935754e+01 -2.018308381149731190e+01 4.886472761158898948e+01 6.559215048934302672e+01 -4.852967313387603809e+01
1.260987297299329555e+02 -6.992416364797280437e+01 -8.147344090588191534e+00 2.878177688451637550e+01 -7.039032679132603221e+01 7.304216993812130454e+01 -1.569772016020678507e+01 -5.205454483140920985e+01 3.255503689874223028e+01 7.672626315325578616e+01 1.769023862420398530e+01
3.071699058571100522e+02 -2.519289771580916693e+01 8.686217993902295120e+01 -9.781393548593644027e+01 -9.448429048720063861e+01 5.411285192059693827e+00 6.810197880463627484e+01 6.962919293045064251e+01 -4.276421202481905937e+01 2.981527483353644925e+01 -4.521871840258467046e+01
1.820886890530953792e+02 -2.935136438924452307e+01 8.067584289145429466e+00 -3.474463261216216381e+01 -8.782668873365220463e+01 -7.006673579529847018e+01 -7.049167934693821280e+01 -6.482679776222119017e+01 -3.749528021200760008e+00 1.992678354721131484e+01 -9.376023470748573629e+01
6.344972696580473439e+02 -1.026667607357451573e+01 4.840650531087524655e+01 -2.277085564510863946e+01 -6.288898317905018587e+01 -7.390885498780686191e+01 6.577339145531698250e+01 -9.107612618844575536e+01 6.185303292151070309e+01 2.650185810553624322e+01 5.420962649330903105e+01
2.270245524797189773e-01 8.757827896897822484e+00 5.115183427855507148e+01 -8.798127345310967939e+01 -6.681857826298274006e+01 7.667375778740364467e+00 -5.981303181352828346e+01 8.490610110424810841e+01 5.127740937609351590e+01 8.330703272869871512e+01 5.767206628949011815e+00
-1.768998862704568751e+02 5.975013751351968949e+01 8.677674522474674745e+00 -1.205533982558901585e+01 -6.947950675413434851e+01 7.059372203668903012e+01 8.427170743771063144e+01 9.569925881402863865e+01 -8.234949756911757390e+01 -3.424240518346826434e+01 7.714823263564125000e+01
-2.751624118326128041e+02 -8.024430076047393356e+01 -9.221561336978206214e+01 6.062054277447955997e+01 -2.887932347724367332e+01 3.072386859064974374e+01 -9.315691946422570879e+01 9.039048753460102148e+01 8.926154275528497806e+01 -8.362222546592647632e+00 4.805271339883057635e+01
-2.936608480524186504e+01 -4.784259977860587298e+01 6.761611721309520817e+01 8.521316047815309958e+01 -1.862587521998551665e+01 -5.040446339362822670e+01 4.657808424528701607e+01 -2.385765930953813552e+01 4.500753885923521125e+01 1.252063586720859689e+01 5.110018315472723316e+01
1.328980208132953464e+02 2.982433818797190384e+00 -2.678272934931922578e+01 -6.971909258167377743e+01 5.466631515814961517e+01 -1.082744429080901227e+01 6.020292787484012820e+01 4.208298237905057704e+01 -4.879507511516625584e+01 7.161497688407990836e+00 9.776348748861042282e+01
2.451142643044170200e+02 2.214524201578909413e+01 -1.729455615907779986e+01 -2.147325610382873151e+01 1.594347693161755330e+01 -3.458751020576312385e+01 4.883419096618990807e+01 -2.804835907329072597e+01 -7.991579702112301220e+01 -2.541997394653130016e+01 -7.860671644753843168e+01
-1.969515325548345004e+02 7.855237265962608717e+01 6.823352502947025755e+01 -8.021650444933837321e+01 -1.448641754814113369e+01 3.488284768313931750e+00 -4.052126685938224426e+01 -5.672230493913048122e+00 -7.532602411125742492e+01 6.266220518051230215e+01 -1.185677358823757288e+01
-1.022575974793613369e+02 5.135334384877347702e+01 -5.041201133049257521e+01 1.213099218014770031e+01 7.491486723476842258e+01 6.339246301911452974e+01 -4.196267144319516262e+01 2.857731211141421568e+01 1.371093280188269148e+01 3.758328832074536763e+01 1.945150277489247514e+00
1.192140268884626408e+01 -7.709154917885001623e+00 -2.061898369491370886e+01 -2.259893927691565807e+01 6.700712345811211890e+01 6.579700197452473276e+01 8.654054312626325896e+01 5.824054353261493588e+01 -7.232462358058036500e+01 -9.414308988925590427e+01 -5.418409791830048050e+01
-1.077107367833443590e+02 9.448254730587564154e-01 6.387828211995690708e+01 8.336897215942713046e+01 -8.913772517631208814e+01 -3.745875544091327924e+01 -4.763387455093688061e+01 6.685991643649521166e+01 4.161399735015706369e+01 8.539471149468414524e+01 -3.903072192682259356e+00
-2.687956839792337291e+02 8.676586882974447690e+01 4.775970951850106871e+01 8.479479094785546067e+01 -9.073931966667745996e+01 -2.036332807096472663e+01 5.301268208009193472e+01 6.060320842030071731e+01 -7.438723551134373224e+01 -5.915271221380784539e+01 -9.195805409208006154e+01
-2.285959564896377856e+02 3.839853872319855554e+01 2.988684044655545335e+01 7.895976340740219257e+00 6.798392627207050509e+01 -2.964732689837106250e+00 3.318539830588790096e+01 3.454292788548329440e+01 3.559473189254231329e+01 -5.210580461302385658e+01 4.450065967925317523e+01
-8.504229219951843106e+02 -6.190881232451115324e+01 5.760101737827866941e+01 5.992372184315922823e+01 5.843182245805630259e+01 5.685041695641018578e+00 -2.456344284606946360e+01 -1.129003662948835540e+01 -9.441018215129494706e+01 1.837706588313758971e+01 5.993455103977746035e+01
-4.197421627761996206e+02 -6.579922740739957021e+01 -2.703107220749491546e+01 5.175007809910738388e+01 -1.574539108373912200e+00 5.470944225660014126e+01 1.405659046984993665e+00 -8.898917552050609459e+01 -5.242037859857902049e-01 -9.150681855152438970e+01 5.287546498466568323e+01
9.241884398654599408e+01 2.919472136976258980e+01 -6.106427319882625682e+01 -6.884834031744775018e+01 8.266559164456421627e+01 6.212345988800541363e+01 -8.030533487667064207e+01 -8.720152923207942308e+01 -2.896654343406268595e+00 9.462324483450328216e+01 1.204430517937899481e+01
5.256860108339410544e+02 -2.636614333758593887e+01 8.014355510763181201e+01 2.128100784074149487e-02 -6.614505371684271040e+01 2.920512191957121217e+01 4.474029265006214473e+01 5.311348244024995324e+01 7.850461440640398791e+01 4.422715843501259769e+01 -8.015242986461311148e+01
4.791711277254821084e+02 -1.535951809114980904e+01 4.091556296742209042e+01 -7.504306401106182989e+01 1.285383215314514871e+01 -9.407496321994304367e+01 -3.934276023547415946e+01 -9.449491393891736379e+01 4.612323438752247284e+01 2.556164796211868406e+01 -7.988104847563175781e+01
-1.918683299677084051e+02 6.859299705882722265e+01 9.809863256843271984e-01 3.581257609273345111e+01 2.032266201053344901e+01 2.453466724880340166e+01 5.852807501263632162e+01 9.941847051739796370e+01 -6.216596747204394546e+01 6.421905558330067265e+00 4.723927236448818689e+01
6.880978373033774460e+02 7.775877995807769594e+01 -1.949978301737007769e+01 -5.968655246257807789e+01 -6.797132239158315770e+00 -5.490531565108505418e+01 -2.390366667280252955e+01 -3.111545810152959746e+01 6.662380456303327492e+01 2.222834994561905830e+01 -9.724226499211165731e+01
-9.775906816010954117e+02 -3.402152466864833968e+00 3.158189477690089575e+01 -2.538750870768052437e+01 -9.737817562089550449e+01 -2.667694289934374297e+01 -8.723584773405710280e+01 2.899944994010851929e+00 -7.875216471895797099e+01 -9.517958530711123899e+01 9.110566860530343547e+01
-4.189580505834068731e+02 -8.407475519749706905e+01 8.175498417767269643e+01 8.540000244780159733e+00 8.047668685965030022e+01 -9.493149340575170925e+01 -2.925742852532012250e+01 -3.389149267454693870e+01 -9.468181246270921747e+01 6.740083424236235032e+01 -1.056377717935549754e+01
-7.990003045012880989e+01 6.153815270427060113e+01 -5.003813454267529437e+01 7.598673471521081524e+01 6.773309210690879922e+01 -5.199331457452966987e+01 -6.317276697064375668e+01 9.892013020568873571e+01 7.295579763472687773e+00 9.453393853688450577e+01 -5.508890994972836808e+01
-8.303565853453885381e+01 -3.050728083470228569e+01 -1.080482730412535375e+01 -3.011080461303757261e+01 -4.079737364890598883e+01 -1.238888255708050679e+01 9.943803822864367703e+00 3.323331226283900719e+01 -7.051549354064070485e+01 -6.286020769222715643e+01 -6.640373690646536886e+01
-1.442085719022504691e+02 4.277021626886440231e+01 6.567426396557380031e+01 9.005306194856811430e+01 -8.756200860543812325e+01 6.151316373319534136e+01 6.161973583155037204e+01 3.356863907874236475e+01 3.593504786449184962e+01 9.160016476387227158e+00 4.912915249447976862e+01
-3.580540043091920666e+01 -8.393199715619667245e+01 -3.941452226750250531e+01 1.255775090923751236e+01 2.235992753557924573e+01 -9.387732830675454920e+01 -8.955100719039394619e+01 2.899054753767654802e+01 -7.647517710962770821e+01 9.835224833184585691e+01 -7.341112012905864503e+01
4.093942127745478388e+02 5.944198826435663818e+01 -7.460408469634380424e+01 -9.737435161898304159e+00 -8.564723649307046571e+01 5.136480665401052192e+01 1.841808127265792905e+00 -9.056125291146493339e+01 -6.692211470590507361e+00 9.002952365564451043e+01 9.965440049611930817e+01
2.337736149421463381e+02 -2.763632748403720996e+01 -5.813467755898451372e+01 -6.415290968853422271e+01 9.011090257373126633e+00 2.117842118325738454e+01 -4.486947151492535113e+01 -4.093207194539485272e+01 7.091122383895861958e+01 3.138325442473743010e+00 4.663140711280365736e+01
-1.719712375354848461e+02 2.250551548987031936e+01 -1.358810012842410231e+01 3.627647199262719369e+01 -5.642922635175293777e+01 3.539100498994926625e+01 2.842820590160661709e+01 3.810955863483303574e+01 -9.884913041445418003e+01 -2.708243710915505176e+01 -4.950052007278780053e+01
-3.165723527782863584e+02 -7.529551710937184339e+00 5.826241505233517159e+01 -5.257197988000486077e+01 4.326275792994209723e+00 -3.977372458775973740e+01 -5.187649652115424459e+01 2.932711869821568484e+01 1.983157462040287555e+01 -2.653176677719189058e+01 4.110983392393592339e-01
2.212301503365357007e+02 -3.532760875106959020e+00 -2.988514983178711759e+01 7.098978055310982427e+01 -2.991644279280225760e+01 6.080346900489030304e+01 4.206982183181722235e+01 -4.455655225996309809e+00 -4.449509570356661925e+01 9.310652506627749858e+01 4.835581494519999524e+01
-3.975909824751170731e+02 -5.183578304319700436e+01 7.314676729255930354e+01 -5.416437051509750233e+01 -5.820542139122628811e+01 7.269710794358536532e+01 -7.238126298092126376e+01 -2.645936309928562480e+01 3.433157984201261570e+01 -1.413765317618107531e+01 8.192970703436316171e+00
2.908016577491727048e+02 5.886129656630279783e+01 3.793259483955210953e+01 -6.379574760589552795e+01 -1.156412127719733007e+01 5.945286856742120563e+01 -1.845995630684873845e+01 -9.339516004818564454e+01 4.485173691978147303e+01 8.375218117797146533e+01 -5.705560562677212033e+01
3.425602741226176704e+02 3.222017886371114059e+01 -9.464523019193930509e+01 2.084309399352804348e+01 -5.892010313505129204e+01 -2.626828158494505772e+01 3.270937115275179963e+01 5.491940747007916457e+00 -2.250432661853602667e+01 1.666203931342037947e+01 9.095556371460546075e+01
-2.481024806542895931e+02 -6.934899181366481002e+01 -3.207121950394515864e+01 -3.135199137114813084e+01 6.138896397664444748e+01 -1.507856668690735091e+01 -3.500176488230641780e+01 1.763644912811273002e+00 5.323048885807807551e+00 -4.071281040224037184e+01 7.571734113387060461e+01
-3.925577085461103621e+01 -7.593176732836361964e+01 4.051612642569619993e+01 -8.605480269197651921e+01 7.651889780929064955e+01 7.751347849079164121e+01 4.318955574239666362e+00 5.819252309202582296e+01 -9.904351787843367561e+00 1.576109964372147942e+01 -5.723183011057983549e+00
-7.486723702719280027e+02 6.505049115934667725e+01 -3.338016127507266617e+01 8.737639973120963077e+00 6.675962494444775075e+01 6.538629533650737358e+01 -9.860854821472489107e+01 -5.846266667684596285e+01 -6.641500153748924618e+01 -1.891520918334899193e+01 4.016897359256347499e+00
6.900736013347923290e+02 -8.838222136997086409e+01 1.143323966711299988e+01 -8.659923340586081508e+01 -9.409343116418502007e+01 -8.804810761437579458e+00 4.556581821960494949e+01 6.051282370411848888e+01 4.910174374610284076e+01 3.750849799717693145e+01 1.692012203569579754e+01
-5.566758739867298118e+02 3.533730704659328126e+01 7.012772744255292423e+01 7.762965706944723365e+01 7.919314313687993945e+01 -3.865182043143504842e+01 -4.903408553972261785e+01 1.679990603217527223e+01 2.856084233437195508e+01 7.325060724796173872e+01 8.451483098708268926e+01
-2.456880019564590611e+02 -6.853749778688084859e+01 4.636474089579550650e+01 -7.339720215876914722e+01 -4.848356210632436358e+01 -3.883635410934127208e+01 -3.446343843432964604e+01 7.230392825158457981e+01 -8.003792792174853332e+01 -4.293260753034069666e+01 -4.745440163853496074e+01
-9.596233706952256171e+02 3.378745978922711402e+01 6.390016025464916538e+01 5.856623996862762738e+01 -1.094132138129270970e+01 7.796101730455848156e+01 -8.036391625204794309e+01 -7.967757877269946221e+01 -4.441144357959070277e+01 8.840733090384873094e+00 4.914756174570155167e+01
-2.153857361579745202e+02 2.198801576450918560e+00 6.210434707524356668e+00 9.658580216022843956e+01 -6.540909901326475051e+01 9.878905493530268700e+01 9.055624969806871150e+00 2.425846717284983356e+00 5.214208711709005684e+00 -5.327281743291550242e+00 -8.168737290534416218e+01
-8.848388043157721938e+01 -2.924761516318351084e+01 8.361062589205573659e+01 3.910965319358530223e+01 -2.010844914666714089e+01 -8.335427851543526856e+01 3.360841744483289517e+01 9.156951214787554250e+01 1.734194391744314601e+01 -8.591495716058750531e+01 -9.616924752263010134e+01
-6.232932231994460182e+01 2.747741786839227984e+00 -2.961322844342551264e+01 7.868647851890045786e+01 -9.555179501284771959e+01 -2.416861311904909826e+00 -3.583905615540585643e+01 -4.437833431555608854e+01 3.110327470887881418e+00 1.700102426026337810e+01 -5.925620570496798933e+01
-2.160416646571309798e+02 6.157235742636174791e+01 -4.310202433903711494e+01 -1.833466727169042088e+01 6.633917159959503351e+01 4.773454497672352659e+01 -7.661580194691461543e+01 -4.167207307557900720e+01 3.065040061157534979e+01 6.658672519518245281e+01 9.778852176409083086e+01
-8.378849890320218208e+00 8.678660964366795838e+01 -9.534873663147460832e+01 -9.110595037571667376e+01 -4.581246692926901432e+01 7.043627267608849252e+01 -3.488061774636226176e+01 5.994245381405931994e+00 2.778296214526949370e+01 -5.789511780007878627e+01 7.345675533542802782e+01
9.110923794247677279e+02 3.178535429458366934e+01 -5.668662264201975631e+01 9.374591684799025870e+01 -5.777376241537779578e+01 7.702919537396255123e+00 8.916787237489899098e+01 -7.591783244500669525e+01 4.281722620990024097e+01 2.258132474886870966e+01 -9.914564398848328608e+01
-2.703728735734486008e+02 5.150577138124822341e+01 3.799569644941058755e+00 7.573459743089770768e+01 7.742673404799572268e+01 -3.144907524810986388e+01 8.625611190197824385e+01 2.369978652130575369e+01 -9.121292125468198719e+01 -2.332597806283641262e+01 2.151611136707580840e+01
4.181987501764743911e+02 8.630523931103550694e+01 6.290384678895577508e+01 4.847419140582286445e+01 -8.635193628699617818e+01 -3.367280743489644124e+01 8.290900016804067718e+01 5.020228177183633989e+01 8.064809302880561859e+01 -5.800216521257428326e+01 -9.257260279914183343e+01
-6.946267176185810968e+02 8.903009060839562494e+01 -6.728973543328285700e+01 3.294011353301883105e+01 9.508258609976886078e+01 -2.244045967824936838e+01 -8.006387660602085532e+01 -2.766369947964568610e+01 -8.774281173264419920e+01 -2.417537529717715472e+01 4.903088133486320999e+00
2.737204815021660238e+02 -5.707533803825872809e+01 -7.297182346019957322e+01 5.084327311035053754e+01 -9.162055838612546665e+01 -8.726524922605022994e+00 4.031701078236139324e+00 4.152043949477598517e+01 -1.124448382704083826e+01 -7.147310086504646165e+00 -8.945340975911832970e+01
-1.238535936098491561e+02 -6.818252503796142605e+01 -2.787221859422297143e+01 -6.660347176923045254e+01 3.012994277423305789e+01 9.474586726945796045e+01 -3.039830440006907963e+01 4.476587808655671097e+01 -5.094404852340795031e+01 9.991486089420237704e+01 9.396931468901485118e+01
-7.826459172740583199e+02 -5.609336796843469131e+01 1.577421702175540474e+01 5.268538331527923901e+01 6.762339393032948465e+01 6.908809691590843727e+01 -4.366831247428537210e+01 2.481540713798486308e+01 -8.973158617966046791e+01 1.258413724139572309e+00 -2.455295122592870882e+01
1.029326942387404102e+02 1.083718396705179998e+00 -6.095376844592985321e+01 1.881752756766505286e+01 -6.697550934825642344e+01 8.764676921662589848e+01 -5.015297872130446422e+00 -5.100520073400156207e+01 -4.577002509436780997e+00 -1.969635123009484801e+01 -3.207589219120299617e+01
6.468270206123000889e+02 5.699591806532671967e+01 4.587327094508552250e+01 -5.059224500838202232e+01 -4.825422847477662458e+01 4.606193822352759071e+01 9.284817590503863016e+01 4.172709039104475437e+00 6.670605599608336433e+01 1.491670349794095785e+01 -1.168652734739126231e+01
-4.341016435865734593e+02 -4.322765755447349534e+00 7.805364307708777005e+01 -4.937899773618732269e+01 -1.855738872408399232e+01 -1.552245966368121799e+01 4.790786204171590157e+01 6.524265202630243721e+01 -8.673845829125663442e+01 -8.016762960555001882e+01 3.422223530653050716e+01
-3.833235353228802467e+01 -8.058148040270211254e+00 1.081291279848430520e+01 4.506588242684978241e+01 2.338236272299538143e+01 7.324301872226342880e+01 -5.634335004979451611e+01 -6.540857593777163004e+01 8.866178805641015970e+01 -4.142004179922224694e+00 -7.629825567454875568e+01
-6.249284366206613868e+02 2.381191113514371693e+01 8.657950952542805112e+01 6.468772548275472900e+01 1.221807884667336452e+01 -4.118263813880383140e+01 -5.892801891202574893e+01 -9.747014534110844863e+01 -9.735302083334993029e+01 7.036866962186064711e+01 4.512425046089518332e+01
9.992175047205357714e+02 -6.824626148295895689e+01 -2.396707123357025182e+01 -6.427988271502660211e+01 -4.894168003837757652e+01 1.075498592677945453e+00 9.141729041585989535e+01 -8.595632612092171598e+01 5.962147072827647776e+00 2.062017071492394393e+01 -6.680666789648404347e+01
-1.186149996126260930e+02 -5.498101628368689830e+01 1.610719076518232384e+01 -7.963469283126340770e+01 8.332769430796435017e+01 4.099325689254612826e+00 2.938596782270920471e+01 9.127885243437415852e+01 -6.857759387513702620e+01 3.088752061175014774e+01 8.695818019329124127e+00
8.799839534688194931e+01 -5.752697049559824904e+01 2.224613233218528308e+01 -1.139953270878659453e+01 7.745027887059919181e+01 9.216103261112442624e+01 9.937164153009433676e+01 -5.557841724829857100e+01 -8.395452151528644436e+00 -4.886190067536393400e+01 4.070725365867451728e+01
-2.637130242256303632e+02 3.084353073976444648e+01 4.487571583686136023e+01 1.756903205776492882e+01 -5.699000509894824518e+01 -1.614837275830866758e+01 -3.519120474925175301e+01 5.689292566575261390e-01 -7.273710815878320091e+01 1.373979476923643972e+01 -8.558093733720130558e+01
3.758265440256448642e+01 5.588090246090112601e+01 3.732304565814476405e+01 3.366933430932775195e+01 -3.700540563516396730e+01 -9.111778721870736319e+01 1.973395896080589296e+00 4.341724447380178731e+01 4.866220494878703562e+00 5.149284353308920004e+01 5.395183501158268768e+01
-5.891204670565393826e+02 7.423050551860455926e+01 4.973241243875045825e+01 4.590665871535856013e+01 7.857689813461698236e+01 4.184465624598863087e+01 -2.068016795224987447e+01 5.720754131806899068e+01 3.865065999690102672e+00 -6.912333324625376463e+01 -5.284267053180759888e+01
7.097909311840137434e+02 8.776999478067261862e+01 7.682778000520104911e+01 4.211314563757596829e+01 -6.087755438219482329e+01 -4.655682852556329010e+01 8.619250182810813499e+01 4.995645994553711944e+00 2.475901957539889509e+00 8.522591768313759530e+01 -9.409059629564376337e+01
-4.620213521052011743e+02 6.455635072871243096e+01 -2.717694879260056950e+01 8.812693449298879500e+01 8.778241796545924558e+01 8.093623883229989247e+01 2.524342547064539133e+01 2.657780301371938947e+01 2.625587841032090353e+01 -9.143872779997074929e+01 2.407728823246797845e+01
2.359656849444793352e+02 6.348612806860427327e+01 3.434527595297177527e+01 -3.882147020288169159e+01 5.870979662195691162e+01 -1.093804014091641363e+01 1.569446940818637870e+01 4.903329380831641515e+01 4.378523254784013830e+01 7.052645324315724906e+01 5.402660083519432987e+01
-2.541796699756982321e+02 6.483848323976380357e+01 -4.511433514923095345e+01 8.622136340024084689e+00 -1.713873616493302166e+01 -7.394910512770746891e+01 -8.769877615563954976e+01 8.226071990209234741e+00 -5.445622175631237383e+01 5.329440260143968544e+01 -4.413497636910712885e+01
3.929293946396241495e+02 -8.615934176422277346e+01 -6.258508192613882670e+01 -7.511583375263215601e+01 3.271216439378048335e+01 3.074902956731054360e+01 9.178667214928717044e+01 -9.980572632167104530e+01 -3.517149465792374485e+01 -9.260391021052876681e+01 2.781826051015589485e+01
-6.403035805703862025e+02 3.219468424954149555e+01 9.046052434447238966e+01 -1.896770833077070506e+00 8.321091438841133936e+01 6.497089368783892382e+01 4.477177590287902831e+01 1.562818431151949028e+01 -6.772280780710966042e+01 -6.658247821098967734e+01 2.350986498469910657e+01
-1.323829604965673639e+02 4.951848717728969973e+01 9.322201894993369820e+01 -5.040298340714937098e+01 -6.612672019888105979e+01 2.615004671878608633e+01 -7.807536188876811423e+01 2.939341043929343300e+01 1.272462289805751823e+01 8.638369786435745823e+01 -8.021645725081953060e+01
-6.393816199197510741e+02 -6.232801415236350806e+01 8.461221277709387323e+01 8.106873948601250390e+01 2.651406498445774673e+01 8.581742219213234080e+01 3.304541570966347308e+01 -7.721114461514090976e+00 -7.964018834899826516e+01 -1.609796180223470685e+01 1.020438945210358384e+01
-5.030851895850849473e+02 -3.922514877972857761e+01 2.157297481975379583e+01 5.147083779164634620e+01 -9.035482847970286002e+01 -4.995317860074401750e+01 -5.429163629284558823e+01 -8.651094907082037366e+01 -3.401062974367417269e+01 -3.951631321245283601e+01 1.906412090447639684e+01
4.845313002524020476e+02 -1.157070793291026689e+01 3.289504816635721340e+01 -2.455003561890991648e+01 2.928136913185210233e+01 -3.172214807031279804e+01 8.690383761382756234e+01 -8.492554715375069918e+01 2.013797143799673961e+01 -2.362502406681059597e+01 2.205864663510108414e+01
-2.140220541648936603e+02 5.583203949942713962e+00 -1.367850063923839343e+01 6.388597808251887500e+01 -8.049239874307178866e+01 3.258533182675392936e+00 -9.953559961138256540e+01 3.322502030902904835e+01 2.103981900537601746e+01 6.260666520427824366e+01 -9.305383451302549247e+01
2.849467690031469260e+02 7.152627632660767176e+01 -4.958995859207344381e+01 6.325710698702718560e+01 5.030660023891314836e+01 2.481394461201350055e+01 4.858015399941990609e+01 2.858257305012401162e+01 2.192531779827946536e+01 -1.750039985508176699e+01 -5.356485778910828799e+01
1.021983847512141097e+03 -1.328821389369252870e+00 -3.515993678769537212e+01 -7.630051005712562073e+01 5.573517323132065826e+01 -4.893347549981073286e+01 8.918036431091022109e+01 -4.761039125180435150e+01 -4.350252622096364519e+01 5.190030372295345273e+01 -8.436832217297514092e+01
1.278223213670306961e+02 -2.270708746385663801e+01 -8.524508613557175352e+01 -1.277766359176291644e+01 6.564295466188153227e+01 -5.957837741120246733e+01 -2.551830286187673380e+01 7.700826303292214448e+01 7.500689462699213550e+00 -3.521105036575396241e+01 -5.108636722248247963e+01
-1.299574767817089480e+02 -6.383395045650721755e+01 9.636665374816675467e+01 -4.755186532686748535e+01 3.956664467222915960e+01 3.809861684414511274e+01 2.761277443373062113e+01 -2.852351621682271343e+01 -4.951937853793511124e+01 9.265896943499606664e+01 6.917234295880282957e+01
3.200415419528677035e+02 -1.513671480823290949e+00 -6.798277027084267843e+01 7.407356599179414047e+01 -7.192910691863873751e+01 9.511683492685583019e+01 6.769769938199047488e+01 1.902011130636171288e+01 3.170146235839354176e+00 2.252259978046453170e+00 4.107337057133690905e+00
-2.807124120009250987e+02 6.091517086207502985e+01 -3.760832795027295816e+01 9.757973595317406534e+01 7.516977500958040537e+01 -7.836819302644717311e+01 1.723825638820366635e+01 5.959050688971777276e+01 -7.655420711631788322e+01 3.844007357221812526e+01 4.853947356432254878e+01
-1.925784747892817279e+02 -9.025109957722794718e+01 5.433272405367856095e+01 -1.577248930171992924e+01 1.671178202716703254e+01 2.045745606269026950e+01 -6.012776991491271161e+01 -7.996071952545329964e+01 9.169867351052096183e+01 -8.861853893454349418e+01 -9.231097488668579842e+01
4.859767913311424650e+02 -4.638991959506861917e+01 -9.691981196293795620e+01 -9.158938929470726009e+01 -2.108155316990713857e+01 9.222213161123320901e+00 -1.419663386481613543e+01 -5.146076331591012121e+01 -6.724921131242629713e+01 1.280947954888245022e+01 -9.614321524514670614e+01
-4.550122459551202496e+02 -3.230209308946754732e+01 2.383269590327962817e+01 7.434892742411815902e+01 7.156520859122571210e+01 -1.668035603496262809e+01 5.043173830430404792e+00 6.883931153499383981e+01 -9.177667991060638997e+01 -6.799956247807671161e+00 -7.005651283946592400e+01
2.984682172928881414e+02 -7.498664240044959683e+01 2.718466926587706212e+01 -1.073278266597057495e+01 -1.875403401735762543e+01 8.735133595064633028e+01 3.660740060695798093e+01 2.577702122952490527e+01 5.892709762308959398e+01 -9.637883580054506183e+00 -6.943441568464928082e+01
-6.870727856982487083e+02 8.177238487577270121e+00 2.983718994176464889e+01 -4.325984853335782532e+01 -2.597037843792818990e+00 -2.252899125313614093e+01 -3.858167779277516729e+01 8.541361188318660425e+01 -6.013596562661523137e+01 -5.977209488887160660e+01 7.988664405842683891e+01
-5.878345597480910101e+02 -6.535365501444418612e+01 4.632213946365075685e+01 -5.406600010138231482e+01 4.720729083179057284e+01 1.695190351066786150e+01 -8.370328427176498565e+01 8.901233539629120628e+01 -5.271913326290757595e+00 -2.740407057809750313e+01 3.892880218471077569e-01
6.036808105744792101e+02 -3.907956597593206993e+01 1.187998659189750583e+01 -6.372962758246498538e+01 -4.411374417229223610e+01 -9.950102435933953871e+01 2.390968704919951904e+01 -5.046234124595287796e+01 7.968903050917944597e+01 -2.813304760865624132e+01 -1.211483504168320735e+01
-2.377024696133728554e+01 -4.335937004578190113e+01 5.570902130413750797e+01 -8.114211609993080287e+01 -4.438997639698418851e+01 -4.199743562906568428e+01 -5.638843647939665971e+00 -1.780084096499356860e+01 1.073222013665981933e+01 -1.948837926355426475e+01 7.535828434341755155e+01
-5.361277605007336433e+02 -1.339884493270035648e+01 -8.437379275400647316e+01 7.274058948223816401e+01 9.922011186341131861e+01 8.869492316758112338e+01 2.145474650045370879e+01 9.900469640439047225e+01 -9.750042309640593885e+01 4.870005469774469020e+01 9.186737852754734490e+01
1.299607507024613824e+02 2.451650065791402255e+01 -6.422953153259194892e+01 -2.714838367946174458e+01 -5.454692235753593366e+01 8.974832015397947771e+01 -5.845875389594974081e+01 -5.458663118134141712e+01 -5.316030688818158723e+01 8.919587494096563773e+01 -8.788544410651830674e+01
2.421274535083607020e+02 -7.448437595520024956e+01 -8.559476246016851064e+01 -3.715300013883769026e+01 1.250735362908640980e+01 9.435321205733643524e+01 6.413536206459019695e+01 3.234417436054371819e+01 -5.200029217333972298e+01 1.345310319958571199e+00 6.233822851026971534e+01
-4.064940979742543732e+02 3.893379760870496398e+01 -9.751488820672464897e+01 -1.744354424541913318e+01 9.594302033786391348e+01 3.748064805978549430e+01 -7.031331456139615455e+01 5.588381182863562913e+01 -9.167992719758338183e+01 6.377144161062568628e+01 7.801334291500771201e+01
-4.527018512220313937e+02 7.438904079766930977e+01 5.874951876914755644e+01 4.443551749542612583e+01 2.963610342741657178e+01 8.367613090985793178e+01 3.461501596880816578e+01 -4.591324139002352922e+01 -3.063121691809216429e+01 -7.157409851197027706e+01 9.070193712481540160e-01
-3.665500386349742712e+02 1.576935730198955810e+01 -6.928015146734516350e+01 7.033058316199404203e+01 -8.091353588876444292e+01 5.355864835838443128e+01 -4.546859462259054396e+01 4.240034782145409054e+01 -2.230495298997168163e+01 -6.926351099980419690e+01 -8.515129374443286281e+01
3.585682308067696056e+00 -8.419380811012804600e+01 7.132201073564442595e+01 -4.510883975192374606e+01 -7.161348401143484921e+01 -8.132820880840014865e+00 -1.075171797885445812e+01 8.808739653779173295e+01 3.198879576717388318e+00 8.953406531387835798e+01 7.711916402084918332e+01
-9.779464984263545375e+02 -8.050232344566219922e+01 1.408559612552002704e+01 3.135519936732856650e+01 -1.876861849403968563e+01 -8.724255285773195112e+01 -9.751684366531230808e+01 -1.417923062579259863e+01 -7.820976175443645673e+01 -6.389948940597243165e+01 6.109335972431250639e+01
8.297495101592066646e+01 -1.797321376451762376e+00 -4.995823979239801815e+01 8.917180492371022638e+01 4.665529606662687456e+00 -8.870807461194090138e+00 6.919791794001696417e+01 -5.002457053197972670e+01 -9.889835371554980270e+01 -5.421740234984289231e+01 -4.386423990918457605e+01
-2.916141917037959388e+02 -2.598075042124364131e+00 -9.042797622261858237e+01 -5.650179527132883806e+01 5.674830201077023162e+01 1.209362016690967323e+01 -2.729423437240954797e+01 3.703245040873403582e+01 -7.927512969442263113e+01 -8.844793727635267544e+01 7.356532059131893675e+00
-3.118732914883611329e+01 9.696664501902310462e+01 -4.381325749261719693e+01 2.136159738775785399e+01 1.709327131413802192e+01 -7.449017189229300584e+01 -1.176960068019951677e+00 -5.895388054096743957e+01 -7.831127293332771444e+01 -8.102675532405658032e+01 -6.116872925040311060e+01
2.715326394304521500e+02 7.928484149833420247e+01 -5.570689545207683580e+01 -8.270201980484692683e+01 -1.189574176728356747e+00 5.304499295476870202e+01 4.926636279239522764e+01 5.661595250122488210e+00 -7.964899308065403716e+01 -8.371213011775324730e+00 -6.516087151532674682e+01
5.683426033797044283e+02 2.526358894227276153e+01 -2.903248786960490690e+01 -7.952833440455151504e+01 -8.714198973440457507e+01 9.693578351636230650e+01 8.130713278357555396e+01 -9.525463838468219535e+01 7.243472269889690551e+01 -4.381038130067864955e+01 6.051948446952599170e+01
-5.287452462680224698e+02 -4.017916304975510400e+01 7.970674134513049580e+01 1.955965638332315848e+00 -5.017726470544139517e+01 -4.556846880494289564e+01 1.797773538264146964e+01 7.217585209783757705e+01 -9.642714660930555226e+01 -6.061241566087738164e+01 -1.434375303539114554e+01
-4.251459787747223800e+02 -6.821893259740991766e+01 -8.780858912548876560e+01 -4.308409039369040983e+01 8.065032887607375756e+01 5.715351994642702493e+01 -1.720912556854653985e+01 6.760124835912441199e+01 -8.565045154752590406e+01 -8.829233819614943002e+01 -5.484524160311705998e+01
-9.421639167459403552e+01 1.272716814960206477e+01 -6.235773742152714760e+01 7.709388618456540598e+01 3.833043691459167235e+01 6.595149019493183573e+01 2.875998060574582382e+01 4.633486178586727533e+01 4.475035116692941983e+01 -4.125767245085627621e+01 3.810530789437555654e+01
7.534458962783182301e+01 6.070086003473556957e+01 4.350930856299947891e+01 1.477574627957258713e+01 -4.020968501983182364e+01 8.314573679898163050e+01 9.613192691322601036e+01 1.507582362880216920e+01 -7.537796598495674516e+00 -5.534805519146772923e+01 -2.958184817369806296e+01
2.647490287227987551e+02 4.725460242714788706e+01 -8.056395733634147405e+01 -5.039107428382059339e+01 -6.709293420004507880e+01 9.728240530941206998e+01 -6.578958742665186321e+01 -3.342393100802785000e+01 -9.222916646433645838e+00 6.661415594905346893e+01 -6.902098815430370848e+01
-6.295384231965047661e+01 9.794123175758608113e+01 2.277854740368061925e+01 -4.423847751897574199e+01 2.086215697229687294e+01 -7.878779082780617671e+01 5.502769588899434439e+01 -1.343323308747422118e+01 -9.268245353677595233e+01 -3.574776541237069694e+01 9.738215442478843897e+01
-3.168831411612564608e+01 2.530554053161408490e+01 3.360742348303105587e+01 -6.340676306622390257e+01 7.072384847094045313e+01 8.458761444191841861e+01 9.243050211843620900e+01 -4.660471003666742007e+01 -8.542971247037777971e+01 1.651275811844546126e+01 9.032292282435383868e+01
2.517220217139866065e+02 2.116893684559445887e+01 8.479332710924393268e+01 -1.288638669816674565e+01 -5.781174751274642176e+01 3.013157461425174688e+01 1.109910093155397703e+01 -7.338869575676099544e+01 6.960971994089356940e+01 1.658562502190736154e+01 -1.117432606267574613e+01
4.396145674555637015e+02 5.975405542241756507e+01 -8.371846859230976179e+01 7.620674321591391731e+01 7.301741541177989347e+01 4.250209281249303217e+01 3.797822400451877911e+01 -1.454342216945990174e+01 -1.657602914004938555e+01 8.973271007609940852e+01 -4.002215849301104811e+01
-8.288924954065365114e+01 3.764820733062202862e+01 6.995652375746374219e+01 1.284827717983783657e+01 -9.642831913512006281e+01 5.386341544475004639e+01 -2.336200291975976029e+01 -8.211314459271360988e+01 4.845411532664886067e+01 3.078071068405324695e+01 5.034863636961972588e-01
4.164896127920742401e+02 -6.877635434417945248e+01 -4.651201501802945870e+01 1.467029485168249892e+01 -2.246311920448791000e+01 1.979919325338002523e+00 7.598731379337175440e+01 1.599704009030780583e+01 7.608216181228726782e+00 -7.877940944861552452e+01 -3.553233173017989088e+01
-9.624386323499027185e+01 -8.847935346005806423e+01 -5.585572488731563112e+01 -7.973233828373392384e+01 7.300421403564510570e+01 -4.112775399417569844e+01 -7.170686715991018900e+01 8.841440968362070407e+01 -2.404159729053787942e+00 -3.178247528673503552e+01 -7.251708836544111136e+01
-1.206865840775376739e+02 5.366747015336264326e+01 3.088291507893811172e+01 2.893837961636492651e+01 -9.092718693928097196e+01 1.397484792889312644e+01 -7.426501562947451873e+01 1.845103832612625183e+01 2.191364240616577774e+01 7.980457056059395882e+01 -3.787952565376237857e+01
7.293209038727679854e+02 9.101004043936836752e+01 -7.393460113518827370e+00 -7.144874167059319348e+01 -5.209125494941171297e+01 2.647573979033126079e+00 8.049965985648546507e+01 2.205718629263542141e+01 6.126457755019146134e+00 1.020256480865160142e+01 -5.915025657656443059e+01
5.111389295266548061e+02 -7.207990659055703020e+01 -2.733037143851369422e+01 1.185960139606687846e+01 6.479524105052948357e+01 6.098796168860215516e+01 8.923954828294958475e+01 -2.322756138704878026e+01 -1.531824975645442066e+01 2.107139491976472812e+01 -7.898771471999154414e+01
-4.215403092029404775e+00 3.448845939860086673e+01 2.333575192841612989e+01 -6.975036150841182803e+01 -9.561239364065998814e+01 -5.117501174825454058e+01 -7.132044571667768196e+01 -7.455742791305488026e+01 -5.770515625683933791e+01 4.421397234267723775e+01 -7.398133839345197771e+01
1.297873295782595449e+02 6.964992122383367246e+01 1.816286310439443241e+01 1.079992847243597964e+01 -9.621388560301203086e+01 -7.634621010345449577e+01 5.633256228858570580e+01 3.674044816174642847e+01 -2.599819573331856759e+01 -4.175648129775338191e+01 2.243808578299169199e+01
-6.107135748628467127e+02 5.169184827999282561e+01 5.609998482227504724e+01 9.724036958679536724e+01 -3.610894712701724529e+01 7.893153946124721188e+01 4.400779647890627189e+01 5.303559290549247862e+01 -3.916443914189034103e+01 -7.090915868450373694e+01 -1.131194647768572281e+01
1.098947568940198352e+02 -4.331384148236920595e+01 8.628246588896871572e+01 -8.295472438749462185e+01 -6.499124206563465123e+01 -3.578278834223804949e+01 -8.712466505164542241e+01 3.459586766338890129e+01 4.848287844478147690e+01 9.131245221346475205e+01 -9.102530885307675135e+01
-5.132732112085650442e+02 9.974731476610085679e+01 9.054938836090482823e+01 5.646037871639884997e+01 -2.689423442988561419e+01 7.138977150814056927e+00 -4.993147435718316984e+01 -9.801228744072803067e+01 4.209747452760365150e+01 -3.596873096220242871e+01 2.190861359354943261e+01
-3.883535883268698967e+02 1.977035282569043773e+01 -8.894855336535157164e+01 -1.309342802632353653e+01 2.004128390105084634e+01 -9.974351879563185719e+01 -7.865818456113369450e+01 -3.377365406457401775e+01 -4.113496209277085569e+01 -8.567053871472793958e+01 1.965589619293304224e+01
8.490556470712949277e+00 6.616800439701688674e+01 -3.138574292453526482e+00 3.541997860617999550e+01 3.170123397349939864e+00 -1.448848479689853264e+01 1.808577070208592374e+01 1.646273070287935525e+01 6.545471386647861323e+01 -1.132492485843737029e+01 8.051686880527779522e+01
1.604073593939986040e+02 -6.478578996834762904e+01 -9.013792568014964957e+01 9.222043226944740013e+01 -5.825960363198561254e+00 6.097989526033506991e+01 5.752787224489398454e+01 -3.648307585179790635e+01 5.218609367250110154e+00 -8.155770418103315933e+00 4.098375809778505641e+01
6.248450986353687995e+02 -6.134791340769689327e+01 -4.918592956301108643e+01 2.953221720016912855e+01 -2.978025569136578099e+01 -1.730946526473549341e+01 5.153693141377141274e+01 -3.839315477294606893e+01 -6.711364343356740392e+01 7.358219885830447993e+01 -8.957668941282435071e+01
9.688309505514607736e+02 9.808495179164310684e+00 -6.563855066062666310e+01 -8.637132877267001163e+01 -6.293042322366986241e+00 8.463169847767821352e+01 1.756442784326215190e+01 -7.243276924900746394e+01 7.226016291569160899e+01 9.387159521152179309e+01 -3.988317025476659694e+01
-5.099003440134227958e+02 -7.483296395247032251e+01 3.971499057744867400e+01 -3.024253354798848648e+01 -8.273761648267863222e+01 -5.674581064570561040e+01 -5.135073437663735518e+01 2.936141933155485617e+01 -9.777493817424802103e+01 -2.243978521565937001e+01 3.767587518891585319e+01
-1.510095228332797888e+02 6.389023694713046098e+01 -2.762747362567306197e+01 -4.385057975966972776e+00 -3.697002235722636954e+01 -9.409753701330647857e+01 -5.076086689880290237e+01 6.000880906147438054e+01 -7.298756086706188739e+01 -4.931724782703255983e+00 -3.110849636675389718e+01
-4.391926071292797928e+02 6.510312020232197483e+01 3.215322251058822189e+01 3.585339874801604765e+01 -5.753972474557300387e+01 -6.106526145156281160e+01 -9.105047165557813571e+01 -3.972081317387254984e+01 -3.352792954843741313e+01 -8.533124413353675664e+00 -9.662602212029685234e+01
9.432636489183156527e+02 -9.120475559701053214e+01 -9.560889327124478143e+01 1.081033839299870181e+01 -6.185083880611132656e+01 3.758294836640615699e+01 9.718258455787827188e+01 5.558588684668717406e+01 8.213805857516845776e+01 2.659627954542310135e+01 1.283526116090587266e+01
1.259823105831801797e+02 1.048613644996356697e+01 7.278374130096696604e+01 -9.393745405405013571e+00 5.334883075322301238e+01 -3.588030610479123084e+01 -4.850715088456709623e+00 -6.161108798396259800e+01 -1.389651551141560049e+01 4.014398315574962339e+01 -8.884915603448570209e+01
-3.480711415160052411e+02 -5.755231970110295237e+01 1.140775348199096584e+01 7.233061100851838887e+01 4.167404302201845212e+00 2.101916710451928338e+01 1.819514951845522432e+01 -1.119736994790002882e+00 -8.983546961755534710e+01 2.983497343594490303e+01 2.221333065763460013e+01
5.966724027560198920e+02 4.054833042040201008e+01 -2.099847961149208686e+01 -8.815641778367744053e+01 -6.742132665067357777e+01 -8.417929207845264727e+01 -1.557612026028006369e+01 -8.554451162575678325e+01 -2.631423062931203560e+01 3.916937931065703538e+01 -5.069715385485402948e+01
2.937094856440760964e+02 -9.040698460574661510e+01 6.352457942761728305e+01 -5.154565381770795085e+01 -9.751334227243827968e+01 2.663798839334575064e+01 7.022334840023702895e+00 6.178976552464880001e+01 -9.279363160940718558e+00 9.028149801122268059e+01 -4.841001571209106658e+01
6.923616830344322182e+00 -1.269148992838140089e+01 -6.943076220249861308e+01 2.479992585035155628e+01 -8.218623143326090030e+01 9.943636778822670408e+01 -3.511261828727295153e+01 -4.094897468859159062e+00 -2.378448856667996836e+01 3.493332058460168810e+01 -5.433293814917517039e+01
-8.295092912431694003e+02 -8.041758989611669506e+01 6.232534268647845010e+01 5.155833662758979585e+01 -6.768189454681140660e+01 -4.996772691490285467e+01 -9.633789012907413962e+01 7.835673748263562288e+01 5.614601546527984510e+01 -7.301002385591665700e+01 2.130747111224640378e+01
-1.653900847102574687e+02 9.559800548726630609e+01 -3.161827130799179031e+01 -6.763373423824376118e+00 -7.345849037959706607e+01 -9.146182138773029635e+01 -5.373328949470530347e+01 -2.624030405725235937e+00 -2.574372781300178303e+01 6.963501153169048052e+01 9.532687927970911801e+01
3.142041861477214297e+02 4.648167972764628075e+01 -8.312913016811924649e+01 -2.189367194294153762e+01 -7.710985284253354166e+01 5.269290210391488927e+00 -2.268308254858311557e+01 -4.489749996294223422e+01 -8.370115270249236517e+01 6.034678855797346841e+01 -4.963112199793589241e+01
-2.069073811848830076e+02 8.264421147794189437e+01 -2.186184599545148899e+01 -7.799383769436592218e+01 4.196720304773606358e+00 -1.345766939679415941e+01 -4.107424418630489527e+01 6.650090847278605111e+01 -6.179634573212744186e+01 -3.735143773210737095e+00 1.209494904914147639e+01
3.448150797653959643e+01 -8.853202080635375637e+01 3.783886240935640899e+01 -3.453172598188140796e+01 6.128778201574922946e+01 -7.763215015140805519e+01 7.480190477857541964e+01 4.717008708017550589e+01 -8.289391721232873067e+01 -1.771270971099907854e+01 2.718489045398095527e+01
-2.311879739129907705e+02 -9.306585336799425079e+01 6.250961989412189723e+01 5.254364392474371925e+01 5.934601943126162382e+01 3.265335051452663606e+01 3.768465522677954027e+01 -6.191641966068390701e+01 -2.484005175126755205e+01 -7.688935319075056896e+00 -1.005356516477257856e+01
-4.997145234120619079e+02 1.112432823758680911e+00 -3.439474255617795961e+00 -5.866182931171457682e+01 5.490127926579208406e+01 9.938163064892378884e+01 -2.389804670795641073e+01 -5.072818757258971800e+00 -7.651986919498649797e+01 -4.692430611753379566e+01 6.676303619843665160e+01
7.573549971328534411e+02 9.639791686526416470e+01 -8.554384038175651028e+01 2.469753372855024054e+00 -6.114576301921481871e+01 8.707161514681047265e+00 8.575895820771134481e+01 9.189821837903275537e+01 6.861080872504203398e+01 2.534335112549740643e+00 3.451000737279400710e+01
1.452322152966239628e+02 9.139270877902484358e+01 7.080855196200278101e+01 3.127036423508664598e+01 -8.728042151836493190e+01 3.355427881158473724e+01 5.243643924775335563e+01 -3.697955482401577854e+01 8.304953776335409543e+01 -2.469216902000890457e+01 -7.682872416992904618e+01
-6.836845936367126342e-01 -3.671507105073315103e+01 -1.807047584472698531e+00 -8.434002775507379113e+01 4.290149345760741539e+01 -8.601686843821656225e+01 -5.987213263309736533e+01 -3.103339755581929182e+01 3.967736966822820932e+01 -5.218147772299450793e+01 2.459630262801665879e+01
5.670462058299384012e+01 -3.367750161650199914e+01 8.324795208642819944e+01 7.603985022491590939e+01 -6.371161224862349570e+01 -8.237608279909764519e+00 7.605804808339578926e+01 -8.616229369728330312e+01 -7.279165565926557235e+01 7.424412241136863599e+01 -2.926529019097155526e+01
3.526801443669062905e+02 -7.506730241200688170e+01 -5.168639445624154405e+01 -5.100571909338800225e+01 -7.904418675088436430e+01 -9.707119506945632281e+01 -3.308034499982470322e+01 -7.972966613532824454e+01 5.090813598537744156e+01 -8.978291118173868313e+01 -6.304793952814626579e+01
2.803867421603553680e+02 6.664145422598025448e+01 5.155317326413722867e+00 -6.157883549695682746e+00 1.123771575702488690e+01 2.721476542056791459e+01 2.447900033161741362e+01 -2.663437717069339783e+01 5.722868939084960971e+01 -4.441950922822086767e+01 -7.747960978140793031e+01
-4.824440389983243449e+01 -6.959945006574616855e+01 1.613501430073496579e+01 6.668589327176451320e+01 -5.323523192920269764e+01 5.709254577971404387e+01 5.679661680275077629e+01 -6.828268626012443576e+01 -3.673973920028057449e+01 5.980749493572855613e+01 9.228641310299602196e+01
4.762096496144043556e+01 -6.923701041576708803e+01 5.115027394617044365e+01 3.620462391384796774e+01 5.572169580441627090e+01 2.130937230960583406e+00 5.086036820946844728e+00 -8.686030295154168357e+01 3.660671191184647455e+01 2.793794721098964828e+01 -3.220578750345835317e+01
-1.939551920031883014e+01 -8.080025198442785950e+01 -5.213668225770078379e+01 5.527824336385847914e+01 9.634453573698081641e+01 8.105200707643237479e+01 -3.388077171397611664e+00 2.892579159201568473e+01 -2.380235207720848223e+01 -3.510023277795610852e+00 -8.296665199954493630e+01
-7.325701125228284809e+02 -7.384721080626579237e+01 5.345790468105420246e+01 5.883783483468448594e+01 7.412138158733597493e+01 -7.499570737108200547e+00 -3.480354703658758808e+01 1.398077755833779179e+01 -3.547737393868359845e+00 2.363631310496103310e+00 4.972458344659420959e+01
2.936307423478151577e+02 -7.390752885276555162e+00 -4.172745731293679228e+01 6.677208654833518153e+01 -8.148679284284972368e+01 -9.463179755879735922e+01 -6.011407037872504588e+01 2.479864350471473244e+00 8.415751934191300165e+01 8.164721135408117902e+01 5.694139603862822696e+00
-4.066032707495032810e+02 4.110839772177808982e+01 7.993812864290819675e+01 4.404777482333020089e+01 1.327169520104021672e+01 9.762429827482046107e+01 4.325996833205337566e+01 1.829577880888655272e+01 -7.688629574592427218e+01 9.584705361412315483e+01 2.787568425075113510e+01
-2.995626914271419494e+01 -3.650623745905932083e-01 -3.806041609776544732e+01 -4.172246267389567720e+00 3.522055641834546691e+01 2.316089361723940954e+01 -1.177743056848150616e+01 9.170950395668597821e+01 9.592010888436436744e+01 -2.636943694310451747e+01 6.454412457885646859e+01
-2.588990170189161972e+02 2.795923997996708010e+01 -3.683721242117314887e-01 -1.080911050023165387e+01 4.577843701032668378e+01 -4.406552338642541855e+01 -3.376528455797478045e+01 8.047024737722054510e+01 4.340925428295662414e+01 -4.539661659486044698e+01 4.548294643313886354e+01
1.685640699620680039e+02 -1.166668698312712138e+01 8.396024542397768187e+01 -9.262446474560832144e+01 -3.219154541812341108e+01 -6.222014008578109667e+01 -4.450553354439121989e+01 -7.208057989351988226e+01 -6.506332461258021738e+01 9.031498504553687212e+01 -7.492721559932692799e+01
1.832588408560832249e+02 -4.074114387638159229e+01 8.831143265614235816e+01 -6.136854178738013843e+01 -6.195585382906448046e+01 8.133927961113874971e+01 5.870358047266361723e+01 4.187377652574733133e+01 6.409575147653063709e+01 -5.736222802943311194e+01 -2.309581928933428685e+01
-3.726636279467672352e+02 -5.567326831645360130e+00 -1.362582594021175453e+01 8.275129930405452683e+01 -7.857101821626829974e+01 3.925253701377314997e+01 -6.554432136764603456e+00 -5.939836705492911051e+01 -9.177815957831143123e+01 -8.079925262407996911e+01 -5.489733529596658457e+01
6.281517620544503870e+02 -8.784591883690369229e+01 1.743064519538305035e+01 -6.387981633570727524e+01 -6.673790850880573089e+01 3.924520346165013507e+01 5.071824001989330100e+01 6.172241580114709336e+01 5.127546453673573978e+01 8.156150742932081243e+01 2.341123873197305727e+01
1.984935003530984545e+02 -9.749619386553236211e+01 8.323394403722389256e+00 -9.127019520678332754e+01 -1.765453909512903863e+01 -5.591950794846894013e+01 -6.391485436995994007e+01 3.674134585912696593e+01 2.589197190443239549e+01 4.398090788921058447e+01 -7.401112158675884700e+01
-2.376425654144120188e+02 -2.260071024084420799e+01 6.156774752798816053e+01 2.138670555297098019e+01 2.382311442354843223e+01 -3.403028470941329431e+01 -2.407668561512070937e+01 7.434856436125485857e+00 -1.039900972893450160e+01 8.195234408326837183e+01 8.115418695121948645e+01
-6.871225105951349121e+01 3.798902377943227293e+01 8.720536067085805598e+01 6.656452437609013373e+01 -4.213464498928227897e+01 3.812427176942506435e+00 5.589762107757692888e+01 6.465517726623815520e+01 -2.322522321355613428e+01 5.901136230949518335e+01 1.390967252062478110e+01
-3.336809976585518029e+02 -6.302978111758335444e+00 -1.343473264044179416e+01 2.710757953524334596e+01 1.956882758767028463e+01 2.881429557902376359e+01 -7.497312727791398856e+01 5.815247809750835017e+01 3.996664356247040928e+01 8.364983555582486474e+01 9.889889874408143555e+01
2.591623344277596175e+02 2.793485451104935180e+01 -6.908547773095861544e+01 -7.012198014466157758e+01 -5.651868912970290637e+01 -8.591664254305442228e-02 3.059844569002135017e+01 3.841914414726318228e+01 7.055554484990713604e+01 -9.534902323512864086e+01 8.977351264287236177e+01
2.210930241068859345e+02 -2.924271486246098561e+00 -4.305110782965533645e+01 -9.733946604669783653e+01 7.224322626309179896e+01 8.237568631502412586e+01 6.879343323940645405e-01 2.062167163124044578e+00 3.756456927928499567e+01 3.080081033086199227e+01 9.871810748359524723e+01
-2.144597213033963214e+02 -5.006909548431464430e+01 -5.137859023285194127e+01 -4.626334807796428095e+01 -9.122998718437058585e+01 3.041595996206001473e+01 -8.306125475788132917e+01 7.376530560725140617e+01 6.540926977887673388e+01 -3.909859967857065755e+01 4.279054818009649352e+01
-2.945234339158977832e+02 -3.799930573615057483e+00 -2.712525235984266203e+01 1.385128776913597903e+01 -2.666651545073325735e+01 3.945958052277453021e+01 -1.266934598042730897e+01 -3.074134252705952974e+01 1.411882688867285651e+01 -7.379065411499819049e+01 2.974196627725302733e+01
-5.907194278989673819e+01 4.344095627096695011e+01 -7.798474220639263876e+01 -2.795549994302344032e+01 -1.187057250150307652e+01 9.602000471914163882e+01 -8.521656340548332764e+00 -1.265410494434860311e+01 -1.145596249421554091e+01 -2.861362943676564896e+01 4.244487113829109148e+01
2.692285936346009407e+02 9.733063802363764694e+01 -4.767154660396602139e+01 -2.890473450413837497e+01 6.352550482587056990e+01 9.264002233767078565e+01 9.994106691034815526e+01 3.843968144154789002e+01 -3.203936156865556484e+01 -2.096603605074484733e+01 2.467412390307835324e+01
6.497375589320876088e+02 9.265701581719969226e+01 -6.353862098357399191e+01 -5.331063084326659407e+01 -6.688230374654773414e+01 -6.322322048436053166e+01 5.684119986059619123e+01 4.417378698430468376e+01 3.439394447636189511e+01 -8.021076039111594014e+01 -4.527076524612316888e+01
-7.424675523167162510e+02 3.202423528411318898e+01 -3.908235210996721776e+00 7.103967044152048516e+01 -1.360884395231592237e+01 6.944239367819321274e+01 -6.475116958596984773e+01 6.040849869176759057e+01 -9.463981482568098613e+01 8.858863540697825556e+00 -9.454040611814140505e+01
2.648291175264795925e+02 6.209485263541029099e+01 -6.410567145123116006e+01 4.043179959776480814e+01 -9.451460369723596955e+01 -2.552650440601529169e+01 1.351602649953392188e+01 3.434271270166499335e+01 -7.512828752888462702e+01 8.700751102080610622e+01 2.556804877991055491e+00
4.279737081699707346e+01 9.098272412339125026e+01 -1.660240472400651868e+01 6.665299713374625412e+01 7.818135479162236834e+01 -1.400743522368006211e+01 8.568161093546254392e+01 -8.340839588876048083e+01 -8.875089059790531110e+01 6.956298102830649555e+01 8.508254542042092794e+01
-1.179331731264905585e+02 7.325335541203514822e-01 -6.767736445127985689e+01 6.492118630221267495e+01 -2.049833810138153467e+01 2.839461623154522840e+01 -1.721067523588155268e+01 3.045590619810758426e+01 9.959144562186915550e+01 -9.119035761700794751e+01 1.952837232299478387e+01
1.773640745714085938e+02 1.387369395702279462e+00 1.720520732853074719e+00 -9.379458012037389381e-01 5.500513833130639796e+00 -8.168717055831314156e+01 6.591900353074873919e+01 -5.610402731782372143e+00 -9.838448147595781279e+01 9.841414607460592379e+00 3.122947481433439521e+01
2.111397585821257223e+02 -1.570278268971559044e+01 -3.862947026136633610e+01 5.735097468417754385e+01 6.493666255090744244e+01 -1.325921481630135190e+01 6.761265224916681404e+01 4.198049420444317548e+01 2.120871241370764437e+00 1.971121176932571473e+01 -4.304531735779724499e+01
4.569517054002090504e+02 -7.086014878144879958e+00 -7.494462679839257646e+01 -6.877004784750550925e+01 4.717768574252610847e+01 -9.698954339106404632e+01 -8.000738307805747240e+00 -3.035665793668718493e+01 -8.751925959669613064e+01 5.809373477204766800e+01 -4.286271056961001591e+01
1.305618931666616049e+02 -6.422588375268475147e+01 -5.891595915737077860e+01 7.206410289147638082e+01 -2.566065430354235843e+01 -9.809248131537775350e+01 -4.445855355028811573e+00 9.733428736852326324e+01 -1.585423509779337792e+01 2.386905684732541033e+01 -5.922294767995015263e+01
-7.325215044864663696e+02 9.314330872056657995e+00 9.654085228446234623e+01 8.399266734971823212e+01 -1.523018275027510526e+01 3.130593813310190399e+01 -1.737154610993718507e+01 7.917962569570772757e+01 -8.346238955297860684e+01 1.969280004935302486e+01 -7.193208985863623184e+01
-4.830322048947150506e+02 6.769623594137769373e+00 5.512468022451696470e+01 3.634887057846037806e+01 5.349008772383731980e+01 -6.320043350142449867e+01 -1.545052801081911298e+01 5.481786671417168577e+01 4.272574018800852969e+00 1.033225856106001572e+01 9.613451729211647034e+01
2.123220617421293639e+02 3.398344078696283077e+00 -4.599003596942858962e+01 -1.361704221452235686e+01 5.592757746450951117e+01 9.587118969193716111e+01 -1.958104281828741478e+01 5.465160390248144040e+01 7.837666658810744025e+01 5.599919569292234200e+01 4.720777835818523727e-01
8.649200865741805444e+01 4.652565694911712058e+01 -2.137694276757855505e-01 -5.741111172596227163e+01 9.222540517512413771e+01 -5.517397936389176749e+01 -2.603281705215184161e+01 -8.221429052297264661e+01 -1.471658221272622313e+01 1.907945055158852199e+01 2.753279938028072138e+01
1.628527886876053401e+02 -7.717435775391660968e+01 3.101839402099219001e+01 -7.529390697370970997e+01 -6.679659769111840717e+01 -6.406507259519813147e+01 -9.172231178638739379e+01 -7.148248536091784899e+01 4.817284837249835050e+01 5.131867460509891998e+01 8.744796672990489128e+00
2.466073187436795990e+02 9.156714468147228558e+00 -6.816291578082069691e+01 -8.257536201966692602e+01 9.389266061280889630e+01 -5.326835528415028165e+01 -8.926604263881567647e+01 -6.004917009508672265e+01 -7.351339374016774286e+00 6.054671119972462634e+01 -9.147793098732927319e+01
-3.852264146989450637e+02 -5.313921436215103000e+01 1.048818794598018656e+01 4.362077961617740129e+01 5.437851313942005049e+01 9.634960751753860109e+01 -7.616082203925714111e+00 -4.994597759548735638e+01 8.179455824298167954e+01 -7.453378387289204454e+01 4.523934538659460713e+01
1.168424892041951750e+02 5.240435029849277271e+01 8.184558442442823889e+01 1.704977732986453987e+01 2.252752547159391838e+01 -2.330132911841242560e+01 8.993503987146587519e+01 4.083587920452470144e+01 -3.785525446784723158e+01 8.246712099262299489e+01 7.518772002862422710e+01
4.358555297878439774e+02 6.394603390418595268e+01 -6.600165207580110405e+01 -2.323847611962509063e+01 8.250346414772863568e+01 5.284882791815221026e+01 6.935505938094621570e+01 6.953043099050276510e+00 6.507702398470408411e+01 -1.985173305740212868e+01 7.705072205019695275e+01
-8.047590531048645346e+01 -3.201362036844474801e+01 9.405268609617988318e+01 6.485125746656902379e+01 -4.543337734203285549e+01 8.521061896240175315e+01 5.605952906915635481e+01 -9.317485845409345302e+01 1.238203298082002846e+01 -5.144177704003829632e+01 -6.707317385563152357e+01
5.457650975162641771e+02 -4.937105340449274848e+01 3.402356622662219365e+01 -4.555092129602076056e+01 -4.680873367757085646e+01 4.962382027229182313e+00 5.321691833831746976e+01 2.037477324779403887e+01 -3.440902862308389842e+01 3.077721839817192517e+01 -5.173175657846553577e+01
2.097387951031976172e+02 1.463093197696272796e+01 -7.948423129253892228e+01 7.022901018552903452e+01 9.720530073253459591e+01 -1.339216142814711930e+01 5.716930298689592860e+01 5.531860917046927284e+01 -6.790447940668417459e+01 7.605578398375229199e+01 -7.584132887788115340e+00
9.838952348849240934e+02 -6.788716491217532223e+01 -4.450035107981386773e+01 -7.247336957693906356e+01 2.412323126039555632e+01 6.094145373579863190e+01 7.055701539424111957e+01 8.560770685609716679e+01 5.997100699435503657e+01 6.217029975364695815e+01 -6.421516134516696184e+01
-1.021697009778718623e+01 -5.561203795337803513e+01 -1.289678173479902057e+01 2.651458145615677608e+01 -6.915327714938794657e+01 8.437614067250237326e+01 -2.975032099988690959e+01 4.367976315928180497e+01 7.063804609231237919e+01 6.631140696537786994e+01 5.167572946327038608e+01
-7.269904724476923548e+02 -8.513249107453466991e+01 7.638414320466679897e+00 9.375488591365697744e+01 7.459210415976704667e+01 1.954094931959200210e+01 2.979951886283691920e+01 3.041209217826005329e+01 -8.151802121312661598e+01 -8.179672552466945490e+01 3.202684045811639635e+01
3.583882911007836469e+02 3.460545225907438294e+00 -2.709567662535521038e+01 -6.731721366965209086e+01 7.596379743060776946e+01 5.924179032830926417e+01 9.716561535476833456e+01 7.875147185102647995e+00 -3.000373997991150077e+01 9.557307286253404754e-01 7.466815077674903023e+01
-4.558929159140346599e+01 -2.806429090286250982e+01 -4.425824911537814899e+01 9.089687412501967856e+01 1.701168054410884167e+01 6.322605502623329699e+01 1.957772961238670462e+01 -4.442190447197398129e+01 -3.000648100421203424e+01 -1.476064190929669451e+01 -3.585764845416510127e+01
-1.815300426907622580e+02 7.001952697848281559e+01 9.409085534240426796e+01 6.802636434309485480e+01 -2.679453141181721776e+01 -5.682463467122389744e+01 2.691309763784907716e+01 5.654468416229988748e+00 -4.599102107832335662e+01 8.746739900962245429e+01 6.090562079582670663e+01
5.738917081124043307e+02 6.677809766773080469e+00 1.496036910629197791e+01 -9.256306747783928301e+01 -3.340366321710519060e+01 -1.596211509385135230e+01 -2.325837184464546681e+00 -8.103700834685028553e+01 6.250975871624302727e+01 5.405833872605231250e+01 7.007515538503497510e+00
-9.477914072298293036e+01 8.288677892148228921e+00 -3.152416168899661386e+01 7.491370919616670676e+00 3.242586806383030762e+01 3.615462920542995562e+01 -6.947612750954066030e+01 -2.873858855342179197e+01 5.658221201036434422e+01 -6.476589360414024554e+01 -9.365858533608783887e+01
1.821239667811533636e+01 5.388861960066080314e+01 -9.727283127295889642e+01 -1.343296524674097725e+01 7.134382456012085072e+01 -8.381033656119711850e+01 -9.648990823604448508e+01 9.098778160590609332e+01 3.966926611089340327e+01 7.460883314180298953e+01 2.013146812226923998e+01
1.432335496150458880e+02 -7.812125285030226962e+01 9.630696059802525610e+01 -5.257827422360659142e+01 2.195632265435445163e+01 -9.321612733584655075e+01 9.560503121201080035e+01 8.980659374875824597e+01 4.850035127747079855e+01 -9.574929638098188889e+01 4.232830851070929157e+01
3.599743611258620035e+02 -3.994540711138719047e+01 9.470822707727975853e+01 -6.422367853458921161e+01 9.673093585379885440e+01 7.240665003817881029e+00 5.191138430359723088e+01 -9.710245597855960398e+01 4.731393518453592151e+01 -4.141038971013404080e+01 -9.170765825028819052e+01
2.638292919325235530e+01 2.636329073085563834e+01 6.025905882810292269e+01 -8.040157934537984374e+01 4.542935742967597434e+01 -1.547534033117368324e+01 -1.987712016334003806e+01 2.187443482648487247e+01 -3.939172240763382149e+01 9.437834617211689192e+01 -8.354327179378515211e+00
-8.620106644316280153e+02 -6.709511234353141163e+01 2.353849375593912896e+01 6.244729828293961305e+01 5.404168044109795233e+00 -6.427278329031165072e+01 -9.225729076831095199e+01 7.929423718535218768e+00 1.352334330419434139e+01 -7.189509209545138901e+01 4.886978753847083112e+01
-3.671432783330000404e+01 -9.361556879156702848e+01 1.052534372145386499e+01 8.997926938460580004e+01 4.968070915041982971e+01 -2.152661139694158976e+01 3.471765238722653635e+01 5.661092726779651230e+01 3.450043366321688154e+01 -2.887043090260308986e+01 -4.611711736751686885e+01
3.332409879181616361e+02 8.050297248246613435e+01 3.073241021626316183e+01 -8.484274699941934728e+00 9.198559384610723555e+01 3.764997640845132310e+01 5.285949922375618826e+01 4.711541207794479647e+01 1.530267141819858523e+01 8.548064210012952913e+01 -4.182357077086648900e+01
-4.171352942040617791e+02 4.530381931133192097e+00 -7.452772711652362148e+01 7.128619962622110506e+00 -4.783245831528282110e+01 -8.358970469203221398e+01 -8.476719475491626099e+01 1.843353853098659556e+01 -5.549091164195052528e+01 -1.858605231953332293e+01 4.588834279265029181e+01
-4.462721196471042049e+02 6.644175765009777024e+01 1.994305146892743608e+01 2.244516796201440911e+01 5.092042096378983729e+01 7.066956997772663840e+01 -1.896370821365852066e+01 1.168677000837729452e+01 -2.687215208044491987e+00 -8.198317649155825393e+01 -4.060715936490380074e+01
-5.434121034626348319e+02 2.388503594933359864e+01 6.261755110230484433e+01 3.358302730522623847e+00 1.503366249287736878e+01 4.537889474379284138e-01 -9.537644528313045100e+01 -4.059577984272426932e+01 -6.096560418896410738e+01 4.063330859264794981e+00 -9.934336571489859580e+01
-4.288247016591064664e+01 -9.986411433116654734e+01 4.853306892354274282e+01 3.349368380536267864e+01 8.108236276439356516e+01 9.098580510006513578e+01 9.624116606600048840e+01 -3.302567928624435467e+01 -2.755194955270978596e+01 8.129554390653410678e+00 3.774367126303349096e+01
3.829896703918282697e+02 2.469234539986800314e+00 6.139595134112823871e+01 -1.064335677501844657e+00 -2.281311064861979787e+01 -2.979188867463507506e+01 2.299184998573061023e+01 2.457463420204221904e+01 -2.902881451021679027e+01 9.584704591967076226e+01 -7.916166427809938000e+01
4.263488854689658751e+02 4.877427985312456826e+01 -4.141813759657780025e+01 -3.477785808504452802e+01 2.208873750843902428e+01 -1.968275096494480181e+01 5.924482963032602356e+01 -1.166814011280334284e+01 4.772994723062558364e+01 -1.114774026407437191e+01 8.176914817722118300e+01
1.633397627344065484e+01 8.417749444510366175e+01 -2.699484448373618761e+01 9.325926176735615059e+01 4.308921043833254316e+01 -1.566481196282201438e+01 1.020651567769874646e+01 -5.838596038688652357e+01 9.189704438662863595e+01 -9.702558667328435149e+01 -6.321710626683429979e+01
9.408214663731428118e+02 8.590362907146948146e+01 -9.681747425055300482e+01 -6.540723276191189939e+01 -3.074713434446512395e+01 -9.862728434119138399e+01 9.362490664941469731e+01 -7.399125285336087643e+01 8.023005625798361962e+00 -9.319858957691363344e+01 -3.227400240477807358e+01
2.531717894824542441e+02 2.755478622506947772e+01 3.292764882994433151e+01 1.776392314467372557e+01 -6.678770069339965687e+01 -4.462073313592739510e+00 6.981131369263309239e+01 2.684404053821150171e+01 -9.065442984442904617e+01 7.544319063857327023e+01 -2.786737094507870438e+00
1.294351591161554325e+02 -8.270590631960159556e+01 -3.317265691071808931e+01 5.724089759433564950e+01 -8.091502153266176833e+01 -3.358144360099643677e+01 -4.292929944265131326e+01 -6.795120559941707938e+00 6.104061125630116180e+01 4.698927707711050061e+00 -2.996689447088967029e+01
3.639712967274331277e+02 -5.838313482160295820e+01 2.715756098262869500e+01 -4.128391967816973107e+01 -3.616013514291074671e+01 2.990578670365553648e+01 8.548837862317384406e+01 5.911880681297887463e+01 -3.621114966392005385e+01 -8.435291397792624934e+00 1.352976404470524585e+00
3.639672626720857807e+01 -5.652174087793186885e+01 -3.209101223444579887e+01 -4.869848594226679950e+01 9.040063316921654746e+01 -5.562479197124056896e+01 1.362278639664067725e+01 -4.503242029175218164e+01 -9.142282375778781045e+01 -1.986518363431480338e+01 -1.800618659866026405e+01
-6.992524462992062695e+01 -6.728172390830711436e+01 -6.168042416708361486e+01 8.266756639452071909e+01 6.028197784483967325e+01 2.693054773070961971e+01 3.021911725610107169e+01 8.136159758436122047e+01 3.815465549847715465e+01 -2.819649559405836214e+01 2.330552104558283588e+01
5.908399725314206563e+01 4.463668104651958402e+01 -5.898930458385333964e+01 7.118387038872481298e+01 7.297813597121822227e+01 3.754950736483294804e+01 2.465489152543523232e+01 5.645231553527079882e+01 7.511428954513465328e+01 -3.208729705399949239e+01 3.668748290794891886e+01
2.059366515232068906e+01 8.137598576289749985e+01 4.639534727473943576e+00 -6.177534670011945650e+01 4.050785495184115348e+00 -4.099942680118368799e+01 -3.544003015623782460e+01 1.606299131636717448e+01 -2.300393934063762913e+00 7.376584135675710741e+01 8.826908632572710189e+01
-9.735560064346515219e+02 -8.817073918600029003e+01 4.661499450085929652e+01 9.519624697939380553e+01 -2.496319826499689043e+01 9.362330205977335140e+01 -5.438614356472317724e+01 -5.922238730180410471e+00 -1.040057118574439698e+01 -8.330552641335198416e+01 -1.897623341778601969e+01
-3.900988919353657138e+02 -1.485372489252721095e+01 6.731611798109170763e+01 -3.055826091598616756e+01 2.604645632045783543e+01 1.396349724895713962e+00 -8.762026815419632442e+01 5.206454905434233638e+01 2.303501559865796366e+01 2.851720440958968084e+01 -4.630006539576254454e+01
-4.308801287294687654e+02 -4.214596641425163170e+01 -9.697168696557763212e+01 6.192109198132226311e+01 -1.359506058039320919e+01 3.736464513010412247e+01 -8.084433385154173379e+01 -2.460700333438465748e+01 2.854916532694110742e+01 -2.616073969980419633e+01 8.973650670335703694e+01
2.837111094967625036e+02 2.071113510352597586e+01 7.216189338657949293e+01 -2.728403552029092793e+01 1.019369621525129332e+00 -1.361420784651090798e+01 6.536013200806519308e+01 -8.404723424160151524e+01 -8.721516686720522671e+01 4.613892200631374862e+01 -3.949643226397165563e+01
5.683757525099980512e+01 4.830667045197461107e+01 3.296131586125150648e+01 8.939740237801251510e+01 6.318045358363434616e+01 6.346059394607473791e+01 5.641956339251638042e+01 -8.949134118403780747e+01 2.433575023330816123e+01 9.458599252959058390e+01 8.139464334365257514e+01
-4.618247905260699326e+02 -9.343373582344867145e+01 3.623342790841587657e+01 3.789230776030663606e+01 -1.044442787387755800e+01 5.724892555544670358e+01 -4.258371308151376411e+01 9.744452611260513208e+01 -3.852244140065668176e+01 -2.889595882658693426e+01 -8.723793427839558490e+01
-4.767575411907482703e+02 -2.716670153970848389e+01 6.136888112973264242e+01 8.806449299556430788e+01 -7.062295092840160748e+01 -6.480512284174841398e+01 -6.463538153314702583e+01 -1.766288036115639670e+01 1.785289702147490232e+01 -5.466362032225524814e+01 -9.242249192958958304e+01
8.039159142938251534e+02 -4.910518785142243559e+01 1.857558691641771986e+01 -5.794951951901710174e+01 -1.604844296941682558e+01 8.906987055869547021e+01 9.639242808515652428e+01 -6.111105508648595475e+01 -3.993798179007740146e+00 9.003266232062892982e+01 -3.763424144157241358e+01
-1.742844738974009999e+02 3.089270177744865009e+01 4.150914265340611564e+01 -9.557416361670492222e+01 2.727885998870553408e+01 6.248210545148239703e+01 3.299000356688878810e+01 -2.592480794805240407e+01 -4.738504741289888500e+01 -8.200312212398294776e+01 3.953399064433568810e+00
2.790666371669311729e+01 5.110018566726333233e+01 -3.508554336670859186e+01 -8.228056959209732213e+01 7.604822090603056495e+01 7.308022191254573841e+01 6.399718463801548296e+01 8.910881896444357153e+01 7.209574744972201188e+01 -8.186859491846038850e+01 9.747321269592546855e+01
-6.376621739363257575e+02 5.394887224402648940e+01 5.665289648151735946e+01 2.661635590960737829e+01 1.420354536415537439e+01 -6.372702951348765055e+01 -6.337256825340893585e+01 9.446429507081398924e+01 8.528582745739598181e+01 -5.929924693519055268e+01 9.175587466537595560e+01
3.261205539316287059e+02 6.798128288672197073e+01 1.998082292685899120e+01 -8.423418130845816165e+01 -1.098858825822340179e+01 -5.921179049471285794e+01 -1.321378939697217447e+01 -2.260069355277016712e+01 8.613593578524216809e+01 2.085526221578739126e+01 6.840100363997717636e+01
2.698917898277582026e+02 -5.961065304658421837e+01 -9.723753976046943137e+01 8.921081749297928809e+01 -9.386028238908320986e+01 -4.414517740699708526e+01 -9.048374664282002300e+01 -1.261066028626460422e+01 4.972344592146532705e+01 8.576793836050384812e+01 -3.704511273975155206e+01
4.663526086350190099e+02 -1.424871830965142294e+01 -4.839948909265086030e+01 -9.634754838824028411e+01 -3.528647967063523083e+01 5.144986764838600379e+01 3.455440954618421756e+01 -3.759540870483291286e+01 -1.465304242764129583e+01 -7.600134030113297001e+01 -6.858671761464361794e+01
1.274422806851939924e+02 5.470535521436798376e+01 -4.771248577739712005e+00 8.115780782192328502e+01 8.954056774196729407e+01 8.412773735546053899e+00 9.152491917827211410e+01 8.735103714597823910e+01 5.546719038415824343e+01 4.594255494657346617e+00 9.708574230679244010e+01
2.280117499070664522e+01 6.000341089694114771e+01 -3.830858791127973717e+01 -5.119089923605453407e+01 -5.797631788038357570e+01 -3.330985091899336226e+00 -3.367777983353479954e+01 9.095328656490769959e+01 9.668267217594490148e+01 -8.553139208668709159e+01 2.875774635572986426e+01
4.539571543430825500e+02 5.079773706006812972e+01 -1.518644607619062015e+01 -3.974864006725808707e+01 -4.464245277943115298e+01 5.737326548708193741e+01 7.504148695789052681e+01 9.312185815452346560e+01 -2.105094013287498456e+01 4.211226986721172239e+01 7.807939666515494537e+00
3.582882699833965603e+02 3.721995447835755044e+01 -2.992107897698865315e+01 -5.186877072182376480e+01 4.834464570656783167e+01 -6.396146598382787829e+01 -6.697262893475070200e+00 -8.015852742982600887e+01 8.266117582490409177e+01 -7.099359419197392640e+01 -5.857074427282582718e+01
-2.606073251293306612e+02 4.700571236068179815e+01 -1.721251011301528422e+01 -7.781982166821808278e+01 9.077084918031493999e+01 -4.147488013737885382e+01 -6.334559825425429835e-01 -6.912388453553717227e+01 -9.113640847393224931e+01 -8.555085417045904705e+01 6.362191093626731231e+01
-1.917452873614496411e+02 -5.302686442121326849e+01 8.806810650085608927e+01 7.698858582776188086e+01 5.003883982228367699e+01 -1.114789088726215027e+01 -3.044928367219219467e+01 -4.307372814349372447e+01 8.334873299101798239e+01 6.205542251666699372e+00 -5.951105279302524309e+01
8.148811955836325183e+01 6.900037157880058203e+01 -4.106628141636232954e+01 -5.614479087165893390e+01 8.458035230496514600e+01 1.930228894491700942e+01 -3.698444206265885015e+01 9.632429444806703600e+01 6.661092414616268798e+01 9.220342855779782099e+01 4.342614407867708337e+01
-3.196821382334587724e+02 -3.075175567536270194e+01 8.014931258589126628e+01 -8.376446855118103940e+01 -9.109428260539371536e+01 -8.219569391192149510e+01 -4.563284292483653815e+01 8.455027793580254070e+01 1.846046182099058797e+01 -3.300110829167340398e+01 8.697490325614978701e+01
2.974747120534382248e+02 -8.888334819368620288e+01 -6.996709594567072088e+01 7.230797782986479660e+01 6.987590010927252138e+01 -6.461380003540082839e+01 -2.542656248107448391e+00 -2.897975645294370395e+01 9.084259422354850244e+01 2.718579881045242530e+01 3.772243912708299263e+01
1.463103825884172124e+02 8.459827772517508038e+01 6.114441985311916028e+01 -8.675067509293027967e+01 -5.740577174443875208e+01 -3.643171107027729505e+01 1.544109800745438577e+01 2.902352037249778505e+01 5.870035000698979388e+01 -5.693080638834311458e+01 7.649590331776153107e+00
-2.769275873370866066e+02 3.022322649194600785e+01 2.963609275628604678e+01 -8.631941316377407247e+00 -8.008036737164729857e-01 6.366591607851387380e+01 -1.546249365926337305e+01 4.830344566203274326e+01 6.586452703369377559e+01 -6.525328074658904143e+01 7.419267600508635496e+01
-4.436393965580534626e+01 6.126660371999611243e+01 -9.026788664888502467e+01 4.524710023228212208e+01 4.201354766540325159e+01 8.974355789801757055e+01 5.763543832701179781e+01 4.003950940236177303e+01 -2.756155811698575064e+01 -7.502005687529116074e+01 -3.644547098251103279e+01
-3.154261368886976129e+02 -4.892968969307717941e+01 -9.346890510539829222e+01 9.420200239637716777e+01 -3.351016163000200265e+01 -8.555013041793060324e+01 -7.950266429940901958e+01 8.336977546794992122e+01 5.278787898113094457e+01 -1.306414910051442746e+01 6.857321904265032231e+01
-1.933647528625754148e+02 1.585888625365474525e+01 -4.083613493746292278e+01 6.354393410240365370e+01 -4.636606080046852441e+01 4.339539041131371278e+01 -4.076574615136521373e+01 -1.502108761129083803e+01 3.238316981750784862e+00 6.227802471408415386e+01 1.752041295014265643e+00
4.926114191888880214e+02 -6.041040793682626031e+01 3.338751383788672911e+01 -8.517741859940200300e+01 -1.919705723456405622e+01 -8.568015440977256958e+01 -3.240864297720050047e+01 -1.801107981580787509e+01 1.235827653463341846e+01 9.922414499530952980e+01 -4.314339408649112784e+01
4.623462170513806768e+02 -3.295200707719567390e+01 -8.540764788563753029e+01 1.158224149506163769e+01 -1.833988762215057022e+00 1.606079849713350427e+01 2.452594205990604337e+01 6.408204633838863629e+00 9.096720074357904195e+01 -4.057526992032147461e+01 -4.545820665137214434e+01
-8.213098138852992633e+02 5.926146394757324742e+01 6.906388183692268967e+01 6.929038653047442153e+01 -2.553121764323640264e+01 -4.897492365674065695e+01 -6.825214202237779659e+01 -3.689826706210889995e+01 1.933567036387466942e+01 -7.049389166954738073e+01 5.806722551025015377e+01
3.307504358978492860e+02 -7.933133096114650584e+01 -9.701246774010428453e+00 7.132114945044867227e+01 -7.020646208164562552e+01 9.864531217424095644e+01 4.228645790165842300e+01 -2.064326547244242249e+01 7.620221415472514082e+00 6.441610935353639888e+01 -5.236369956075299825e+01
-1.633507024227426427e+02 7.303672651183845232e+01 1.903181352107054636e+01 7.375303280221586988e+01 -1.743640340734178551e+01 -6.580630900696363028e+00 1.312578998656503870e+01 -3.673259497046927891e+00 3.939654371189200788e+01 -3.584704270828875394e+01 2.272285014074253695e+01
3.915694496827741204e+02 -2.114621354026198219e+01 1.616665369865411606e+01 -4.674617476408850791e+01 -7.501302019123713194e+00 1.826359681119033951e+01 -2.748607187375260708e+01 -9.278244938937487518e+01 7.451877344283491311e+01 8.169638972552482414e+01 1.443450496959641782e+01
-8.713461638956171385e+01 -5.149864192916582084e+01 -7.074412062379091992e+01 3.445339117303618082e+01 5.824260032902981266e+01 -6.821590660770729642e+01 -1.479925085604909896e+01 5.617259642864163993e+01 3.506966653087772556e+01 -1.649532516863745002e+01 6.260480447200376375e+01
-5.404072041566702183e+02 -4.707759076479660365e+01 -3.129745544553101411e+01 6.428532433750586961e+01 5.000590035297466329e+01 -5.815348942345907801e+01 -6.576222446688196044e+01 6.584397155846318128e+01 -3.666783487646952011e+01 -1.353716765172254100e+01 -9.948836035889414120e+00
4.262850396641895401e+01 -8.768743648552916170e+01 8.694391244621368742e+01 -5.835585670558054261e+01 6.782455257643633217e+01 3.106782041931265326e+01 5.211805083914958914e+01 6.390895639630647906e+01 2.016897157685694708e+01 -6.834016303460961694e+01 -9.287930461775779634e+01
5.085651867764196368e+02 -8.017595717415801460e+00 5.050809696118906800e+01 -8.287428131979434909e+01 -3.046069922723539491e+01 8.358079946681527872e+01 6.272392269295298206e+01 7.613421463719157600e+01 -1.512929336919441425e+00 9.208159737939394063e+01 2.550543746618126306e+01
1.979258748692984682e+02 -3.059771847523431632e+01 -3.586414381385203853e+01 4.557244412113536214e+01 -1.857411219788835410e+01 5.146147109890014804e+01 7.901781261859969163e+01 -4.928751917921560732e+01 -2.769271190543398120e+01 -7.171487833819156776e-01 5.578577998859179843e+01
5.400958421080571270e+02 7.831101182953685225e+01 -5.079394056924351020e+01 -1.091253594145582895e+01 -9.808418013164914839e+01 4.900639887034637354e+01 4.326616527160857117e+01 -9.962180462263661695e+01 5.864460417351978094e+01 -9.319535904868629927e+00 3.749758847094670955e+01
6.987997445535571615e+02 8.295335348231861872e+01 -6.091084031203275373e+01 4.841904027557296786e+01 -6.384302362820065468e+00 -3.351524426963545977e+01 6.342914843083016763e+01 1.720742785001534969e+01 1.345838787835522510e+01 9.122138781620841996e+01 -3.365502636435866179e+01
-6.069586580538469889e+02 6.069327671694151149e+01 8.128085916786687903e+01 -1.427675892575599903e+01 8.709506438107555937e+01 -3.853819450049076067e+01 -6.023890135803071644e+01 5.708958969705574304e+01 7.908226727971373293e+01 -9.297811587967026981e+01 -6.064876492014307985e+01
-4.376847737400644291e+02 -4.953102912673394798e+01 6.432286622697347411e+01 -3.728752056825073424e+01 -7.183407407256221688e+01 7.953809417218232625e+01 -8.831994964693801364e+01 -7.540354049405092951e+01 9.228570920093062568e+01 -8.775182414022518174e+01 2.625527848006952070e+01
-5.403940372061575772e+02 -2.871750541784525979e+01 -1.294027670320360812e+00 -5.672931511379309200e+01 7.447188387772115448e+01 -5.577736307292926199e+01 -9.549690959974287807e+01 2.980406323732779583e+01 1.361375970376994360e+01 -2.343029642159083892e+01 2.241831296110441940e+01
7.826741264453869462e+02 1.044937455648833691e+01 3.418745339278095230e+01 -4.146498971023973468e+00 -9.285881434247005473e+01 -6.322732361112506538e+01 9.442510235964826393e+01 2.039201391555009479e+01 3.072160220011261345e+01 -7.388307584601108147e-01 -3.924618620076236652e+01
9.509858176527428668e+02 -9.035444885101966861e+00 -2.069845958918786266e+01 -5.260869882701013722e+01 -3.422116198388931707e+01 4.656065986579415039e+01 3.450209165894517582e+01 -8.204467724357982661e+01 9.741352789378453281e+01 8.017967063074524958e+01 -7.916104135757986171e+01
4.415370290867902554e+02 -9.253228585092949743e+01 -4.256001032131855055e+01 -5.886529272630451715e+01 9.977686895962676772e+00 5.031049981572587626e+01 -4.735881424418977304e-01 6.573303807500013818e+01 9.854530635448168141e+01 1.420803142094962368e+01 -1.679878054445467228e+00
5.634449047018950978e+02 6.248776912562928487e+01 6.279988368469471993e+01 -6.582476197325775047e+01 4.458048302962515663e+01 -3.614996131350572028e+01 7.446456058182951665e+01 5.759023664423986588e+01 4.148874482237715711e+01 1.390738377306036000e+01 -2.987014966540186833e+00
5.630123091040765360e+01 2.810137908700241383e+00 6.092789544461479068e+01 -5.304142861585787472e+01 1.605105468944671543e+01 1.127102214708344263e-01 7.466930282138443431e+01 -5.621977591121613926e+01 -2.475358749671636360e+01 -7.729517840967339737e+01 -2.716286482805170976e+01
1.083823236979709463e+03 8.728051938726508752e+01 -6.811639585468299174e+01 -7.409461682941878280e+01 -5.972417051261973597e+01 -9.157080200048605434e+01 7.554094715085432199e+01 8.501436032935151843e+01 -5.882319387374224107e-01 2.911423525438124216e+01 -9.033030865077617477e+01
-3.340963725963350157e+02 5.523467210540474071e+01 6.731433487026777129e+01 -6.398728005597507007e+01 8.882521182877655974e+01 -7.694394648118299074e+01 -1.356670763581779227e+01 5.018091057759278328e+00 -5.262472585251902757e+01 -2.505099796313517402e+01 3.805903706563725564e+01
4.514127354108125019e+02 -8.378143437836683916e+01 -4.942638067241693989e+01 -6.195787123118765294e+01 -5.421467555264876381e+01 3.298726765878413403e+01 9.450402529630511594e+01 8.929785860356071225e+01 -5.515169877971950285e+01 -2.797708118282919543e+01 1.031998568158918772e+01
-1.392288459264707399e+02 4.893148432650608015e+01 -7.403819516827601888e+01 -2.122030366079937380e+01 7.269005613068287630e+01 4.856728914984515200e+00 -3.592920926764577416e+01 5.165303102153262671e+01 -1.937500854151788587e+01 3.797763779816008878e+01 4.473876558721022434e+01
1.581475991238175425e+02 9.466576076664753714e+01 -1.854284183261880514e+01 6.628703552854545933e+00 -1.317460650432298053e+01 -1.177491306545061889e+01 3.167461283756225043e+01 -3.185084797693771463e+01 2.236674005422636924e+01 -3.785140067727810020e+01 2.668107962615628992e+01
2.012346311121650189e+01 5.221756752039604521e+01 -6.983328616631879981e+01 9.187683620422220088e+01 1.063025181075173009e+01 3.488097655568341793e+01 1.879914152311683040e+01 -7.598101678305260975e+01 -3.153627810927413577e+01 9.406462480450989005e+01 9.267605300414160752e+01
-6.558235211229538208e+02 9.623530809273239583e+01 -3.398812123358001713e+01 4.101573299349959711e+01 -9.810829187716035449e+01 8.766403610846546712e+01 -8.804379928615809092e+01 8.538132601368081964e+01 8.249731612752015053e+00 -7.331982003222520916e+00 5.351334092571576662e+01
2.299076545697903100e+02 1.051796547062966170e+01 -7.084062918602251102e+01 -3.196128811366605760e+01 4.382022320559210016e+01 -2.307660753167880330e+00 -4.065829788906172126e+01 -4.312781072334068710e+01 7.513058778634643886e+01 -5.714977934850629282e+01 -4.493004664936475478e+01
-6.149795020448148080e+02 -6.039361286253937067e+01 4.323747890411982553e+01 5.572508045972435298e+01 -3.765180845266740306e+01 4.084332408646204726e+01 -5.940600927632286954e+01 6.914653546624975888e+00 7.353460289505758851e+01 7.311968425004124583e+00 8.383804144131900671e+01
-1.171929912319340872e+02 -9.004119911505679852e+01 -1.387345990755825653e+01 7.039461094671506203e+01 6.723758058434557938e+01 1.479661069825775144e+01 4.505392169479790709e+01 4.837061256101344497e+01 -3.462023987521098434e+01 1.844771572445684171e+01 5.933802632256831089e+01
-1.726517848450437498e+02 3.607212016857496906e+01 3.005899394865576824e+01 -3.396354484763111259e+01 5.017768859889730493e+01 -6.315784629547904672e+01 -7.746828395204479989e+01 -5.287588224237936174e+00 8.403883770587376034e+01 -6.619159830014824308e+01 -6.363707476765338811e+01
-3.575492878919667419e+02 -5.403657669240311634e+01 -8.619226692264787459e+01 2.861749995770335886e+01 -7.468979031047879857e+01 8.480029101746958986e+01 -7.557966076544926182e+01 9.271243804953374479e+01 3.981309841956303330e+00 -5.697795199738023086e+01 -5.788780344188608495e+01
-6.933215584757459027e+00 5.005421276942149689e+01 -2.528390672318533916e+01 -1.463912891384140380e+01 7.554033067572726168e+01 -9.282258370171292938e+01 -6.293999030028795971e+01 -7.136210536571363150e+01 7.295377111249339919e+01 -5.060633907159577660e+01 -3.181820611603072280e+01
-2.137412716598201712e+01 -7.960476585999427357e+01 9.791434268924120943e+01 6.851262694006814513e+01 -2.080101886632535013e+01 -9.711629681448062001e+01 5.305977231200270694e+01 -2.801206020840021438e+01 4.218814759552836335e+01 9.125235109298884595e+00 2.713147939973421785e+01
-6.104941591125053435e+01 -6.575068439317921332e+01 1.442428469611888886e+01 8.495795323564445312e+01 -2.211749508163734390e+00 5.705876044014527793e+01 2.562487911329618839e+01 -8.588017608028839334e+01 2.964716595649133524e+01 9.683651616173875709e+00 -5.411875196530118615e+00
3.737615630921304160e+02 -7.774913870884039113e+01 -6.838406956949576454e+01 -3.719265738408659416e+01 8.041982294743428383e+01 -5.370480910207853498e+01 4.233355996040077684e+01 5.429984848493924687e+01 -2.559654901612900346e+01 -6.873219689923983822e+01 -7.445360904172393646e+01
-8.127859015399985765e+02 5.379866287441655004e+01 -6.310474779023138581e+01 9.237063143195172188e+01 -8.946018918899498829e+01 -1.116154100685690764e+00 -9.145733752765778490e+01 5.103536838452376401e+01 -1.094165370659925429e+01 -8.059714570751243912e+01 4.462514856364933280e+01
5.434666968134088449e+00 4.355594451361582742e+01 5.390030393572672551e+01 -6.020817649698659579e+01 -5.645803231549179912e+01 1.994949241898574144e+01 -1.774242278256915029e+01 -6.260807815347697414e+01 1.135610585820985818e+01 -1.571097376745069596e+01 -2.708781600157261948e+01
-5.348064562651280767e+02 2.526442145142924289e+01 -5.485514245516858267e+01 -1.130655043276604488e+00 2.611058944188744135e+01 -1.022855018474385247e+01 -5.537400392383919723e+01 2.420444098602068550e+01 9.863009961064548747e+00 -8.988703182794822055e+01 7.164290248439652942e+01
-2.684690726792104556e+02 -1.009047797626585918e+01 8.687655872749022024e+01 1.153568664673727540e+01 -1.182390783723809591e+01 -6.108691064591329223e+01 1.776045990479195780e+01 -4.958184723032892549e+01 -2.323856687199865689e+01 -6.300995086714111437e+01 -1.731673367749067438e+00
4.438162022266355962e+02 -3.981232661071165779e+01 -9.475869747494820672e+01 8.921276626807681964e+00 -9.589737444901533081e+01 -4.541064794495716939e+01 -1.016738018463230731e+01 -3.758696419085298857e+01 -4.591104336694969135e+01 3.529565237336112205e+01 -6.396148002041579161e+01
2.010353542815565220e+02 -3.615460431572017086e+01 3.057453882512797350e+01 -9.910763568850462946e+01 -5.347842694875788538e+01 1.807918862402071625e+01 3.707420865258100662e+01 1.970884391177258976e+01 -2.413108355167292984e+01 -9.352740070068779232e+01 -8.965426049330818614e+01
-4.648952276073111420e+02 4.370038003061566201e+01 -1.402620223875743477e-01 4.929034097911164736e+01 3.322365563989424686e+01 -8.640363603323180541e+00 -6.422977760675168213e+01 1.562395345642613620e+00 -7.708704818860287844e+01 9.444581976886971120e+01 5.666438224948228708e+01
4.506879970814262037e+02 -7.540120518257018034e+01 3.675149971346439770e+01 -8.396029268009587554e+01 4.290981464488822894e+01 -1.526274036103801279e+01 9.112048418119144344e+00 7.995752736698088370e+01 7.774555335399242040e+01 7.644658403947005354e+01 5.288501253165750882e+01
4.670326255944153218e+02 -2.281703407513913362e+01 -9.957584412904093085e+01 6.586362048287594462e+01 7.081947014057305978e-01 -7.958164893627741776e+01 2.976072773412644779e+01 -8.709782191475690638e+01 2.966187576764070855e+01 4.131327456162225076e+01 5.479149358623686794e+01
2.689595056924869141e+02 -5.851550253565296345e+01 5.559429978156043717e+01 -6.634959164446752311e+01 -6.542402355296474070e+01 4.398207260155015774e+01 2.996118762916472633e+01 9.268216240516218818e+01 -6.567793203099611787e+00 2.700882558095491959e+01 -9.521339582470693585e+01
2.335638712529473082e+00 -1.467824722375313229e+01 8.394448995009361170e+01 -4.449345095548196127e+01 1.758060814619683754e+01 -5.723193749068285285e+01 -8.084173240197981158e+01 -5.545803569298180236e+01 9.204573693407724022e+01 6.880253806548813600e+01 -4.511464323280245026e+01
2.458466415847170197e+02 3.925208215506188481e-01 -6.923178949042929275e+01 7.437308552502676662e+01 9.255017784026813388e+01 -2.695397198373818526e+01 5.187003460259310827e+01 2.356385644148608094e+01 5.980864107730832302e+01 -3.141644949167157108e+01 6.132354152170370298e+01
-3.342890126531936517e+02 -8.820987195636440958e+01 7.820446085726806018e+01 -5.053787272283302912e+01 7.224529329843863934e+01 8.851328975298184787e+01 -5.815886544543864289e+01 -5.863648897527469472e+01 2.970525266823580068e+01 4.876399137372544601e+00 -8.147039979661826692e+01
-6.713465110858708158e+02 -9.437140117377498427e+01 4.609786935843146694e+01 5.577889681547171108e+01 -8.457824803965452531e+01 -7.597733040309634589e+00 -9.285838854816539367e+01 -5.331342382849122430e+01 -4.075331725240367575e+01 -5.953349472936175601e+01 -6.013213254512750439e+01
-1.259150590646208343e+02 2.182161063739296480e+01 1.437521035363835153e+01 -8.544871298372358126e+01 4.112269040835406031e+01 -5.502500726106742945e+01 -3.706410003584696966e+01 2.223683032415797811e+01 -3.348316379625767070e+01 -8.162689344460176244e+01 -8.575997171036475208e+01
-8.730504577890604878e+02 3.208146282217006728e+01 7.624406962176382763e+01 5.498450372826161470e+01 6.636415199728938319e+01 4.013334485150798514e+01 -1.762595180049359556e+01 5.438973393883554763e+01 -1.012748644815934540e+01 -5.658222502727559089e+01 7.634773294563686363e+01
-4.878251970065052774e+02 -9.130087960592979357e+01 7.926559431724422211e+01 -6.925178476519313620e+01 8.096563290456040818e+01 8.055456573848141488e+01 3.408075665661721132e+01 9.190553480140187048e+01 -8.850330511299932823e+01 -7.798909945636344787e+01 1.239787162968420375e+01
-1.063662467562704705e+02 -1.855499846555184718e+01 7.052178396768050561e+01 3.156530685510324474e+01 6.780842060991551534e+01 8.366861532156582371e+01 -2.660723743436457767e+01 3.511276835326506784e+01 6.220631311393177043e+01 7.648344481424274477e+01 -7.080112194140582460e+01
4.086314820798812093e+02 -6.892476330431620113e+01 -3.948770687924287870e+01 -9.546851500302888383e+01 5.757526925630975256e+01 3.668310551249572882e+01 6.175024202538224927e+01 6.270583781516839394e+01 7.828065279421792866e+00 -3.401872697990668826e+01 -3.880657431788563372e+01
2.474111066924078557e+02 -1.324940997781291685e+01 -3.363348518327455849e+01 -8.347654521767400126e+01 9.298970405070986089e+01 -9.093062291657085439e+01 -3.676788312336542930e+01 -1.660779387175821853e+01 4.157604364169756650e+01 -3.062198800178519775e+01 -3.104045865466238752e+01
3.583660594298007709e+02 -3.662033998123877154e+01 -7.874769264116278578e+01 1.278095514468684257e+01 -7.011153524143981031e+01 -2.193783627758205057e+01 2.760415193879555318e+01 9.233580323535562684e+00 -2.342811271067233747e+01 -5.476742299838994654e+01 -2.413350195330727388e+01
-5.498987044647202538e+02 -6.843886178634686246e+01 -1.272777883392322451e+01 -4.125189448317956220e+01 7.541898298946031787e+01 2.970895136223447253e+01 -7.510340088805406822e+01 3.539494356733726477e+01 -7.726468620941567167e+01 -3.507530834166502132e+00 2.626845921675922568e+00
7.423157466162786022e+02 -9.761240934941986325e+01 -9.979655825029259120e+01 -8.708358425307201856e+01 1.949389327721058862e+01 -9.122444149479014186e+01 3.938758291388799648e+01 -8.987904858157934029e+01 -2.431631880770292753e+01 2.998447511637871798e+01 -1.273882546831346474e+01
-1.020794109309800604e+02 -9.548766285028993650e+01 6.962095573461763820e+01 -2.033495363425612368e+01 3.411384226205481696e+01 -5.015141878327278135e+01 -5.524912747144017544e+01 2.678458992144263107e+01 3.957858325517545950e+01 1.493352985113460818e+01 -7.849115402827770538e+01
6.459791921735400138e+02 -8.528674695282727214e+01 -4.145441698773957029e+01 -9.121037116854131455e+01 -4.910086219716320954e+01 -5.058159778476662893e+01 -3.178176314713077488e+01 -3.840492104757773006e+01 7.570217547757891907e+01 5.612295708773305591e+01 -2.368886685877966158e+01
-4.464547009942056093e+02 1.073984054921976394e+01 2.166872325365912388e+01 -1.661658418086094002e+01 -5.211326826188378192e+01 9.619268181152702368e+01 -5.352902882074918978e+01 4.385328604756605841e+01 -8.175185734145895822e+01 3.899838654449868613e+01 -2.499347054175208882e+01
-9.291090157563235152e+01 8.343449234383589896e+01 3.741313486992640946e+01 6.600145249039383089e+01 9.229198024762894192e+00 -7.177107841697531398e+01 2.970892571236350932e+01 7.591701170059332071e+01 6.812974264951841974e+01 -4.091761339221668692e+01 4.168068931809324340e+01
-1.965033135545319283e+02 7.515615098192918708e+01 -5.594626333605490487e+01 9.787498179308659019e+01 6.054087215888799278e+00 6.105200404492865118e+01 1.066472956060621868e+00 4.583286358916402037e+01 -2.519101497902522624e+01 6.054911513529097533e+01 7.274190942099423296e+01
1.038939003733982247e+02 9.415584588134728961e+01 7.171709277097860991e+01 -9.792325354870918375e+01 -4.182082273816480722e+01 -7.312408751279097885e+01 -1.766487810761969968e+01 2.742194020195152859e+01 -4.078640657236844902e+01 4.680369800207657249e+00 -7.491546007017639397e+01
-6.506364762117373175e+02 8.242500094726014481e+01 4.848387196533226984e+01 9.852611503605197640e+01 -3.842861124780563387e+01 3.738321983490004641e+01 -6.740769271432483833e+00 4.811249445778989298e+01 -5.802931344328392527e+01 -2.782407416674837464e+01 -6.896625062347034429e+01
-1.116475100810158665e+03 2.214666333429235578e+00 9.843582463883836908e+01 -5.844568232376843753e+00 5.758152657441993938e+01 3.735650539861302377e+01 -6.443894693130297924e+01 -8.257204605400943365e+00 -9.677457507351820709e+01 -6.466448346996949681e+01 -3.387123945231647326e+01
2.125577833078357060e+01 -2.068819544927148968e+01 8.839526264741630257e+01 8.866606599083374363e+01 -1.937112372507753832e+01 -8.484169471101313320e+01 7.606503809494591906e+01 -6.410870550842636817e+01 5.080281662482954630e+01 -8.341771026217415397e+01 5.606552489489132540e+01
-1.454332435751753110e+02 1.524370657156673303e+01 -1.277752897702526980e+00 1.305139826515453194e+01 -7.204105569636413975e+01 6.193587219022913359e+01 -6.124345199332008605e+01 1.137826300734765539e+01 -1.028574514007615903e+00 7.507670902351952691e+01 4.279979282017555420e+01
-4.273487854737135763e+02 -2.069976696773527181e+01 7.531286824550375059e+01 1.088721109791947583e+00 -9.699807620364542515e+01 -3.908755440383049518e+01 -2.576478771900534070e+01 -2.764536656106906776e+01 -8.834091566040723364e+01 -4.539662283465057868e+01 -7.922584825932335661e+01
-2.721036796018159407e+02 -9.443811810556637454e+01 7.159738624559719256e+01 9.369917869957205880e+01 7.419296108250142652e+01 8.266174028323106882e+01 7.592438727253389175e+01 9.814182782373453051e+01 -1.578791478790326153e+01 3.405134814827874834e+00 -1.119220966217552871e+01
-1.092441350130613955e+02 -4.378674902220200948e+01 7.743849464879349398e+01 -6.411920711266050432e+01 -2.985289902040777577e+01 9.607798120582197043e+01 -9.025324341977203346e+01 -6.632403104061481258e+00 1.528470355583415596e+01 8.901350067631608454e+01 -7.552624985238536226e+01
-2.756285684512364469e+02 -7.665230784711762624e+01 -4.454166409835656282e+01 -1.876963608960295460e+01 -7.245519084364948981e+01 -3.081106637834170670e+01 -5.476738278502126889e+01 1.040689860288348711e+01 -5.642201906958243995e+01 2.935781137622700498e+01 6.921227510773374547e+01
-4.818180148468931634e+02 -2.903559920590805632e+01 2.624971897994727499e+01 2.888781623619306060e+01 5.987108171176879523e+01 -2.093775632160381406e+01 3.973733981169701224e+01 9.664376023605706223e+01 -6.987719307533694746e+01 -7.104228832002110039e+01 6.418987395136588248e+01
-6.238300426527798663e+02 -3.110503357517842460e+00 -6.118841823418230774e+01 9.810966889252628675e+01 8.173935363309905711e+01 -7.159516069895524026e+01 -9.366429018585407107e+01 6.631136793261734397e+01 -4.522572234687552140e+01 7.588309741090796479e+01 6.659672009129010917e+01
-4.059929870764863722e+02 -1.007834701467417915e+01 -9.187358748829890942e+01 2.734296301858478273e+01 -5.519548022378528884e+01 5.632950915503559486e+01 -8.647112469396964229e+01 -6.897210125897781552e+01 3.712632339184074226e+01 -5.546287041118069538e+01 4.962054853067300542e+01
2.586805063076151328e+02 -8.175244350082122935e+01 9.131021794557241833e+01 -8.052884307078846859e+01 -8.829099795271559969e+01 1.966087322834842155e+01 5.744760104311461646e+01 -8.283886636862067121e+01 -3.915909977539595843e+01 2.658119713828754982e+01 6.646816179166611960e+01
3.490997478886493610e+01 -9.451283596272612897e+01 9.853769300090192473e+01 9.188999762728528253e+01 -2.477413211581789199e+01 1.701493435777061336e+01 8.730412465368300445e+01 -3.161911170215689992e+01 6.508621183179835157e+01 -5.972682107913482952e+01 2.261713919353354640e+00
-1.452200334607993000e+02 6.610240969604868155e+01 -7.269856033359458536e+01 -9.132113614108888555e+00 5.980030420612888520e+01 6.553738150496269554e+01 -3.524930893311872637e+01 -5.755092261302385737e+01 -7.065258541598313968e+01 7.051071508759824269e+01 9.475705474957294427e-01
4.671485154060335958e+02 3.449904157258120563e+01 3.519996296031703764e+01 1.701215755818452635e-01 -5.722491992142304440e+01 5.643165812008851390e+01 9.687246552309056824e+01 4.893369257393450766e+01 1.806009091663594290e+01 6.239650148848468802e+00 -5.489793432155141062e+01
-5.922060216817759226e+01 -5.645936454960016704e+01 7.826509118569740053e+01 5.183656044583446487e+01 -8.815647839128793350e+01 4.861778299709328621e+01 7.097528189505823093e+00 4.339244069408732685e+01 8.338456383949946371e+01 8.858712179232699668e+01 7.589581574047801382e+01
5.689329485304652962e+02 -9.799282222707070389e+01 3.327173687156061987e+01 -4.286984356675376517e+01 4.280286374390740889e+01 5.728015562002053684e+01 5.439185015869810513e+01 9.859598972651249937e+01 2.777352598726945132e+01 9.957512726847679119e+01 -6.576666487040125730e+01
-3.648399678460359041e+02 4.340641905619847307e+00 -7.276522563147118206e+01 -2.877982808999317399e+01 7.403965618097635115e+01 -7.338388310983091856e+01 -5.052737250546365999e+01 -3.687135037592794617e+01 -7.945643635985044284e+01 -9.446280922630496946e+01 -2.648977900328999624e+01
9.149788893637728506e+02 6.937731826018648462e+01 6.044999460493585275e-01 1.687029474843322419e+01 -6.250710639718488437e+01 7.532772886345890129e+01 9.683953085316733222e+01 -9.805637039492947338e+01 8.464639730498512904e+01 4.227816786696735107e+01 -1.902679114887229161e+01
4.069786295526869822e+02 9.745668540154713355e+01 6.629770688046838245e+01 -8.766780939104630477e+01 -3.235118130623304467e+01 1.444504795778614437e+01 9.166969991473217760e+01 -3.885720696087193460e+01 2.322312903992553856e+01 -8.838596150362904780e+01 -4.762810814388820546e+01
-3.078749485647493884e+02 -3.014004114598758122e+01 -7.145894344575074797e+01 6.070380193818863290e+01 -8.973477773882150643e+01 -8.037574173617073825e+01 -6.150541443797823149e+01 1.569024793713415988e+01 -9.515040900376314426e+01 5.457633712090057543e+01 6.451725134393356598e+00
-7.643578424966312923e+02 9.550338386473120522e+01 8.317246374644480511e+01 6.210260422873363950e+01 -7.319494043916681392e+01 -9.624630669676292882e+01 -2.783105504796172625e+01 -4.272812294768115748e+01 -7.410600990373069408e+01 -3.426929271083602657e+01 4.801623952170524490e+01
5.828773845125373327e+02 -3.543339977840041399e+01 -9.321126645921336262e+01 6.527276920911063485e+01 3.488659082416418755e+00 9.520320991459664128e+01 7.028487711854776876e+01 7.422444453771433359e+01 3.955127229505046671e+01 7.634782347874150332e+01 5.222118322925652478e+00
-9.801078823260422723e+01 7.240005312540034765e+01 -1.402725535708401594e+01 1.576864623101708673e+01 2.318901040167295946e+01 -6.861474098776696451e+01 -7.399734100977411799e+01 -8.379039989800673993e+01 7.695264557982568476e+00 -7.783567018569286233e+00 -5.176477338688303576e+01
-3.910134371898581662e+02 4.164126107515809849e+01 -8.034262146812153560e+00 -2.311773772747542921e+00 8.368491838343408062e+01 3.478683184463963585e+01 -4.898357657455332514e+01 3.846582084864834883e+01 -4.109230100646541217e+01 3.117938991681933203e+01 -3.805934089918096674e+00
-1.773901048307545238e+02 -5.806420833299164030e+01 -8.566637983283416702e+01 1.676786754477002717e+01 8.274894445915518304e+01 6.686474599957719533e+00 -8.795212443140101755e+01 4.881767707186352823e+01 -4.262963450714920555e+01 9.414474365627708607e+01 -1.753567856495850208e+01
-1.047326867701927767e+03 2.679011953500875620e+01 5.733728239128305404e+01 7.185141224301111151e+01 8.040435352061709295e+01 -9.220086242367038665e+01 -8.767353344119126746e+01 8.132744257767041063e+01 -7.541288632618663712e+01 -3.952061017185764058e+01 -5.638388697410081818e+01
-2.800993783813545974e+02 -5.290367435375286931e+01 2.532521153867601527e+01 -8.643619987077045153e+01 7.788478786456681746e+01 1.380588197418819618e+01 -8.567596028937046526e+00 -6.289941679997382096e+01 -8.936045319600005143e+01 -4.837270897267353575e+01 -2.249005225148165721e+01
-4.452141226355976187e+02 -7.269808958393011267e+01 6.879907154102639311e+01 4.246350528116053624e+01 8.420170278420073373e+00 2.250919261054950482e+01 -4.114839079360115193e+01 -5.045168562967204196e+01 4.946401101900400477e+01 -2.397365387304176920e+00 6.680450673626694424e+01
-5.157593368113426777e+02 -7.374741196585307534e+01 -7.574006157719730936e+01 -2.306657504508334000e+01 4.219792193439445782e+01 -6.220283862943759345e+00 -7.946750648816511386e+01 9.088053384661989753e+01 -4.639451137539720804e+01 -9.869479060844949458e+01 -3.108048392968211715e+01
2.480498137442573352e+02 -8.642504113111004926e+01 2.353177595104516229e+01 -2.249301318072132005e+01 -4.948856579340458950e+01 -2.006828763196955379e+01 2.800498461047621390e+01 3.632994306615515256e+01 -7.991345978821783547e+01 3.633627279682986000e+01 -9.395036543165637966e+01
-3.887313510223288517e+02 -1.585434290322424999e+00 -4.943435339644322113e+01 5.877731009290087627e+01 -1.516917221947750249e+00 -3.106526940834648087e+01 -7.884432627370902935e+01 4.266935850454942170e+01 1.823945760870773825e+01 -4.456806603427554592e+01 -1.713324429267619564e+01
-3.226826903095726493e+02 3.201570259813345842e+01 -5.288549482481759156e+01 1.356514958709733776e+01 -9.055116535315946180e+00 6.859332839558263117e+01 -5.848356302171979593e+01 4.624584425889980821e+01 -4.712366725038512527e+01 8.878109467815875178e+01 9.235153388052711421e+01
-1.877744851607913290e+02 -4.802811533892936779e+01 -7.015886172147484956e+01 6.891814568220161163e+01 -7.092789720101831108e+01 3.326791068430324572e+01 -5.131154214957946635e+01 -2.258167681211627098e+01 4.489032660237367622e+01 -6.910335964809971188e+01 -1.266310267133636103e+01
4.960853420902381004e+02 2.346583842042694812e+01 -9.904102627529557878e+01 2.261994112588914163e+01 3.475335423944773083e+01 -8.007787684813085605e+01 -3.340846574072837427e+01 -6.670577731023716694e+01 7.677589701299149283e+01 3.877354911081465616e+01 1.565672755395502236e+01
-2.925863683875105608e+02 -5.090536190210546152e+01 6.036412436758510580e+01 4.468986320961053593e+01 6.404893904524368509e+01 3.363313037682740969e+01 -3.921723146743594413e+01 9.961990898480291889e+01 6.458027323240045803e+01 6.005045826879478454e+01 -1.826694102286299426e+01
-9.222706955371303366e+02 -1.728020611702430642e+01 -3.231627970649199710e+00 8.822800404911046712e+01 3.452761679804012829e+00 3.505428661465955997e+01 -9.553512651085229379e+01 7.952899806475755895e+01 -3.878381319656307369e+01 3.046168649004505369e+01 8.672855047994826805e+01
-3.602281092952453889e+01 -3.953832041233713568e+01 -2.366315834519181749e+01 8.643371617810916518e+01 2.149511954764591337e+01 -2.809798383702475633e+01 -3.198118714282414032e+01 1.141506714480217966e+01 1.193825895626960687e+01 3.866555437876999690e+01 -8.265901330037419825e+01
-4.449364311699869745e+01 8.723981402270504759e+01 -1.802561537528634972e+01 9.643084781259426563e+01 5.499330465295224712e+01 8.709208080098449045e+00 5.480646849415467159e+01 3.207629420850722113e+01 2.119852890876163087e+01 -5.775200063334837353e+01 -4.087790055354707874e+01
