y,x_0,x_1,x_2,x_3,x_4
1.358747677496174333e+02,-8.153228104624044192e+01,-6.274795772446582021e+01,-3.088785459139045031e+01,-2.064650515386601626e+01,7.763346800671385495e+00
5.158386910004835499e+02,-1.616109711934103643e+01,3.704390007935188578e+01,-5.910955005369651616e+01,7.562348727818908856e+01,-9.452248136041477267e+01
2.020875428536708966e+02,3.409350203568044435e+01,-1.653903952657461218e+01,1.173796568915032879e+01,-7.192261228095324554e+01,-6.037970218302424286e+01
-1.494171028834868054e+01,6.014891373510732819e+01,9.365231514387949119e+01,-3.731516436815142868e+01,3.846452313386282640e+01,7.527783045920764948e+01
2.864708931187004737e+01,7.892133270076945450e+01,-8.299115772604442043e+01,-9.218904335342352852e+01,-6.603391608708622584e+01,7.562850068588261365e+01
-6.440173990746034178e+02,-8.033063323338998885e+01,-1.577847499898956585e+01,9.157790603010039376e+01,6.633056994603407475e+00,3.837542279009466029e+01
-2.988936374729507861e+02,-3.689687379878741069e+01,3.730018553631674649e+01,6.692513437947457078e+01,-9.634234453116164332e+01,5.002886298899349526e+01
4.043022887116796937e+02,9.777221778129893437e+01,4.963313087596787909e+01,-4.391120158711896693e+01,5.785586569029769066e+01,-7.935479868447160356e+01
7.933734282110297045e+02,-1.042129476481896688e+01,8.171910061861910890e+01,-4.127717032526410179e+01,-4.244493228273024954e+01,-7.399428557634446690e+01
5.856122490022022475e+02,-9.612660842594058863e+01,3.576710658797819065e+01,-5.767437679998819533e+01,-4.689066812555475394e+01,-1.685368143932336693e+00
3.272078207978443061e+02,-8.932749097658393111e+01,1.482352109840260823e+01,-7.065428501883796741e+01,1.786110738065684700e+01,3.995167200418623565e+01
2.434646956818490935e+02,-7.953311423443483363e+01,-1.718880243608633407e+01,3.888003154554903062e+01,-1.716414609461946839e+01,-9.000930821078256372e+01
-2.340194679078139757e+02,7.179281183102318664e+00,3.275892904395774963e+01,2.977822411661719570e+00,8.891895119816265947e+01,1.731100810039858118e+01
4.680997018611827798e+01,8.068038305757670514e+01,-7.250505917075250295e+01,-7.214473054984829048e+01,6.147825774190476977e+01,-2.046463260289328900e+01
1.262530218779132554e+02,-6.692916057661344098e+01,8.550171607920677275e+01,-3.044682805089868793e+01,5.016242062723111417e+01,4.519959707009030581e+01
-8.810658675064658496e+01,7.666121824116197558e+01,2.473444141112177874e+01,5.018848680546744845e+01,-3.022033160443149313e+01,-4.601442164699478354e+01
-6.946395753746742230e+02,7.917724363921337272e+01,-1.438176202574101126e+01,9.296800942967712444e+01,3.268829956368961120e+01,2.433914404182435476e+01
3.092902050253637753e+02,-7.705080540932496547e+01,8.989785174141425728e+01,-1.001757330401188995e+01,1.567792287742635438e+01,-1.837263944774376512e+01
3.314272688654814942e+02,-5.259460395139446121e+01,8.067590411245075188e+01,1.473589733445717798e+01,-9.942593459376820419e+01,2.342898272414477390e+01
-6.269406714911999643e+02,-3.467101964558077043e+01,5.411620451521855557e+00,7.718841986215488760e+01,-2.854604799950004690e+01,8.170703018395983008e+01
-1.053141835796443047e+03,2.467202315836054538e+01,-9.683575143068874524e+01,8.588744674875226792e+01,3.817938350338479836e+01,9.946457009029609253e+01
-2.053920802616356696e+02,-6.553189833093429684e+01,-7.257285007422444778e+01,8.651909260743272512e+01,3.936363229798004681e+01,-8.679996545558749688e+01
-2.414507776264591712e+02,5.109261052049328100e+01,5.077523769224927719e+01,8.460490710929667557e+01,4.230495172569433748e+01,-7.514580760556705741e+01
1.584772757299818409e+02,-9.602397323204088764e+01,-9.475780262445614710e+01,-9.433870239584108219e+01,-5.075778647939082333e+01,7.200558973657760475e+01
-6.353811470493096181e+01,7.766212868330569563e+00,1.056439573715317692e+01,6.840617847192115164e+01,-7.516533697601776964e+01,-4.416326419777210077e+01
4.905482685423638145e+01,1.715185429165757114e+01,9.391914966393491682e+01,1.220604385114198465e+01,-9.627054212541139577e+01,6.012653453612327326e+01
-7.823344114358084411e+00,-5.340514523179591322e+01,6.142103912375583263e+01,-2.242787118716564976e+01,7.270837091188573709e+01,4.942432854743691450e+01
7.750274606273995914e+02,1.124804679808377728e+01,-7.270895486786299955e+01,-8.801646209755766392e+01,-7.573130885185253192e+01,-9.108962429104765590e+01
1.122017188099842855e+01,-7.850117417878141168e+01,-5.485813227842906059e+01,4.259779607653533162e+01,1.194339641082848402e+01,-9.748880396817682481e+01
4.734727278333953677e+02,-8.560514406210265292e+01,9.345526600005439377e+01,1.362009238398842115e+01,-5.934135306780190433e+01,-4.953485108593531550e+01
-6.692236431080980310e+02,4.876517081501859252e+01,-6.091410377813624422e+01,1.627178545465154968e+01,9.400399781766247997e+01,6.936576029800704646e+01
5.484392582934491145e+01,-5.203044817048277082e+01,-1.246057146254003101e+00,2.399114367627595357e+01,6.579617991003573252e+01,-6.864172107078314866e+01
-2.501923992352801633e+02,-9.628475956451809736e+01,-8.599557125615552877e+01,-2.730977812593636145e+00,2.126589233066607676e+01,1.377028741729627370e+01
3.184699899414002857e+02,-3.652751813556784555e+01,9.772323088248978706e+01,1.594904384915938067e+01,-2.397176547528991364e+01,1.018964382357935960e+01
5.211955542466021143e+02,4.906688618130041846e+01,3.384657869063693170e+01,-4.701608846743812364e+01,-8.673303311431168083e+01,-2.598316041717873759e+01
-5.286085778135250024e+01,2.594350140431289731e+01,-5.796519801703207975e+01,5.055111074776277746e+01,-8.669270372917701195e+01,-4.793698028429180624e+01
-6.695608714560866019e+02,6.095091274866908293e+01,-6.131314347533445641e+01,2.789217617598802690e+01,4.934061824746734715e+00,8.496159407987013878e+01
-7.951381356809795307e+02,-4.734064590257780480e+01,-8.680778186319524536e+01,4.701319265773389589e+01,5.443560590864936444e+01,8.156317050070481400e+01
-4.348457377646259374e+02,8.639441383936744501e+01,-9.720968540488060228e+01,-5.312758277571590071e+01,2.335567140033151645e+01,8.980326413752328563e+01
-3.427291878169992287e+02,9.003522384941592804e+01,1.133063763903128063e+01,8.312126995325490952e+01,2.831324178926749369e+01,-2.199845717175075777e+01
-5.733023820058052706e+02,-2.801866580618053604e+00,2.086209658399465638e+01,9.909584301712513366e+00,8.523628534129073842e+01,8.374668712672121273e+01
9.450830412450213771e+02,-2.102487741528902632e+01,9.265250568814235521e+01,-6.520886666390713060e+01,-7.473409611207253533e+01,-7.298416839065373551e+01
-4.035760954703453649e+02,1.132433135379343980e+00,-9.569503894516040532e+01,8.959404224353619384e+01,6.542309423414650382e+01,-9.699620385157552960e+01
2.432521404303857366e+02,-6.476074888498894211e+01,-3.358728512663260801e+01,-7.380063103781662903e+01,6.189813842531640375e+01,-3.105266946334130296e+01
-8.075829896032061015e+02,8.802149646667342608e+01,1.640283598941600474e+01,7.576639688236880943e+01,6.894688907844437153e+01,8.107846374172984838e+01
-9.777470963525503578e+01,-8.023946836638600644e+00,9.269363204074650753e+00,5.972071823040786853e+01,-4.285622965317048738e+01,-1.949295476014455630e+00
-4.934412800766659188e+02,1.982206152917567010e+01,-9.689334488983286064e+01,1.869628163932743803e+01,-1.326473020210833909e+01,6.147210577696827727e+01
5.054228404140449982e+01,-3.695103938092540830e+01,7.857774170503026312e+01,1.557144305690709984e+01,-6.319795967450698981e+01,5.758584676510085387e+01
-5.008648066995063459e+02,2.240623540898678812e+01,-8.921814558524940253e+01,-1.596126399977354993e+01,3.581376731308591843e+01,8.372035559550516837e+01
1.413031948316532862e+02,-9.991959502172851160e+01,9.535182980621192428e+01,-2.468393705084510259e+01,9.475670767166451469e+01,2.094322019481060693e+01
-8.837536172980266258e+01,6.576916159613858781e+01,1.494230094162045930e+01,2.561523966147008480e+01,-4.288474366086121137e+01,1.736666813121658492e+01
-5.231459453960300152e+02,5.000435274053199919e+01,7.166276728580845656e+01,5.101643769353603375e+01,3.961144968946058498e+01,7.289588601091995201e+01
2.861191161569548171e+02,-3.546380063265071669e+01,3.415775815751743494e+01,-9.825212717330174428e+00,-2.357944959369655180e+01,-1.783773001556288307e+01
-5.103916230601799953e+02,-1.970408330609187431e+01,-3.652321080834462208e+01,2.438387358406029648e+01,-1.395054583574713547e+01,9.476041558545045973e+01
-2.692039345350530084e+02,3.556017828686222515e+01,-6.028602231457782779e+01,-1.465979813039344037e+01,-3.133075204511538914e+01,5.952776079171331958e+01
1.517099477666382370e+02,7.599965771268634285e+01,8.076839116527438023e+01,3.254396247505243878e+01,-4.595834759404844050e+01,-4.952665969908205312e+01
-4.985841390825336248e+02,7.097958853948048841e+01,5.542929261749335978e+00,6.043221680091960479e+01,1.449770343832126684e+01,4.662850505750222396e+01
1.397140044580834228e+02,3.802325492811164054e+00,5.417678210037760778e+01,1.377159814094311230e+01,-6.858024281603832151e+00,-3.146221840934364877e+01
5.399477814330329011e+02,-8.635813031665917094e+01,-2.441516413438003497e+01,-8.407478446034951958e+01,9.656342274608900311e+01,-6.367742973384724792e+01
1.385557198938003580e+02,6.237173954410795318e+01,7.499232899117961892e+01,3.768265047718867322e+01,1.389888254907513954e+01,-6.780571263687824057e+01
3.111300985021980523e+02,-6.623995447338742792e+00,-3.096558976895700255e+01,-5.499200843718308107e+01,1.850237375315934685e+01,-3.754603245961660463e+01
6.622081327092131460e+02,8.326111069367016171e+01,8.192710499031142035e+01,-4.857634124356076200e+01,-7.782173985119416670e+01,-6.140745359617743304e+01
1.867768266555960111e+02,-8.316586422279215185e-02,4.571713359491923256e+01,-5.836111231824170176e+01,-5.039328832455385054e+01,7.033437498727340653e+01
5.137196427972533002e+02,-1.683025634649453650e+01,2.333701343104723946e+01,-5.326677215214998995e+01,-7.960654811484050697e+01,3.171403393705958251e+00
-4.000100557089373865e+02,-4.571802590043532177e+00,-6.946567118136735530e+01,2.436124634808309963e+01,8.802023762787626993e+00,3.082746939414886356e+01
2.451191923894958222e+02,-7.109089197506804680e+01,5.030556342704878148e+01,-5.559017204001546020e+01,3.870364873206597167e+00,5.705920564432378228e+01
-4.922412997313368805e+02,-9.553391440163876780e+01,-3.512750805476269989e+01,7.458447528002221816e+01,6.894192152041392774e+01,7.688118518908737542e+00
-1.107621919328897420e+01,7.332165483330260258e+01,8.996119827072530484e+01,6.528139952586826666e+01,7.082308876730775182e+01,-8.025131963593032935e+01
1.464665807113817948e+02,3.026086646819820203e+01,4.070339763053058846e+01,2.204816252932593557e+01,5.992305234720561202e+01,-9.308575602567314888e+01
4.768321100747803030e+02,5.404774691099598272e+01,4.634572014790538219e+01,-4.806032134032938075e+01,-4.858614023557066020e+01,2.646066348602556673e+01
-5.689280644865064573e+01,-3.094050768178368571e+01,5.931773560145751389e+01,-1.077075359930854859e+01,5.654988295683438082e+01,9.809435672476814716e+01
-8.476945097907698710e+02,-3.995033209321998413e+01,-7.139883434838012022e+01,8.026168726985477520e+01,8.311875777474654114e+00,9.494807417101645797e+01
3.127696529346719672e+02,2.732088000037944653e+01,9.878260492209577137e+01,9.214160828590323149e+00,5.285186781104258102e+00,-7.291441938556602054e+01
3.388347790687632823e+02,-2.885896580322378213e+01,-9.475628654072534118e+01,-6.792096409607017904e+01,4.912743854149920253e+01,-9.392006201424223377e+01
1.716653703387374605e+02,-2.669138055125112885e+01,7.246925056760881034e+01,3.853554350147086893e+01,3.818842841323370862e+01,-6.227263980893782502e+01
-1.802770075017052136e+02,-1.161914385031532504e+01,1.631548146885823769e+01,9.795034153274104938e+01,-5.921875495337562967e+01,-5.045341964752903152e+01
3.600551550445517250e+02,-4.756538324541761398e+01,5.003448265959855235e+01,-8.604934512861433404e+00,-8.861411231778100728e+01,1.703248122047924085e+00
3.860348298843473458e+02,-5.760796707126480953e+01,5.972084895204204713e+01,-4.053372369854555757e+01,-9.447879760909927427e+01,1.868648989292421447e+01
-3.633685245065211120e+02,6.876808578623777635e+01,-2.379677518755715937e+01,4.997166214522869154e+01,2.228295659425640451e+00,8.190360992437732079e+00
5.428094781887884892e+02,9.188686421235047419e+01,6.079217829972935760e+01,-9.353538667528520989e+01,4.187745024625903056e+01,-6.999703687298790555e+00
1.819671969454493592e+02,8.950978827901997192e+01,-5.571345313530233767e+01,-4.658559606312684309e+01,-8.370520702454760453e+01,-1.427623426724269962e+01
-4.624517311307143927e+02,-7.819624719618633435e+01,2.675735212238356553e+01,6.059264747474756518e+01,3.936009922403570727e+01,5.324227621515410647e+01
1.384886795199965093e+01,-3.150917603129603606e+01,6.917029660553552617e+01,-1.424624500011148598e+01,6.480197408246374380e+01,2.529923172485875682e+01
4.094957309470256632e+02,-7.131539026595100950e+01,-8.432262002901040887e+01,-9.633347141739854180e+01,-8.665500047212870527e+01,-8.283237258313633333e+00
-5.570547929448689501e+02,-7.733161544648190500e+01,-9.444333023026601381e+01,5.097229627809346653e+01,-2.102990390787211084e+01,4.938769912150502250e+01
-2.271362656614350044e+02,-9.519034650709684797e+00,-9.982650599847772810e+00,-4.385498656433810538e+00,-5.199214687561195092e+00,6.063266842283391611e+01
7.330414357803458643e+02,-1.952149602845283027e+01,8.093723206872459741e+01,-9.258779040919282011e+01,5.477486854408374484e+01,-7.487172377245224197e+01
-4.457143500676798453e+02,2.370271338241710168e+01,-9.792714773295361397e+01,7.725456515269385704e+00,-9.939640867608072483e+01,9.023875709804090661e+01
4.779419163635068202e+01,8.108040674055561681e+01,5.919338838845388295e+01,8.305486398295749950e+01,-7.088835376832058444e+01,-6.845398602589334303e+01
-6.191772969478964797e+02,-6.247366541951320329e+01,2.449918045998423111e+01,8.116189920166036131e+01,9.799103567181472840e+01,4.222449175316319270e+01
5.931829829518711676e+02,4.636008182845904457e+01,8.185864090885090150e+01,-1.982525352577582112e+01,-5.002986395499264916e+01,-6.531396584257542770e+01
3.903141209706643622e+02,-7.610858993325419419e+01,6.252211760656572892e+01,-7.064152531655136613e+01,-4.714050345461986069e+01,6.381783572670616422e+01
5.486879424590650842e+02,-3.788254964115800050e+01,9.648348985858856963e+01,-4.667225956967295986e+01,6.730668994242279268e+00,-3.710659776283007716e+01
-3.636931603788679013e+02,8.215456623476748632e+01,-2.668867122975311190e+01,-1.328153454536709432e+01,2.458538455672282907e+00,8.777729547394267229e+01
-6.671713613811603238e+01,-9.381019874576985274e+01,4.337573272633784427e+01,7.820379085846778366e+01,-9.454255529650623657e+01,4.410249450502149671e+00
1.521640598196295855e+02,-3.480203764599494320e+01,7.189786417311717059e+01,1.170331018450356453e+01,3.804557363254957636e+01,-9.429300009692511253e+00
5.525694123437009466e+02,2.566180750427142243e+01,-4.198062966251483630e+01,-9.813028440669684471e+01,1.535118699741815362e+01,-3.771115717350743779e+01
4.196581794632066931e+02,3.453519700225953670e+00,8.328117061077955441e+01,-1.470504229972080168e+01,-5.052079267952291985e+01,-2.574124774418910988e+01
-2.922209463661217796e+02,8.637222332730812013e+01,8.737367626181872993e+01,6.886598971314265327e+01,8.404130286113209536e+01,-5.441994200973660867e+01
2.008880659180702253e+02,-8.250355808928182455e+01,-5.453805274306225215e+01,-3.712467677718991155e+01,-6.504682472873767551e+01,2.141883239449209952e+01
5.351223602519194174e+02,-1.728271699976772879e+01,6.327030236544283071e+01,-6.297392034619386436e+01,4.037530595126207800e+01,-5.192887503017222883e+01
4.077752279151460471e+02,1.484381776817194520e+01,-3.020248055584222868e+01,-8.860712010343345924e+01,-5.423726580792482821e+01,3.282051107095870179e+01
2.310937404964192865e-01,-5.499813278937466521e-01,3.803196814735755993e+00,-6.505596997821550076e+01,1.414317030925127483e+01,9.935068504164200931e+01
-7.731189694840536504e+02,6.336702175832436978e+01,1.887452476619554886e+01,9.519781366618099128e+01,8.031251693386425927e+01,1.912158672052910902e+01
5.061057263546641138e+02,-9.351473493710858520e+01,-8.128458083650384935e+01,-8.692565699155471748e+01,-9.653370261704935729e+00,-2.491303336642845068e+01
-9.460543388193207193e+02,9.507000685405731133e+01,-6.640334136007700749e+01,9.455751838653102936e+01,5.349497377260260578e+01,6.484756792489955046e+01
3.980438087235937132e+02,2.652316335559945060e+01,3.374655404134639980e+01,-4.623533295761333761e+00,-9.737272861538555446e+01,-2.939878289163505087e+01
4.465955862759346928e+02,-1.585639701288314996e+00,4.601824221802087322e+01,-6.274331450778163344e+00,-8.519016782113666864e+00,-7.246745181087936771e+01
3.529796802728151874e+02,-9.782225323930420302e+01,5.165565209539923330e+01,-3.600943238446432559e+01,9.687669003870215079e+01,-5.595315476816880107e+01
1.335195967104910153e+01,-3.225839490366406892e+01,4.779227133226342517e+00,5.097829141210655735e+01,-7.228443219940871245e+00,-7.503549137766474075e+01
9.204640703143776648e+01,-3.749972430159009917e+01,9.038339401989219368e-01,3.476980160337353709e+01,5.402999126241843442e+01,-7.393284380912913889e+01
-1.339399241405085945e+02,-9.541697373552364070e+01,3.816464442397887069e+00,6.199774213248326760e+01,-9.747924659402474390e+01,3.449396893074677450e+01
-1.779985436582863940e+02,3.736164533139836408e+01,-1.015064928267248945e+01,8.295773734838684277e+01,2.887221695139859889e+01,-9.895203246970683608e+01
-3.521331892554949832e+02,-3.114310897124880739e+00,7.186356121951999398e+01,6.607991400746789168e+01,2.983083942249558618e+01,3.473968477972633195e+01
-8.845503998585739680e+01,1.569991595784010485e+01,-4.517604496662956848e+01,1.210599810721176084e+01,3.434595696348407046e+01,-2.951407395671823508e+01
-5.608043605422161590e+02,7.116567345078556173e+01,-6.099250279825854193e+01,4.946416206638463109e+01,-4.207945076262451778e+01,5.475985744883641360e+01
1.915498869909623068e+02,-1.445253413278476273e+01,6.153968182244190643e+01,-2.929302746640192368e+01,-5.726135247408377182e+01,5.345690168435331202e+01
1.870431996086020376e+02,-3.827161047386977799e+01,4.664901354528549859e+01,4.889463061554641854e+01,-5.572065981835978477e+01,-5.717757263587031247e+01
4.706884125173055509e+02,-6.021041531458666185e+01,-7.149633244683107591e+01,-2.458348015853317747e+01,-9.467442306167571076e+01,-7.781592619315188131e+01
8.090297992944144880e+02,3.491280475268209216e+01,5.995530737947726152e+01,-8.389409457432282125e+01,-5.365953790284159197e+01,-5.847486763923712516e+01
-1.809175834638976994e+02,8.346671261632613437e+01,4.226290362729733374e+01,1.077692221028286212e+01,-3.909640241587595000e+01,6.697080952635968742e+01
2.376853019915097320e+02,-1.293880847409600676e+01,8.469124302375504953e+01,4.121036086718663682e+01,-4.393738406943327846e+00,-7.475797925012825829e+01
1.391152400506515789e+02,9.520871009354951298e+01,-6.803326993118133714e+01,-5.947957495606748068e+01,-1.376364896792581760e+01,-1.915961884497055223e+01
3.565886474528014674e+02,-7.064970384714118268e+01,4.586378387222467268e+01,-6.225098662456281318e+01,2.877912886233255563e+01,5.086119011525974543e+01
-2.761158673846519491e+02,-5.785352158333585493e+01,2.019084962152800244e+01,4.978567504916728126e+01,2.764374212406667652e+01,1.942546058932981623e+01
-3.735684341995008708e+02,-4.090354286890058688e+01,4.632129424830176845e+01,8.906168799998994245e+01,-1.488772194769060775e+01,5.643636336628105710e+01
6.545949302777090679e+02,-8.877179206761694275e+01,6.705432049799318861e+01,-6.154999663557045864e+01,-2.098062622200535543e+01,-3.998379081492871023e+01
4.182015290837532575e+02,-8.397927123879014744e+01,8.092620058724858723e+01,-2.596916448925234988e+01,6.139487695227899167e+00,-1.176746820734990706e+00
5.245091995271272935e+02,-7.356777161141236832e+01,-5.870918822211339716e+01,-8.476223819353576516e+01,1.584339989057497178e+00,-4.769008963340257878e+01
-5.195352242302872128e+02,-2.858767822344161402e+01,-7.838693426055263558e+01,5.751036793050144524e+01,-7.868322464223977875e+01,9.714176474263754812e+01
6.214951366475654595e+02,-6.456776711231653110e+01,1.448102248692985938e+01,-9.103093308218237212e+01,5.742325793116683030e+01,-6.207881043634068874e+01
7.417877992810591650e+02,5.580795681625332350e+00,4.801550863181432760e+01,-7.001370301654881700e+01,1.021743483739435021e+01,-5.667655833424412037e+01
5.425364915409937794e+02,5.183920986342894821e+01,4.458303871124275020e+01,-6.469019314458338954e+01,7.239331153341467484e+01,-9.604498009673115178e+01
-1.890711847696687471e+02,7.204739948462304255e+01,1.178076223218766927e+01,-1.935590557883016061e+01,5.174938620446732784e+01,4.338580033849396500e+01
-1.732297182988671693e+02,9.746523496168529732e+01,-4.438299027740344371e+01,-9.924126551813148467e+01,8.678052166297754866e+01,7.157942090757876485e+01
-2.590208657864097290e+02,4.577017550385119193e+01,3.337756584307683738e+00,4.139124904975219010e+01,5.610591137534854056e+01,-2.502481129262812942e+01
-1.575281351074802672e+02,5.406450506599151140e+01,5.012486383503505749e+01,2.264224230885194800e+01,-1.962681520643252497e+01,3.946160385286819405e+01
1.147771844155449372e+02,-9.937742843496157263e+01,5.497932934491956303e+01,7.928332049136938053e+01,-5.213685851249907444e+01,-7.584656313815405326e+01
-3.977746727118178569e+02,-5.594320244125447772e+01,-3.958065374198034192e+01,7.660570171276683027e+01,8.633286047618909720e+00,-4.265767007871388472e+01
1.022347482589791667e+01,-7.232906204141069395e+01,-4.197110737909166289e+01,2.277421794825052359e+01,-3.517229402051067666e+01,-8.527963661800313844e+00
1.976859506000322426e+02,-1.117657859667711762e+01,6.562707214630242447e+01,-1.473036915275388026e+01,-3.086023576489952802e+01,3.499432096182104601e+01
-1.384600882232375625e+02,-5.570358885329424936e+01,-6.550835214689243458e+00,-3.704686253519670913e+01,2.537112043256692573e+01,7.547209493896252752e+01
3.720719739167933540e+02,-1.046219997087429476e+01,5.689148375838462357e+01,-8.606859887689921607e+00,3.124586634342628599e+01,-7.363180499449957495e+01
-6.317746082327357726e+01,-1.340369860647037115e+01,8.186239773098733963e+01,2.109580020618693652e+01,5.335491744742043352e+01,9.401216191788677179e-01
2.365480703343632456e+02,-3.888750343985094560e-01,6.857996803856997303e+01,-8.643861313180924810e+01,1.465445430993692355e+01,8.855251508658986381e+01
-5.109886038250410252e+02,3.572009634464379246e+00,-6.110683809442309666e+01,6.958787848869522463e+01,-4.967217152882943765e+01,4.014520729650757858e+01
3.050923736184160475e+02,8.052188079379973829e+00,8.976725765604390972e+01,2.486734048053517654e+01,6.759559240954587267e+01,-9.841342476109538495e+01
5.412259794464267770e+01,9.786801123332759289e+01,-8.445708593352270555e+01,-3.557409727704607860e+01,8.923047909135306099e+01,-9.821217952575098309e+01
3.898240920365791595e+01,6.454600108438711459e+01,7.224232767335888639e+01,-1.203383715828549327e+01,-4.885096123881375973e+01,6.053790392665970899e+01
-7.017151495195773805e+02,-4.427599113555771737e+00,-7.313227826886077310e+01,8.556979856500214510e+01,7.919399340132969201e+01,-1.690969996612935233e+00
-2.786959321624852919e+02,7.134049930355843117e+01,-1.628439484718026620e+01,3.669298003326022695e+01,-2.040187211841551118e+01,1.148403490162081653e+00
8.399655287972651649e+02,-6.208965943321453551e+01,9.299778482218277986e+01,-4.115686235114905855e+01,-7.930808877671972823e+01,-7.113691995419037539e+01
-2.145151397612544031e+00,-9.718154116151140443e+01,4.318913989247889162e+01,1.289966404817481305e+01,5.891567023695043304e+01,1.415984656827291133e+00
-2.746021350889015480e+02,5.836420790083076326e+01,3.915284285436788991e+01,5.556969537183508123e+01,-1.870342620458274041e+01,2.955412663749623903e+01
4.984030286432684420e+02,-6.404114046140512073e+01,-3.563600732241920355e+01,-6.547907597604149998e+01,-1.827255499734752675e+01,-5.171625040688023489e+01
1.683311830400478186e+02,-1.861560117412841464e+01,9.504446848746241017e+01,-3.593613483559374799e+01,9.649818899497907410e+01,2.726122517119671329e+01
-5.128694863063252996e+01,-2.498179632121780003e+01,7.149689981671932060e+01,2.391734787371476045e+01,-4.959338397383212538e+01,5.857113559537751257e+01
1.661713761105610274e+02,-1.341229825316739266e+01,-2.849776653391171521e+01,-3.394461269498381739e+01,3.947377512262789878e+01,-4.626997521875468777e+01
-4.230019723552066466e+02,6.165560274107602368e+01,-4.094224112003044524e+01,8.824276717071441567e+00,-2.415701638959518505e+00,7.107128251907394656e+01
-4.925270423414893344e+02,7.767728687907717244e+01,-6.312311152644664958e+01,1.706969178765021411e+01,7.964100920342741574e+01,-1.077655619311406099e+01
-2.633792718925058125e+02,8.437366109676307246e+01,-4.420182190860582239e+01,2.176623483875914644e+01,3.649074195336308435e+01,-5.435885332990317664e+01
-5.065311524469394158e+02,-9.724649748845664021e+01,-1.665520752586078856e+01,8.769637837134681035e+01,-3.139437803391868442e+01,5.594885909651998190e+01
9.662995262832026810e+00,-6.505273743451851942e+01,-3.160943273950951493e+01,-7.108045583238065035e+01,4.335416282927519660e+01,3.986152473936283513e+01
-2.162468660353277699e+02,3.769946358978376111e+01,-4.932079310274006900e+01,3.847202432468176880e+01,-5.454049181681008918e+01,-1.507017681373206131e+01
2.642406995102002725e+02,-2.561557566646254713e+01,-2.893841767597555759e+01,-8.846903855174872433e+01,2.632932537318792754e+01,4.146332053633989290e+01
5.280507937754852037e+02,2.271773890056711309e+01,2.966255123262490656e+01,-6.601185715654844444e+01,-7.011064021222750853e+01,2.835008705176562671e+00
-1.822984318361959595e+02,7.506654527090782381e+01,-6.320931169055559451e+01,-7.432176258348022202e+00,-1.421353319401941917e+01,-5.421628160967344456e-01
-1.213822322765534238e+02,-6.769784590279761005e+01,-3.151187177303789611e+01,-4.762391917929596019e+01,6.890538864589578338e+01,6.006644915528033835e+01
4.704953193745450335e+02,-1.467216834637127931e+01,2.140309215780777663e+01,-7.090687794675601197e+01,1.922658843511726445e+00,-4.061058284261909535e+01
-1.364744394116625159e+01,7.193019071384020435e+01,3.431967618127796982e+01,2.669480252448420288e+01,-7.504973998616415543e+01,-5.882424100222863217e+00
4.156015592172490614e+00,9.731455591737631039e+01,8.965983481453301351e+01,2.901712805208870805e+01,-6.965502579360527591e+01,2.782536974398099971e+01
-2.009149169821526186e+02,1.313242250878549555e+01,-6.266832467749594571e+00,-1.439250610634597649e+01,1.985395113160602421e+01,6.999397770319308165e+01
-6.053019392623729118e+02,5.022420807438749080e+01,1.587210805944661729e+01,8.494083630720561473e+01,-8.705200331169022832e+01,9.826930174636180482e+01
8.482282151794422020e+01,-8.940109146640209303e+01,-6.010089077228772680e+01,-1.544946767108781671e+01,-7.849822476296645846e+01,2.473408219954036724e+01
1.835705626863333464e+02,-9.040148719022653268e+01,-4.307522379861157447e+01,-8.779266377606577976e+01,4.070386622101622720e+01,3.369123351789639287e+01
-5.021561773789739505e+02,-2.428388134987955027e+01,-6.236114799403576114e+01,4.940096580598901710e+01,-3.192414184690655077e+01,5.906023348112856297e+01
5.840617911321940028e+02,-2.419812164075935357e+00,5.133888870195875143e+00,-9.430183010168656210e+01,2.884640397580636773e+01,-2.986869951356652564e+01
-1.241787058393463923e+02,-5.415899454158685700e+01,-1.322332475765988136e+01,-2.350650854581648730e+01,-6.042191982727956656e+00,9.589667083596125963e+01
6.296454286461413119e+01,-2.712438592635390933e+01,5.488202666720789580e+01,1.055351930997849763e+01,7.782621782149655587e+01,-2.900942977008560320e+01
4.720693859867417359e+02,-5.089626396269850517e+01,8.220384793139365343e+01,-9.129314724844692819e+01,9.015068561220044785e+01,1.128138313418504879e+01
1.029269870791754329e+03,-2.472735666258249410e+01,9.901046446782223143e+01,-8.832747077047366702e+01,3.341271953522422677e+00,-9.378058490889043242e+01
-7.039201999641935572e+02,1.423514783724668575e+01,-6.390629820097688452e+01,2.619184006790608521e+01,9.618473515011629615e+01,7.498051024247618557e+01
-2.214897674378294994e+02,-9.632750115825871262e+00,4.169217401034345016e+01,5.549375000063784569e+01,-1.031383163487276988e+00,5.706698035513028344e+00
2.655876865330113219e+02,-6.984312032556147187e+01,-2.612001487761874330e+01,-7.155574938544266672e+01,4.537875066891251663e+01,-4.597401119547356529e+00
3.134597775711100098e+02,-1.022423265864689768e+01,7.719959423307025759e+01,5.523754462312282953e+00,-1.818183361662801190e+01,-4.622159555747082749e+01
5.545395305074900989e+02,-8.559759296604600820e+01,-1.637277325493684543e+01,-9.484930351868332821e+01,-4.176921188951438779e+01,7.019019696792980767e-01
-5.021181776111425279e+02,9.318661300394447267e+01,-7.812341716128308633e+01,3.460821084332440023e+01,-1.352578016000904881e-02,5.541964585515660247e+01
1.268575772205757346e+02,-7.127860042515814598e+01,-8.335947271282489623e+01,-2.015627892950924149e+01,5.939245039598003473e+01,-6.166485221802198424e+01
3.708613434231130555e+02,5.355543842945479582e+01,-4.194040058762635681e+01,-5.662170247764093745e+01,-9.665688218459871450e+01,-2.026818801552425953e+01
1.003434899236407318e+03,-2.378370174130952819e+01,3.186898723907293629e+01,-8.581631990592255477e+01,-6.947920259154562928e+01,-9.668482341981317063e+01
2.796800522368484962e+02,-7.724072871051863842e+01,3.035785520201807230e+01,-1.946862956501615827e+01,-3.579473716653683368e+01,1.158239884875449377e+01
2.343827241460749988e+01,9.869209261996999771e+01,6.689730280360592474e+01,3.992463647991678499e+01,8.365171782641158416e+01,-9.205425866338303820e+01
-9.573464530027536057e+00,-8.593331167689495942e+01,-5.198742002389082018e+00,-3.016651740858453934e+01,8.745041242568979101e+01,-2.087007770966280873e+00
3.358631193019453463e+02,7.929822018670122930e+00,7.905207314624416881e+01,-1.067299083526189918e+01,7.540687785407038746e+01,-4.928365012567432757e+01
-1.643325850104648964e+02,-4.523805916837828534e+01,-3.432772198248197526e+01,9.512854096190693554e+00,-5.597426519460375971e+01,3.428583421625467054e+01
-2.499327282420856591e+02,-7.144134343939991538e+01,-8.117994510007211773e+01,7.403834924107553661e+01,-5.262625928860029489e+01,-2.279919779548089309e+01
-3.691806901716081768e+01,1.430841854506645916e+01,5.160393990293997035e+00,-8.479522411157861939e+01,7.482518711960565838e+01,9.022712368373842651e+01
-1.958255149378827866e+02,6.250146083493436322e+01,-4.323963301062514120e+01,5.569359223591902719e+00,-3.211665519647810640e+01,1.093346215753334150e+01
-4.621741565540062311e+02,9.488069378260050257e+01,-3.765941645620372213e+01,3.375932118457393472e+01,-3.480655853820282175e+01,5.489545320301593279e+01
-2.411692767158695574e+02,-3.483800667735903289e+01,7.796546828947498398e+01,5.034154418385335816e+01,5.252641908902214141e+01,-6.104194288014852532e+00
8.971037887727733562e+01,-5.784709950625892816e+01,-9.170498408470022866e+01,-3.563424000595109931e+01,-9.257746710120112255e+01,3.877108227477995683e+01
3.101096224499429610e+01,3.407000638723366137e+01,-1.390564345100500532e+01,5.355779553163461060e+01,7.201698947912731796e+00,-9.202801467290949233e+01
1.638208218273115335e+02,-7.304137640786419183e+01,-6.131672019701633047e+01,-3.286723976707004624e+01,-8.953741071250465211e+01,2.102335610007324362e+01
3.334733106532607394e+01,2.412205504783756282e+00,2.349220240343122157e+01,-1.352888104713119333e+01,6.954009364748753796e+01,-9.188188788169739496e+00
-5.050634211662294319e+02,-9.691929604161582290e+01,7.461362968941989493e+01,3.124030954881976641e+01,6.460060812969419430e+01,9.035513860677033904e+01
1.394825941282168174e+02,-8.981752329662255363e+01,-5.298562718179709208e+01,-8.733131130873204029e+01,-1.566842279350981926e+01,7.276582910029040363e+01
5.709858494782622529e+00,-8.367520345698638096e+01,-5.377609422824306762e+00,-7.489137803825528295e+01,5.457712043342354491e+01,6.828443135916867845e+01
-1.035271080043116143e+02,-9.134181236276828031e+01,-2.711851365921049251e+00,-5.211779117244881121e+01,9.049475633865185387e+01,8.877852555675923441e+01
2.485101224222018459e+02,2.278680047694017219e+01,9.469747946503926528e+01,-3.102773125674980292e+01,7.957014353353633851e+01,-1.308100531829809654e+01
-3.552098276510194808e+01,-5.283707257049725570e+01,8.816559264027986842e+01,3.684361019664549985e+01,-8.701768293217413941e+01,7.408497136461323862e+01
-2.012891079817144089e+02,4.027605892666926479e+01,2.098537459485633860e+01,4.647497983586609394e+01,-4.931219150004384488e+01,2.009779105490888185e+01
-1.097606976017908949e+02,6.292383625233105704e+01,-8.917726793520002104e+01,-7.389786573214681198e+01,6.848916199128271387e+01,2.366917386557709335e+01
4.696755223073679986e+01,6.257562096211600533e+00,-5.034185420058028626e+01,-4.098428495010082173e+01,7.453723298389238039e+01,-1.566681303005815096e+01
8.566788784719304317e+01,-8.711394888407863846e+01,7.939701390151648752e+01,-5.932383343518979046e+01,6.524550709847827079e+01,7.635412461656144956e+01
-2.228270461892692822e+02,-2.649851036332378840e+00,1.969293862092726499e+01,5.453491297083388645e+00,2.496425883709980553e+01,7.100834426947028533e+01
5.276816971221707036e+02,-4.357211031902787823e+01,7.675110163612018255e+01,1.353806602382985602e+01,-7.697939180661933278e+01,-5.459976695706841099e+01
1.927295220927023820e+02,1.919647712260274375e+01,-5.211075261906393052e+01,-7.371686789250787797e+01,-6.763045717523297640e+01,6.897450364714779880e+01
2.160766149376520104e+02,2.043673077854215592e+01,9.271341743766839727e+01,-3.086415734079490392e+01,1.912501962698993907e+01,1.979705779468395122e+01
-5.974230621301319388e+02,2.314085744078975893e+01,-8.816455856285551818e+01,5.006343691493717074e+01,8.964189963752505719e+01,6.935811435917742074e+00
4.910424137662855628e+02,-6.148879580898631758e+01,5.058518299598844692e+01,-9.853620613442724618e+01,-3.434877926984383123e+01,8.352126952887863354e+01
-3.283592960132125427e+02,1.767346657877536131e+01,7.103805678082707686e+01,2.093441046983754461e+01,6.451563050477420802e+01,7.589670468586336938e+01
6.377490735806645716e-02,-3.580272509510935208e+01,-7.540904568956429443e+01,4.426066883731417079e+01,-1.193058263375235128e+01,-7.465285817159828241e+01
2.877466099578084595e+02,1.796472962197783829e+01,-9.278633708602801278e+01,-5.996357671780261001e+01,5.766023793359377692e+01,-9.758064799692843394e+01
-5.633905585453265985e+02,-3.933086565828618575e+01,-9.572480778238585231e+01,9.949699854566588897e+01,1.640599526869235092e+01,-4.132474430278867317e+01
1.930899494196119122e+02,8.578989237862313644e+01,1.423884709640901747e+00,-9.061554489518613309e+00,1.757430125923728781e+01,-4.717247115788607914e+01
1.835986171114207650e+02,-3.894234013051334387e+01,-2.566908465516351612e+01,-5.111040012567782753e+01,1.690945322332595424e+01,3.916922678646528766e+01
-3.689176665320998154e+02,-8.561055596719977245e+01,9.421666392509274601e+01,5.061413117389096783e+01,6.123263259068164643e+01,5.032808081625810814e+01
1.432860032008638882e+02,-8.398780454575654630e+01,-3.660743395764583852e+00,-1.086540871966879251e+01,3.449453010498598360e+01,-1.025254823513562030e+01
-2.367376603985033512e+01,4.086267967678190871e+01,3.632906752052457477e+01,3.942970575055124982e+01,2.372014851230727572e+01,-6.980385334407084486e+01
2.593166352104979211e+01,5.216049126115120771e+01,5.620916443879139024e+01,8.082059718276099147e+01,-5.324626147917881269e+01,-6.466422138553171806e+01
-6.371519942176349787e+02,-2.178017537864751318e+01,-3.588706920096795727e+01,6.309538580112524642e+01,2.270517993368632403e+01,5.200035046994977961e+01
5.021469142312744225e+02,-1.446698006060715613e+01,-8.011188741688215487e+01,-7.699299758995074683e+01,-2.531857365256094283e+01,-6.123044649809856566e+01
8.153413401000067040e+01,6.414929972458764951e+01,1.992720168474335196e+01,3.776905180373299231e+01,-1.778007739140761601e+00,-8.236526375156378776e+01
3.806492443833382140e+02,-5.298447266276593837e+01,-7.679583821675592503e+00,-6.028169938921475079e+01,-9.490475284423594360e+01,4.587953965123051603e+01
-6.427613124144280619e+02,4.498334944382384037e+01,-3.392165072765945411e+01,6.869882521273109433e+01,-1.431150480978531903e+01,7.293722895270687445e+01
7.052013152236220606e-01,3.141308492457790180e+01,1.620713148361802780e+01,-5.985450239298180009e+01,5.909322095678987807e+00,7.888648368551446310e+01
-2.316994257179881060e+02,-3.900120483295679463e+01,7.418912183221067380e+01,8.174905457167761824e+01,-3.403108746362353543e+01,3.661487326731281655e+01
-7.707724588855851380e+02,7.984418991319375891e+01,-8.486062364833932747e+01,7.571757264095410278e+01,-6.183212734630387786e+01,6.995378200358612730e+01
-2.826478933509797287e+00,3.342375773984079501e+01,-3.113216090998922425e+01,-6.972488600144019699e+01,2.707419229769068636e+01,6.955760874294833229e+01
-2.014353932562644900e+02,6.436987495280212102e+01,2.564791942613156550e+01,9.126030195104641507e+01,1.798462541515395685e+01,-6.043344307041613916e+01
-8.397869439191703123e+02,-1.413385547670154097e+01,-3.265080025976654099e+01,9.838900238145620847e+01,-2.395270077654704721e+01,9.854017473296357821e+01
6.121987199094145353e+02,3.760850146682841455e+00,-6.554405970457490582e+01,-8.508518574970402426e+01,-2.593886124522246917e+01,-7.531622803705403157e+01
-5.782969857085155354e+02,2.690374325836832270e+01,-1.721603085411823031e+01,9.818312650509002992e+01,8.599112473066355733e+01,-7.015279353804999118e+01
-2.054324793163200695e+02,-2.102354749263990641e+01,-7.684057807522776784e+00,1.218975102438903946e+01,5.607270465785370561e+01,-2.561218185315254914e+00
-5.745838907863017084e+02,-1.600128959795183903e+01,-4.760005905613287069e+01,8.216122781735168701e+01,-9.554569769343916619e+01,6.422437964379292907e+01
3.513971296714306050e+02,-6.230632006671630307e+01,3.715137983450944148e+01,-2.895812213207125296e+01,9.484252557901825753e+01,-7.544557411011601289e+01
4.872749303034732975e+02,-6.248602147655208938e+01,7.788849509289576645e+01,1.668126292164558322e+01,-3.815072306824407633e+01,-9.984712290436239357e+01
-3.097874476106172210e+02,-5.448045233554938704e+01,-7.091927316575285545e+01,-5.931323512598187619e+01,7.926451136080092397e+01,7.461887565392811439e+01
-2.767425549344557680e+02,4.005788752668993880e+01,-5.900464769558183775e+00,6.542720046645766274e+01,-8.347205829575301550e-01,-2.730226334301895008e+01
5.292479016916238379e+02,-4.487937944782824928e+01,8.494816270767432798e+01,-2.260215314874156434e+01,-1.423825313735946452e+00,-4.911237953711557935e+01
2.816880925991357572e+02,7.699330376761267303e+01,-2.334730863894264985e+01,-4.048505693722495380e+01,4.351899243895087466e+01,-6.182601136553851262e+01
2.026952336099670902e+02,-7.636147413059231326e+01,6.739955644270244761e+01,4.882718427390705074e+01,1.810410952942342533e+01,-5.142168500702586442e+01
1.498304802730539222e+02,2.464942903751681058e+01,2.767106414823459204e+01,-3.448611117753497979e+01,-8.650213138649154132e+01,7.610771951286534431e+01
3.641794968774863719e+02,-8.008653785148325710e+00,5.277454361328597088e+01,-4.922227581145206443e+01,1.827743645350336976e+01,-1.424096793024045837e+01
4.609258702136194188e+02,-2.357987149017208139e+01,-7.465732323061544662e+01,-5.114666735820483723e+01,-8.413168340833621528e+01,-3.942833905648428328e+01
-1.382803611286493037e+02,4.834096004631106780e+01,2.300314499420976233e+01,3.448221978678515143e+01,-9.832338409499368481e+01,3.567539445026397971e+01
1.031678160147804704e+02,6.361381085774127087e-01,-5.381830990316416319e+01,-6.502069820361555230e+01,-6.300340688983403226e+01,6.885200101501968106e+01
2.217081627465153417e+02,9.651795786101706653e+01,8.274792496832631628e+01,-3.052611592543743768e+01,5.604491593827273732e+01,9.290918140286123617e+00
1.107525874697959978e+02,6.328847951118754622e+01,-3.254609762218834135e+00,1.799025965988074915e+01,5.745268950485228743e+01,-7.995307137937352593e+01
-2.901924360591979735e+02,7.401423368108140721e+00,-2.680333066606914372e+01,2.086136873377444090e+01,9.176050312740008508e+01,-2.143541100060750182e+01
-2.944506022243955812e+01,-2.140540041167670893e+01,5.812739871791976043e+01,2.901567981708527100e+01,-2.122319842892470376e+01,3.779100964605029844e+01
1.494577974422934119e+02,-1.919967818912419943e+01,-7.277736915037557708e+01,-9.871346265573109235e+00,-3.311612146054547168e+01,-5.640621398776642081e+01
-2.468736463909858685e+02,8.515496032728796649e+01,3.792787981591155244e+01,1.976417812468437774e+01,4.933149442460100431e+01,8.394212354288299593e+00
-7.457646812857205987e-01,4.010661452390053228e+01,8.611196384996901543e+01,7.252333890104438296e+01,-6.651162849869574245e+01,-4.737219521522515464e+01
8.073113109142502708e+02,-8.567794411163909274e+01,9.573456103166938647e+01,-5.272318026792488865e+01,3.211967118571973856e+01,-8.207386021450759017e+01
4.827414351248531830e+02,-5.784581158259625511e+01,5.648767036809090314e-01,-7.900926633401439858e+01,-2.222531946105512191e+01,7.597544027936180555e+00
-1.869906265218046570e+01,-3.215916302298001028e+01,1.118004222531510550e+01,7.353664388492802573e+00,-2.187790025261884352e+01,3.925401662022059668e+01
1.907709707046823411e+01,3.569649079958480797e+01,3.746062987487798068e+01,1.229825175987484442e+01,-2.838401719741283102e+01,2.262246707340244711e+01
-6.699409649814308523e+02,8.714725332163993698e+01,1.937770498919462625e+01,9.591803487188502686e+01,-1.179867591822576856e+01,4.792239250150933572e+01
5.829595734895166288e+02,-9.247922427007996760e+01,5.294532780009723183e+01,3.656316065362474887e+00,-9.893669340777935872e+01,-4.455997904348030403e+01
4.429951556178602345e+02,6.966446503962302472e+00,5.359257565626231212e+01,-8.938148090949498226e+01,9.810688770103936918e+00,6.019891115967118367e+01
5.236814399819228356e+02,2.991661097569578942e+01,8.628940299858214757e+01,-8.505371099704777293e+01,-4.463870747988267595e+01,8.384750085123448571e+01
-7.740236693841978877e+02,5.300102965962858548e+01,1.994806889441973397e+01,6.659362876741408854e+01,7.920869831500039027e+01,9.454407057056496910e+01
7.196897685138827683e+02,9.970410141796116932e+01,-7.207013326317930080e+01,-8.589159105126016414e+01,-8.530666912797533996e+01,-9.705124182001061683e+01
-6.365295232846557383e+02,9.436401459558521765e+01,-8.104661670855418265e+01,6.834736523716992451e+01,3.703459938153991970e+01,-2.488566503416379305e+00
-1.067525678275204655e+02,-3.066102372828436273e+01,-2.927044258659898901e+01,-4.923222353056255685e+01,8.220359473972530395e+01,4.512850909897377960e+01
1.633680854020234392e+02,-9.481484144314602247e+01,-7.695749350577088421e+00,-4.373974549263772360e+01,-9.420676276442030428e+01,7.693637886185888419e+01
-1.137090937464111846e+02,5.420107159093646487e+01,-3.405298415114781108e+01,5.931171750734222314e+01,-3.507233555940068470e+01,-3.842351123647065236e+01
-2.883840203366413562e+02,8.562181570014524823e+01,9.538323238917004687e+01,4.711060943378569732e+00,9.038703351358498139e+01,7.759929878529291614e+01
-3.142875253351361380e+02,3.606512318881740953e+00,-2.545023958050288115e+01,4.207091566392188042e+01,-8.871315071589208401e+00,2.104257902464257768e+01
6.824426586160548140e+02,9.808123937798933412e+01,5.478324999129370099e+01,-3.314471900123474768e+01,-8.220035583552440528e+01,-6.301888194431833057e+01
-2.317763560242449898e+02,5.370375178366870728e+00,-1.657951637862839789e+01,6.013193162584792617e+01,8.664046763733634293e+01,-6.442705040973029895e+01
1.054050711331244941e+02,7.201335417524325067e+01,9.147898526533376184e+01,9.189412136995642300e+01,-9.242748245591390344e+01,-8.848329887836526098e+01
7.041791306063184948e+02,-9.884052141646219525e+01,-3.746376876890471408e+01,-8.886031745757907174e+01,-4.122750290589116418e+01,-2.879670279376269093e+01
1.232006527620151815e+01,9.073540369478436673e+01,-4.609815502644408980e+00,-4.435231151573393049e+01,6.010390101909450777e-01,2.867158492982710527e+01
-6.615810868359782262e+02,-7.775086548651299267e+01,5.161233162662171026e+01,7.038915425745909715e+01,6.884997191388566762e+01,7.810136648241788748e+01
1.890722776869243944e+02,-2.363152064884776848e+01,-1.123896032669628653e+01,-7.968370481076675560e+01,-5.483861551375297694e+01,9.426409385464219781e+01
-1.148267681571893633e+02,-4.307520620625291485e+01,8.147922844819944999e+01,7.811045727566221331e+01,8.450089945207867004e+01,-6.877008711184105039e+01
5.443688088562155372e+02,7.594442870027617687e+01,2.639899009262742879e+01,-5.787436431623951449e+01,-3.097681704398375757e+01,-6.801624228214336654e+01
2.432854987667766977e+02,-1.113036851077455935e+01,-8.324500923090789684e+01,-6.693630190395202817e+01,-6.056073070666614200e+01,3.820546831134083732e+01
6.919183917097285530e+02,1.476057383307059467e+01,7.466462680734642277e+01,-5.107318685615837950e+01,2.592159134378262308e+01,-9.311374693858087426e+01
4.168761326502876585e+01,3.239692215413796816e+00,7.264529634276991032e+01,9.682530877698337690e+01,-9.802540492821630380e+01,-4.943170358463697767e+01
6.491637579429138896e+02,-5.523006593449493096e+01,-9.049248115444790130e+01,-9.796550874764487560e+01,-1.960937551153648428e+00,-9.090357086594119096e+01
3.103337811979653225e+02,-4.433437383061959736e+01,2.799491382178244692e+01,-4.106159168781915270e+01,-4.606905976818971027e+01,1.810930444871341649e+01
1.782732965382046189e+02,-2.389318455807199371e+01,4.050460679228018535e+01,-7.752097500277841391e-01,2.664185316129550074e+01,-2.932113059967412028e+01
-1.009418022138024639e+03,-4.259121076889827151e+01,-7.335857724977961425e+01,8.741607695979286063e+01,6.096716920315893162e+01,8.760570863127048824e+01
2.496111699032143463e+02,-6.292389507043954211e+01,8.663115256464510594e+01,8.715064153842661199e+01,-4.329109727926909557e+01,-4.507315031522740867e+01
-3.411592991291963131e+02,1.028631473467449098e+01,-6.294215212628952827e+01,-1.157977787464683672e+01,-6.293647081246312069e+01,8.947518359079185757e+01
-2.535540303254823868e+02,-1.235068501782876638e+00,9.278355348479956888e+01,2.898833450244237042e+01,-3.136845393522875725e+00,9.353904919223950287e+01
2.680132630557955054e+02,-7.136204365824742979e+01,2.646597493329932149e+01,3.237767356735952262e+01,-1.323203456945481093e+01,-8.812855493220850178e+01
-1.869906518815147365e+02,-1.455479766793345675e+00,-6.973211296384505431e+00,6.134936215497270950e+01,-4.866780200940474543e+01,-2.171392740314628611e+01
-5.010557844638368579e+02,-5.196555855572455584e+01,3.728868303447282528e+01,9.797669066742309951e+01,-6.451409262634761888e+01,6.428934804525945879e+01
-2.308140713084991376e+02,-5.380228814367333712e+01,-8.840483732544659290e+01,-7.223669639086527638e+01,8.703062310847772665e+01,7.770842067124561936e+01
-1.020186416074534463e+01,-4.214790090341799811e+01,8.955281322032138291e+01,6.998610704628379153e+01,-1.306904118566529860e+01,-6.390089026705439323e+00
8.226649560534209513e+02,2.597060431668454328e+01,-6.839363300723746875e+01,-9.704358265158141705e+01,-4.689759650552283432e+01,-9.691127361144782526e+01
3.563956052306949118e+02,3.489976883245148542e+01,1.029376716255529800e+01,-3.567037087944446228e+01,5.604046742395172487e+01,-7.084291375704458460e+01
1.340086620179052659e+02,-5.102387224762328088e+01,-4.153724759214325957e+01,-6.081361070020157200e+01,-8.241226324587933050e+01,7.399523605432150930e+01
8.001801494350560233e+02,-8.236227088569798127e+01,3.674206716432757958e+01,-7.591982462845533064e+01,-9.786019937116516587e+01,1.145364601498275192e+01
3.369161880345532154e+02,8.142181104407413272e+01,7.209133346737704073e+01,-3.230972317634999058e+01,-9.456823413482754859e+01,6.017187102600664161e+01
-3.516371526977312669e+02,6.119698645793317837e+01,7.369762326055442259e+01,3.392931997510660835e+01,6.155577246301530181e+01,7.949965646056404012e+01
-2.033027080855452766e+02,-9.234009901997538350e+00,1.156506074298209796e+01,1.226225765646944410e+00,3.839678090484375161e+01,3.658137352597498193e+01
2.016627894340137175e+02,4.062727172663301189e+00,6.569362961709427395e+01,1.155877357973295716e+00,6.497171247704639541e+01,-4.363098237135141488e+01
1.017965042009245451e+02,-6.430103340450234839e+01,9.397411406894281072e+01,4.838790509121534456e+01,-4.804166133911709125e+01,1.624706845823433810e+01
3.418074125694000145e+02,9.105245070763737658e+01,-8.384921843758424131e+01,-8.329315858765178859e+01,2.382696628398144867e+01,-5.510130423280845946e+01
3.058324827475229881e+02,5.303679134670161943e+01,1.363050858982101943e+01,3.323761804469904746e+01,-7.843721984108151446e+01,-8.314338971268864498e+01
3.174987489577573001e+02,2.502421366109793155e+01,-1.805374777319590862e+01,-8.254949522560363562e+01,-2.578721099676218387e+01,3.442888193136971609e+01
-5.839324173183332505e+02,-6.208251996168285558e+01,7.914582170574081488e+01,8.996927777601746357e+01,9.231450848690676025e+01,4.601651154805205124e+01
4.090071128064565755e+02,-1.874231446233697795e+01,4.874983927024391051e+01,-4.240262414504969257e+01,-3.711655552185075635e+01,2.117927224357158877e+01
6.540584216809946838e+01,1.896942668158352774e+01,7.573219526316222527e+01,-4.907984886788461409e+01,5.323767304056434568e+01,8.820265336378025722e+01
4.424047031830599508e+01,-9.979341346845306759e+01,-4.782176399579029180e+00,3.140806580494586342e+01,6.866464278390449749e+01,-6.325211762479965216e+01
-2.502050996890582724e+01,7.123184759747437056e+01,-2.712690402859441008e+01,7.845478585523449055e+01,-9.445765197552699988e+01,-8.292197217536588028e+01
1.030153902990908250e+02,9.628209315082250441e+01,2.190038515469932179e+01,-1.647353063716334987e+01,-6.615716306126188329e+01,2.998023061793799116e+01
9.927227885339104319e+01,-9.260498632812843312e+01,-3.767721730785906686e+01,-3.530416060218493612e+01,2.148837870291072250e+01,3.016625133513940682e+01
6.655582258492552583e+00,6.921091984729386581e+01,8.551618851950868816e+01,3.209154552221994550e+01,1.563478368170763133e+01,-2.025689127419832403e+01
-5.393501167412133555e+02,9.332249852842841165e+01,-6.918416563352852222e+01,7.901736172972968575e+01,-3.779738642303169627e+01,9.697817933220804321e+00
-6.472788413021643805e+01,3.641325168656297251e+01,-5.270606973476892421e+01,-6.645266298994567933e+01,1.696402685923189324e+00,5.837277511693432075e+01
-8.821994643370437643e+02,3.848289243341511678e+01,-7.620533256539702904e+01,8.014844301434661133e+01,-4.052486590168996372e+00,8.933533584792951387e+01
-2.532721566177473278e+02,1.068674124965313865e+01,-8.303963566792941720e+01,-5.950739286509288206e+01,7.084759458327653192e+01,4.118547335294383060e+01
-3.600212160995085355e+02,7.898790403058484344e+01,-3.417079964114005008e+01,5.600279327525228723e+00,3.007962649682397682e+01,1.885817071733288230e+01
-8.791563470641486333e+01,-5.370741289315044042e+01,-1.463573011035288118e+01,-5.037770718796503644e+01,6.912299244622909100e+01,9.733548899361653639e+01
4.683221404006628745e+02,-8.668583937352414637e+01,4.278560645339226198e+01,-3.397688956018514261e+01,2.508707566228657981e+01,-4.837407014362580071e+01
-2.827981547819659340e+02,3.020152186169900688e+01,-2.577056310745409462e+01,-4.103582409260726394e+01,8.235263473955976110e+01,8.849977484524148963e+01
-1.017906807881415375e+03,2.271000531202709283e+01,-5.710644383386147638e+01,8.788377418123187113e+01,5.009070934466481617e+01,5.021796146456119914e+01
2.410797296844677930e+02,-5.765573303030275554e+01,6.603130523245985728e+01,-5.198096916775798348e+01,2.632414905003204808e+01,4.214791397991726285e+01
-5.768576801590743344e+02,4.847668594142032816e+01,-2.194705908008380391e+01,5.196507934321948596e+01,8.058718042434199447e+01,1.748400384751538184e+01
6.620307111023859079e+02,-8.191805686104027018e+01,-7.420480317154478200e+01,-7.894749466744261213e+01,-6.545450733542399746e+01,-7.471382194206299232e+01
-4.636845830804163029e+02,5.566017801352552397e+01,-9.211769756311115032e+01,-5.168831653182719776e+01,7.581328027169308825e+01,9.470377216725870539e+01
5.558932733129072403e+02,2.108440154540961942e+01,9.524765291207768314e+01,-9.130969165700464885e+01,8.971455367520150048e+01,-3.774078350876657595e+01
-4.820705617242836070e+02,5.979456807231861148e+01,6.212582068938030488e+01,7.199971831606896444e+01,-8.289837819499794591e+00,8.612887843308968172e+01
2.934197979621258128e+02,-4.842140311459202451e+01,8.688909850591693385e+01,2.382392665033211188e+01,9.708898298896610868e+01,-9.347122680748152845e+01
1.510539010160030671e+02,4.503333176654166436e+01,1.311084707607621169e+01,-1.515190520336091140e+00,-4.815637486985260551e+01,-3.463386302672498118e+01
-5.602364069132693203e+01,-5.010755865972245005e+01,-5.614641793498784494e+01,5.993216750496776513e+01,4.790011796516751019e-01,-8.336202226060045462e+01
-1.839093994349248078e+02,5.539683840547607474e+01,6.729815216746175111e+00,4.787755746927641098e+01,3.078738628624265061e+00,-2.001081520297364591e+01
-7.147635175162625956e+02,9.724935648725900705e+01,-9.435147596741745701e+01,8.655278159297165530e+01,8.617099355199360389e+01,-2.181625769970838746e+01
5.422884914462590586e+02,-5.710702577333604069e+01,2.384265958664779816e+01,-6.440553290596611191e+01,6.064163886560166361e+01,-4.921322882445296187e+01
-5.191719519027072920e+02,-4.183876899346441292e+01,8.318315800199141563e+01,8.058336669488178927e+01,7.076178346104342154e+00,7.256779611572312660e+01
6.716110715361844541e+02,-2.949348623898764288e+01,9.957685564498046915e+01,-1.326205211900459346e+01,-4.103759764030093038e+01,-9.168515321016654696e+01
-4.817954791361744924e+02,9.794139075734835842e+01,-7.022473817635528803e+00,4.691700281007413764e+01,2.816152480917492085e+01,4.461867993320194614e+01
-5.916616939676389393e+02,-8.977781923477674297e+01,8.400908108194272472e+01,8.536824358044830774e+01,1.039900543083942352e+01,9.278317773691020420e+01
3.142000165645949323e+02,-4.380889260192650880e+01,2.042932542730903833e+01,-2.070746198947522032e+01,2.560464635104564479e+01,-3.987354229525037397e+01
6.029234856943132854e+02,6.387167693120403555e+01,-8.604280429915829131e+01,-9.162448594000073854e+01,-9.012072307333713184e+01,-6.990899432646730816e+01
5.629303050291615591e+02,-2.092990524106193106e+01,9.107799785143492954e+01,-7.784091206080876191e+01,2.951059716328543914e+01,5.524301691269855041e+00
2.358412390071018478e+02,-2.935151880338820263e+01,-6.036015413596162915e+01,-5.588118363053284554e+01,-9.123569805457060511e+01,4.263279463196289498e+01
-3.993948816592443336e+02,3.076803983925097441e+01,-1.124604145505551855e+01,4.378789761796872426e+01,-7.800480551093590975e+01,8.774383467378621049e+01
1.374031968755236051e+02,6.952534184787751315e+01,3.180713193317666310e+01,-2.423376626765363540e+01,-1.668665419705051534e+01,-3.569215568506507452e+00
-1.716183514576877371e+02,8.705675400136013309e+01,7.271859098362051554e+01,-4.415230156688124907e+00,1.090369965563340315e+01,7.508077245586434856e+01
-4.220600351541048667e+02,8.985288675445801232e+01,2.783695117364919724e+01,4.970406401795074203e+01,-2.967501872791147832e+01,8.360566381723600671e+01
-7.646814668776127064e+02,6.735040997076623626e+01,1.041117624495255711e+01,7.352544192303474802e+01,6.997437628806645193e+01,6.168227132122837020e+01
-3.447009832494953798e+02,-7.386143512052238691e+01,7.200514964362426440e+00,8.015662294138320476e+01,5.416636611076606300e+01,-1.585736019496164317e+01
-3.184263146961976645e+02,9.557607867199317297e+01,-4.984536866539954758e+01,-3.327795423042046252e+01,9.084010148591778488e+01,6.174306963705794260e+01
2.049411065474919837e+02,8.006800090213238263e+01,-9.768208211802095775e+01,-2.404711339320104457e+01,-5.289560867802614297e+01,-4.081298962251773332e+01
1.872381020158709362e+02,4.759909928076817209e+01,4.481696897281480574e+01,-7.640117960187708945e+00,-2.694510775858125839e+01,1.693832260090515263e+01
-2.378113731037258560e+02,6.741550926855268244e+00,1.011591180157240899e+01,2.309541422293155222e+01,-2.087034554649022766e+01,5.434369648309166223e+01
-3.026474979630905864e+02,-4.975936333012267454e+01,3.115215358067320039e+01,9.207942964400362484e+01,-9.928904790711479222e+01,4.467220887886122682e+01
-2.409614971796287932e+02,-7.820099321407126070e+01,8.757498332765038640e+00,2.538320333606691293e+01,-5.141057484583977555e+01,8.276877504932161855e+01
-3.192898187772638039e+02,2.446250573832355713e+01,-5.366106172102802674e+01,5.402643751996149035e+01,-7.889858400053304877e+01,1.104506370626890543e+01
1.315535728913705782e+02,-8.100878603950170032e+01,1.619681453500389523e+01,-4.940397745596231971e+01,2.989336159094926870e+01,4.316539057163601001e+01
-5.355156471758216412e+02,4.837122913732244456e+00,3.150428154062200292e+01,6.265876906501114263e+01,6.150245432860640449e+01,2.393639841077255426e+01
-2.269727706792290292e+02,-9.779507575845030942e+00,-1.841000219052651232e+01,7.494952398087269785e+01,4.058634642287427141e+01,-6.301299552531966697e+01
1.416605718733013077e+02,1.314642932585266522e+01,8.176160646001139298e+01,-6.986200155034576653e+01,6.910353510614129391e+01,6.404049326306997614e+01
3.746951791107435383e+02,-1.317797404331031430e-01,-9.248322970285936151e+01,-7.049949892061292189e+01,8.452773893773425584e+01,-9.116904079362751645e+01
4.955498071325820320e+02,-2.550024671892809636e+01,2.380792694509416663e+01,-6.061039221719666159e+01,9.621595144805945665e+01,-6.880495339131550736e+01
4.207084561354878929e+02,7.935839032254875747e+00,2.360226486932891987e+01,-5.380201026605922010e+01,-6.738202158131727515e+00,-1.798294173414149100e+00
-2.925185295714894806e+01,5.337247526530839536e+01,2.685615055477468616e+01,-6.489989386932080606e+00,3.338850863879503095e+01,-9.324514695560324640e+00
1.872786738733225889e+02,5.142318268281925953e+00,3.171360831167237393e+01,-6.376092360922767455e+01,5.760991023446143799e+01,2.057306750767946824e+01
-4.371143217219445205e+02,9.606657702746554151e+01,-5.552336129376485019e+01,-6.746705166685302402e+00,7.912836051988932695e+01,2.028668193975762790e+01
-3.147888116958860678e+02,4.519176916976300618e+01,-1.726596715972794982e+01,3.686192436626396329e+01,8.921100596951262673e+01,-5.996278685213558646e+01
9.869974910234720937e+02,6.147305277546408320e+01,9.390760241997929825e+01,-9.708625364733364904e+01,-5.695808268111448314e+01,-7.652461593737405110e+01
-1.014320942001826893e+03,5.348470354829063922e+01,-8.375668281145334504e+01,9.968271171818150833e+01,-2.207759682413896485e+01,8.104055318660806506e+01
-2.591066057058336582e+02,-6.228447930010643319e+01,-1.182556003554182666e+01,6.896236380124071275e+01,1.905395613465124427e+01,-7.568380661728582481e+00
3.227432098585824178e+02,2.529949351423525172e+00,1.477710537846948569e+01,-1.193615848288136760e+01,-6.128820845523789984e+01,-7.720684770816272646e+01
-2.022025620116195910e+02,-6.975441452597038960e+01,-8.950180722937321320e+01,1.173528221272630390e+01,6.954420280720214009e+01,-2.817613221517785860e+01
-2.663908758113603312e+02,-8.493782547283643680e+01,-1.485511760297674755e+01,2.040156769440027063e+01,-1.491930688487248347e+01,6.214424672147401907e+01
-2.559867742644482007e+02,8.837724923734106142e+01,7.398215465367087518e+01,4.079989965597769697e+01,-5.940215043564947450e+00,3.653960858065025263e+01
2.283525107481803786e+02,-9.731633788869409329e+01,9.649562370040877113e+01,-6.558453363422080429e+01,8.125207919233636744e+01,6.142198033322122797e+01
-5.848883926107004072e+01,6.002793687739753636e+01,-4.621278844298701927e+01,-5.616923884854838889e+01,-1.423986141718225440e+01,6.987422014613099464e+01
-4.220660231191614997e+01,-9.924071505655945202e+00,8.708402280141237384e+01,-2.946413454965239964e+01,2.387843313935194089e+01,9.613980727115603031e+01
7.282290871383167996e-01,2.869250444816097456e+01,-9.090035679187924700e+01,-7.288581809657628696e+00,-3.304973125726723993e+01,6.436309704334931325e+00
-6.151538930762056907e+02,-4.305075827737372407e+01,-7.554775395399943250e+01,3.365779775016036979e+01,3.627195097826125902e+01,7.342785999981768441e+01
-8.725803044402159259e+00,-7.352370128745251066e+01,5.972406165560619229e+01,6.535374768102579424e+01,2.930998715023039836e+01,-5.901557084387323471e+01
-3.489107497339916364e+01,-4.771585711883241743e+01,-1.630063649216486965e+01,8.359814556546268705e+00,-4.512408881556595475e+00,-6.508021590926119870e+00
-4.193995138851786919e+02,6.796814203953346123e+01,7.402047306151354178e+01,6.335079287535333492e+01,7.556028372693992878e+01,1.420175238741461499e+01
-9.204136859907799817e+01,9.280722666781636576e+01,2.130886965009352707e+01,2.078954821593627855e+01,-3.614045258507623259e+01,3.624083682340381074e+01
4.866853489326047111e+02,-8.960686229892780830e+01,-7.309071579761155135e+01,-7.395156648544698896e+01,3.104025744494714445e+01,-6.493348164573234271e+01
-1.249910192440694345e+01,-3.177063534969055070e+01,-9.113766883337908098e+01,-5.325312797669787557e+01,9.284486496985883264e+01,1.827880503273533463e+00
-5.164390388012328685e+02,-6.978509630571360844e+01,4.601706346892854071e+00,8.870187678221614647e+01,7.313720280126682383e+01,-2.158682621392262035e+01
7.755166886727280371e+02,-4.322649680531947070e+01,5.234597253854835230e+01,-5.190313503938244111e+01,-4.915352906852952231e+01,-8.318272916401410555e+01
-4.409397563666946098e+02,7.282881895280536355e+01,-1.042021687594403545e+01,1.235725212199471912e+01,4.734219153870398600e+01,5.929777342623913228e+01
-5.982702573249753186e+02,-1.049837220193722942e+01,-6.317448876484033349e+01,6.574657030566035587e+01,-9.380040803434883401e+01,8.934565392159049679e+01
3.315777617356632732e+02,1.539556929550032294e+01,7.507774769013738592e+01,2.171308739471173510e+01,-4.966808316953525804e+01,-4.077401530081912284e+01
6.862123841746199560e+02,6.584511806330638706e+00,9.241564256941870781e+01,-6.310087910196446614e+01,1.979675628621805572e+00,-3.124237931263111534e+01
5.680584212403640549e+02,5.394506899143715373e+01,6.057329728648480227e+01,-1.508801793955667847e+01,-5.917550000113283204e+01,-8.658210793422892948e+01
-2.031211664727587731e+02,-6.027034711588770222e+01,-4.551982997412356013e+01,1.975778358184207661e+01,7.461669945488711164e+01,-7.435381223090274716e+01
-4.211381210229358771e+02,9.163774834297919369e+01,3.663416877082929091e+01,4.839284713567604967e+01,9.657615718419810946e+01,-1.677984547637159096e+01
3.501256415502730306e+02,6.316693179180361994e+00,3.584259003914371533e+01,2.575028517998262600e+00,-4.017753106783288075e+01,-7.892306545399215167e+01
-7.976889087125195488e+01,-4.301357085557104654e+01,5.377056965755159013e+01,2.815654089036922869e+01,6.026614064063849696e+01,3.424106394085328020e+00
3.235395616718128622e+02,-5.357999563073298788e+01,2.559238539638053567e+01,-3.919890199553937293e+01,-9.409425101159581573e+01,8.066623536337510814e+01
-1.121349787205207917e+02,-1.592608623944298074e+01,-1.477384391505755445e+01,4.825034706637180193e+01,8.969168086115871574e+01,-8.549689439090732890e+01
1.123887382804584831e+02,-6.545978237354501061e+01,-3.552850217345786632e+01,-5.031515073396020199e+01,-9.010037277614060258e-01,6.489192215953670484e+01
2.186100339716953442e+02,7.079448298843519183e+01,1.916598841174031520e+01,-5.196525323378666883e+01,-6.270146234546294295e+01,4.867810248040780152e+01
2.196517464898333287e+02,-5.255718847129047333e+01,7.898178185309930655e+00,4.985615742543836859e+01,-5.435017907692281369e+01,-6.509976248545119404e+01
-5.619299633043994646e+01,-9.205286268482974776e+01,-7.048623246001048415e+01,7.028778138939816245e+01,-7.907281765100827897e+01,-5.527099089453643899e+01
7.608915648913165342e+02,-9.344856005080457351e+01,3.527132709025570989e+01,-5.365937170705608139e+01,-1.728165643964713638e+01,-7.213976573525464175e+01
2.727312423110089412e+02,-2.455654247769869869e+01,-1.511250675207693916e+01,-5.407009627997382495e+00,-1.543163739227738063e+01,-7.944868722516713433e+01
8.581355275161725160e+01,5.451605332630879275e+01,-7.255879930201771799e+01,-1.514152513483759321e+01,-4.560877750944409570e+01,-3.979841138401874190e+01
5.082077366049926468e+02,3.448415451728649828e+01,3.557344762682902228e+00,-6.198258990401188839e+01,-6.173112033324585468e+00,-3.209182624073929446e+01
-4.514764714806446477e+02,4.089943964962520795e+01,-5.478095951349020254e+01,6.899762747166903409e+01,5.245932978326067087e+00,1.239145846178217880e-01
-7.859854702351653088e+01,-4.926283862246396694e+01,-6.276886605266720665e+01,-5.636187452480641014e+00,9.636488356505145703e+01,-7.341875246763459018e+01
2.896852915424339017e+02,-4.330751351438857455e+01,6.012823485669122192e+01,3.295537970215099222e+01,-4.424831826131259049e+01,-3.707047864497763356e+01
-3.529260529347835700e+02,-1.601034911961419027e+01,2.055735244845922693e+01,4.386775344421508294e+01,7.146006669024615121e+01,3.622229409168193115e+01
1.506046283652490843e+02,-5.260358710566033125e+01,8.514410706725200839e+01,5.623908013515321613e+01,-3.852370391443113817e+01,-3.900687167158736202e+01
-4.816074396927609200e+02,7.623366368578092533e+01,-7.478430392056030485e+01,2.669216684714513121e+01,-4.445745350531515783e+01,6.544006502786123747e+01
1.943236899407900182e+02,-2.709531048882234927e+01,4.667321889376680133e+01,-6.151642191725223796e+01,-3.710820491852118153e+00,6.071892528620543317e+01
-2.042423215721907468e+02,-2.060235766552520431e+01,-6.768519202878202634e+01,2.979644452972948443e+01,5.066516117887846349e+01,-4.396147292538125839e+01
-3.209822219896120714e+02,-9.727627753519669795e+00,8.008978247721304911e+01,7.439712623818368797e+01,4.143752195683646278e+01,1.818011989808134388e+01
6.015522296186543372e+02,6.347645407942513884e+01,8.152892921996780728e+01,-9.949848806641537635e+01,-2.055444675324764603e+01,1.228193674369630628e+01
2.144328330096670499e+01,4.678462725697531255e+01,-8.250544756299129290e+01,-2.004900246382710804e+01,-4.407576411003022088e+01,-1.529798937896340760e+01
-6.072048147522025374e+01,-4.042734653423281088e-01,3.200304470521021472e+01,-7.527722059441686042e-01,2.409364012103809216e+01,1.648797237784451397e+01
4.640890956648241286e+02,-1.433352039222872065e+01,-9.900472705774691917e+01,-6.109671722807963334e+01,-3.595866914274223802e+01,-7.060437482901373585e+01
-4.034805680760175051e+01,1.973277632128713321e+01,2.229989533192046736e+01,1.865191938590271548e-02,-3.583021967982709555e+01,3.065161040489087441e+01
-4.943265315853867037e+02,-6.194330346419125988e+01,-9.882380371107434769e+01,4.698840373679229288e+01,-1.129923161921297492e+01,3.956833120996967068e+01
2.044606681224553313e+02,-6.299133007260480355e+01,-8.747603960321690408e+01,-2.437828264339574957e+01,3.919930208909880776e+01,-7.943632650913683335e+01
4.170263342450645183e+01,-6.083315326500151343e+01,-9.209469918696015611e+00,2.422983793872921865e+01,5.002484961379701645e+01,-7.805299574286868847e+01
-1.637372396146583640e+02,2.492472143112823346e+01,-2.252789557110384067e+01,3.401807374956140961e+01,-5.928792446761968193e+01,5.583759506146222407e+00
-9.568012897580894105e+01,-6.556748900881345321e+01,-9.626379880072492767e+01,-2.609950715208569250e+00,-6.316444468782138699e+01,2.766866600067750426e+01
1.034100212841207735e+02,7.314963868086593379e+00,5.498907599954912939e+01,-2.140801947315935649e+01,9.789042616725058110e+01,3.042939232414738626e+00
6.739065445099754470e+01,-4.235319762905646712e+00,4.988849415043392810e+01,1.453765865848308181e+01,-2.750693653999492483e+01,-2.151042907971572049e+00
6.444322003614097412e+02,-6.217232501223004704e+01,-2.128331714062761648e+01,-9.400764949519029301e+01,-7.494187931559423532e+00,-4.510517743928583911e+01
-2.479290074203769336e+02,5.343172071723145677e+00,-9.414557571937749003e+01,1.101735330443489147e+01,-4.140042327432855984e+01,1.549813620270947467e+01
-5.791891039904121499e+02,4.655397065227333542e+01,-1.193243464071245796e+01,3.263136457639311061e+01,-5.221800902595759197e+01,9.971981771729599586e+01
2.879097574566534945e+02,-5.142429567604649776e+01,8.816568287630494183e+01,-5.655604992179641499e+01,-4.871230789865137467e-01,6.423539297854716779e+01
-2.347798899363024532e+02,4.331760935894683939e+01,4.111608242413379344e+01,-1.191188800485640797e+01,5.083500509103186005e+01,8.399071540297177307e+01
5.722178728567445205e+02,-1.172965093683242799e+01,5.593096830940154973e+00,-8.679288319667253404e+01,-2.184538526586146645e+01,-6.552286733350825898e+00
-5.872212925951401985e+02,7.902754216071465976e+01,-7.788851194891175567e+01,4.622752063979331183e+01,9.094233709743889449e+00,2.130708610330869135e+01
2.498090466022530620e+02,-9.404341117408793593e+01,-7.065052404784408679e+01,-4.320335490676296786e+01,-9.902559040927879153e+01,3.383155955942734749e+01
-1.738497624810557696e+00,7.405158978451964913e+01,9.393661854248165355e+00,8.632809503840761067e+00,2.314518572260746510e+01,-3.956369991683916965e+01
1.035709587817986943e+01,-2.665360366781166590e+01,1.498794545555330160e+01,6.184331674346890395e+01,-5.968067311836578170e+01,-3.449518883034217254e+01
7.532572937755020348e+02,4.858425007793940154e+01,-3.181595017353157573e+01,-9.047781425868899419e+01,-6.872861426474968027e+01,-6.122702806809063958e+01
-3.794115723010903025e+02,-9.775274877643624905e-01,2.702499221826764142e+01,7.604399544371659658e+01,8.050731128444900264e+01,-3.856784630298100325e+01
1.682641920042465529e+02,5.067601462511714772e+01,-4.351439388820548260e+01,-2.628462604694480831e+01,-4.145468758137396037e+01,-1.726185276017973536e+01
6.441400956620070417e+01,-5.705686086632388765e+01,-3.620279870596219496e+01,-7.561603722198246658e+01,9.260364791910691906e+01,7.966018797565652676e-01
-4.895753314649181220e+01,8.462013651773276024e+01,4.923202815468420113e+01,-8.458942463916159227e+00,5.092444506162635776e+01,2.560461572138517283e+01
1.615539831316179971e+02,-3.924831316962627170e+01,4.331862682654374908e+00,4.246243912948582988e+01,-3.893729371033865050e+01,-9.749543262270535138e+01
-5.153958837986574082e+01,-4.634743417281272571e+01,5.934909511801683379e+01,8.599861779270025863e+01,2.506623098065101374e+01,-7.343850308391779436e+01
-7.509428618844993935e+02,5.151407184948425311e+01,5.381069209468790859e+00,5.077381432424260765e+01,7.172234061400251903e+01,8.950831022036484796e+01
-4.005468821529900083e+02,3.090750692456629167e+01,7.085164196852932150e+01,4.851761153930937098e+01,4.542023768073536871e+01,7.175815125339295264e+01
2.532532747689106714e+02,8.460060815073308049e+01,8.041520030496891991e+01,-2.084994768696387268e+01,-8.319574404025496506e+01,6.591474369162980906e+01
-4.032127633677404788e+02,7.786310661526869126e+00,8.415230947824596797e+00,6.503506611328390363e+01,-9.360316312484522427e+01,7.559208374503134564e+01
1.114254091218496114e+02,-9.307319973245593303e+01,3.863891167567760476e+01,1.749689587008182912e+01,2.834983616671934215e+01,-2.518396245234877995e+01
-5.458276014888965619e+02,-4.490759466997917571e+01,1.881716287752468020e+00,7.716462342994429946e+01,1.305793407311367105e+01,3.262977829286336373e+01
-3.879535953701936535e+01,-1.172415380929983542e+01,9.442781742429042424e+01,4.850449047034194905e+01,-2.901949782984532078e+01,3.070620653273186917e+01
8.230827269572382647e+02,8.523282374344077539e+00,7.681124247573720254e+01,-4.498918978691766313e+01,-7.838650296553254293e+01,-6.174558965176597525e+01
3.403072666426199930e+02,-2.259075347898283326e+01,7.081195898686289070e+01,-4.583101723281668427e+01,2.527176064173673353e+01,2.471036020911165565e+01
-3.318414617369360258e+02,-1.839057293041426533e+01,-8.993297406810964389e+01,4.896677460649854652e+01,-4.085489311522376710e+01,-2.030836069019197510e+01
7.793432786294720245e+02,-2.455208649389810205e+01,3.272052633421870382e+01,-8.273334263696719404e+01,9.977984094396234127e+00,-9.691563553134882625e+01
1.369965409047995308e+02,9.660779670788335238e+01,1.968544447760297089e+01,-2.317715440075467370e+01,-7.065041385450345501e+01,3.937566528736101645e+01
-5.935014406394333264e+02,8.116168334131046436e+01,-3.637824953107664783e+01,5.329842893124595093e+01,-4.250037959176247426e+01,9.144506847487866708e+01
-7.370064270038139966e+02,4.046315095896147795e+01,2.500311863866421902e+01,8.614694663002956077e+01,-4.619152254961629467e+01,8.472314926815215586e+01
-2.995880398670016689e+02,3.561658682479648519e+01,5.427250144029238754e+01,1.432706728699027110e+01,6.678093549984666311e+01,3.965635985837252520e+01
2.490137136813317227e+02,-7.067825964461820831e+01,2.249222572561497202e+01,-4.413593287673363363e+01,8.317574461346001158e+01,-6.035354195796924870e+01
-1.944716979997694466e+02,-4.285670092573943180e+01,-9.046905900606421369e+01,-1.048417118987237018e+01,1.151756303422234851e+01,1.471221651541905828e+01
-2.635954022350189803e+02,8.107547599193460997e+01,-3.051721343987898649e+01,-1.049432408174895670e+01,7.024753250029948504e+01,1.536586064640496829e+01
1.245290130093137293e+02,3.079858697554672631e+01,-4.432813392113678930e+01,-2.505739674830181229e+00,2.419047751609444674e+01,-7.332119397095200952e+01
5.891899334388740783e+01,-9.341825668149310502e+01,-7.731779977383476421e+01,-4.507784732069382017e+00,-9.519465307383829611e+01,2.524178582744434607e+01
3.870412238064939174e+02,-8.048347640478310439e+01,-4.980769245675084989e+01,-1.470141082875630900e+01,-7.683465065875019206e+01,-4.588960124050671396e+01
5.613067220842597180e+02,-9.578406543289774788e+01,9.700911072209387953e+01,2.231472162428211448e+01,-2.432923223295017578e+01,-9.469432977791016981e+01
-5.146767904117748458e+02,-2.203225032500316161e+01,-9.488274722713143206e+00,8.620063875290057354e+01,-4.429916563238867155e+01,2.295637821665981448e+01
1.611168705633442855e+01,3.303367091643866615e+01,-6.280780604073221696e+01,1.152669797286364428e+00,5.730015257198698464e+01,-8.068419311431729568e+01
5.018370112507177510e+02,2.120705963379243997e+01,-9.478801346232134506e+01,-9.859065523798487618e+01,-8.809427857198572553e+01,-3.719908170192724128e+00
7.446051006134115369e+01,8.514082173804618492e+01,-1.888852317219516408e+01,-8.499347213269183499e+01,7.227049489660575432e+01,3.859517094088047884e+00
4.678168898451116320e+01,-3.621282621651518241e+01,9.260646775693513177e+01,8.765235370047565766e+01,-4.799620560866153340e+01,-5.972162925725594818e+01
5.790316469405912585e+02,1.778174066121545138e+01,6.850364196831176855e+01,-3.265578205098901776e+01,1.728588429285231598e+01,-6.755100010423845447e+01
5.752317558933596047e+02,-6.108125295237163499e+01,5.226704319841911683e+01,-6.998030772959000956e+01,-4.681859179043450325e+01,3.789897263553388029e+01
2.238797887574291678e+02,-9.698213847340417715e+01,-9.356111922628589639e+01,-4.249481199519426866e+01,-3.267536389754017989e+01,-2.755677889399777314e+01
8.502330750421947414e+00,6.143811510270390386e+01,-9.280380646827161684e+01,-2.832095107493498176e+01,2.765562665336484827e+01,-7.139917809633547563e+01
2.985394842281924639e+02,7.154772290228811471e+01,2.911288165468656075e+01,-7.694131490399458073e+01,-5.838051800021055726e+01,4.909966614963292386e+01
-6.095686527049970209e+02,-1.931867433316543270e+01,-3.105987810298643126e+00,7.749101561454548914e+01,-7.251129007515382341e+01,9.287455947722352789e+01
6.172409734221636768e+01,-9.147406364068402240e+01,-8.011194854902304030e+01,-5.535231381191130140e+01,6.131701645210281981e+01,-8.825438526099517844e+00
3.870861435822892105e+01,3.065022845226388881e+01,-6.513577249603255837e+01,-6.665561341469435774e+01,4.169668110757825730e+00,4.805872705604431872e+01
1.829699026922949940e+02,-7.505106956994310963e+00,7.392281702422255307e+01,3.208238693412806697e+01,-5.018198230961343853e+01,-5.301955583957902718e+01
-3.980341899192302435e+02,-2.519065662658607607e+01,5.132321125924343619e+01,8.758753286195644705e+01,7.238119986376659654e+01,-4.767784146341564622e+01
4.619189476490012112e+02,-1.754421440428603773e+01,2.230881989006429933e+01,9.366891163161668032e+00,-2.214501091820686440e+01,-7.971584462374465829e+01
-9.188320172885688635e+02,4.244896087945110708e+01,-8.237296721491323126e+01,7.321548587474390501e+01,7.268968806652691228e+01,4.169015830307455417e+01
-5.085495900328702135e+01,-2.715085238462776829e+00,3.982931308258329750e+01,-2.100258797964697521e+01,5.949919685866973396e+01,5.728341645596955800e+01
3.185940241571003639e+01,-6.889428322527567161e+01,-3.643648992988044455e+01,-3.120336464280192956e+01,-2.716594026929483618e+01,1.332911133757974653e+01
5.671762834264969797e+02,-9.166251149594243941e+01,3.199394379277981670e+01,-5.967364818867313403e+01,-1.670748876537837191e+01,-9.821468699860005813e+00
3.460685349920765930e+02,-3.025464609047081410e+01,-2.334393797439749108e+01,-6.393878783044812764e+01,-8.637398852118511172e+01,1.025132978717032017e+01
-1.084927129570075124e+02,1.917338912333022449e+01,-7.090004215565824097e+01,-5.381165833557517431e+01,-4.272457369252351356e+01,6.615027338088515307e+01
9.909755797312719494e+01,-6.931581176751753048e+01,1.042776151069628554e+01,1.362794353843848683e+01,-3.131598137826554762e+01,-2.987656213860927323e+01
-2.695540497203946302e+02,9.182240350384046224e+01,1.066878989190414018e+01,3.054624018019094933e+01,-1.851976711117345076e+00,2.932999633435809983e+01
2.106612680644359443e+02,2.105015710141240959e+01,-7.096534141598087331e+01,-3.306389342308135326e+01,-7.913201308213317020e+00,-7.443566767872303558e+01
-2.456170079682790117e+02,-2.738533527910036014e+01,-5.437167314141555607e+01,6.950052045408040158e+01,-3.170518399574027057e+01,-5.464213586674701872e+01
5.626368051488396986e+02,-1.836371942954355063e+01,3.661280952444937498e+01,-8.687560020771502423e+01,-6.385415727940204533e+01,3.886138778474571609e+01
-2.847917117252583239e+02,5.045132096081863438e+01,2.355085592201358224e+01,7.583971210731908741e+01,-6.623996198448128325e+01,4.070954644028569192e+01
1.535512808182597553e+02,8.345203181600172115e+01,-6.985206817938836821e+01,-5.124720452076376631e+01,9.336914418160844775e+00,-3.117613260480050030e+01
-2.866566196095892565e+02,3.812781615647881495e+01,-8.848647631497850341e+01,-6.784717153530803557e+01,4.324766129592430275e+01,9.412373968678878100e+01
9.696631785476456571e+02,8.591007530246812962e+01,8.021339868456274758e+01,-7.445133721928134207e+01,-7.081421638567931609e+01,-8.554704863702546902e+01
3.415870880042414228e+02,8.508046628958183533e+00,7.649723458047429858e+01,6.358380013377697537e+00,5.634305707918798589e+01,-6.230924261774768524e+01
2.274359752638560224e+02,7.262225203326698875e+01,-6.251504585492970989e+01,-8.904717478669535069e+01,-1.570179791438037853e+01,1.102088600168768551e+01
1.459525267051446917e+02,9.414840190427889866e+01,-8.164923331176170507e+01,-4.521638135408900894e+01,-7.897858618359009597e+01,-2.191207265247672353e+01
-6.787739986687424221e+01,-4.219778336244606010e+01,2.660069893581322731e+00,-3.034866364985060727e+01,8.564560365002020603e+01,5.798955927660807674e+01
-3.576399390606790689e+02,7.220227372279509837e+01,-7.409981081142083781e+01,1.501403339774279289e+01,-5.704349282302825230e+01,7.364771428817780929e+01
1.570117440616556337e+02,-9.699611564931518615e+01,-7.885115697398956058e+01,-2.478858489053688174e+01,-1.958121878136130078e+01,-4.455598340426347903e+01
1.614295144133080839e+02,-8.078740024801216180e+01,-7.625391897748127690e+01,-3.641104923053322295e+01,9.015856681554410557e+01,-5.851868703613520495e+01
7.792847013991402036e+02,4.945606421184450596e+01,-4.836226719850320421e+01,-9.255194887784303148e+01,-9.678955816658758238e+01,-6.945881376376470939e+01
-3.778404959469405355e+01,-7.583161400451558620e+00,5.118021950756102001e+01,4.576298638903077176e+01,-2.952211150339265089e+01,-4.172144247417278962e+00
7.270542547862297624e+02,6.281475067513304111e+01,6.768058127579581651e+01,-3.601665991640290088e+01,-9.914699631857857298e+01,-9.061383135475347217e+01
-3.261844618934326263e+02,4.756147552079681873e+01,-4.547354378549839282e+01,-3.702837562669557769e+00,-6.159374679377114603e+01,6.942258321643888053e+01
5.406296187211491997e+02,6.755219273106121136e-01,5.432035144452271425e+00,-4.238408238284903007e+01,2.399846132784588804e+00,-9.960727092349598877e+01
3.333842739684819776e+02,-4.454099193135798629e+01,-3.024740329231281066e+01,-4.320982274219280583e+01,-8.280955448451643974e+01,4.356241846811698792e+00
3.621098997776866213e+02,5.769582667470302795e+01,8.851968712163434816e+01,-5.420415766673016833e-01,1.875077167108869958e+01,-4.182801243790588330e+01
-2.833020865345359312e+02,-7.016809821596223173e+01,-7.362566185431178667e+01,4.647215517391154549e+01,4.689388706998687439e+01,-6.412999667267295933e+01
2.970569580197400228e+02,-1.728792404484163114e+01,1.882886557830789798e+01,-7.494361076277024836e+01,5.707378997377315955e+01,2.399844066404779142e+01
-6.837883725790060225e+02,2.304433830169089958e+01,4.024161838372646116e+01,9.743661641327489065e+01,1.247889119143563619e+01,7.288325233966958194e+01
-2.173333639241319020e+02,-1.625826498856682178e+01,3.089387024548685190e+01,8.505223757175323840e+01,3.283016312881505883e+01,-3.938386481138675776e+01
4.130256596534875371e+02,2.398913877232598679e+01,-2.973633592836148409e+01,-3.552666497311609817e+01,2.204101174927404827e+01,-6.793535360232259279e+01
4.360836088871450329e+02,-2.652212848449337912e+00,8.912685699727828137e+01,-2.321715160429241109e+01,-6.220748135083771047e+01,-6.232210071563798692e+00
1.357715544152197822e+02,6.818156629070648478e+01,6.853354451900653999e+01,6.556064789184443953e+01,-9.770489747883732434e+01,-4.659193801434096116e+01
-1.862024722201612121e+02,9.997515751485249780e+01,-7.606334456150270285e+01,-1.982100782473338541e+00,5.800523012053707816e+01,-7.555721798122876010e+01
3.116754302767870399e+02,3.248183613824957661e+01,-2.383910895735169788e+00,-6.114200358276264780e+01,7.572600531654407519e+01,-6.370252048845392778e+01
3.354398403116633176e+02,2.781057185895505768e+01,4.816537563958581813e+01,1.253457731864564551e+01,2.576831371943822546e+01,-7.620692067559910754e+01
-1.420503841882498364e+01,-3.839260258909374102e+01,1.739244144593583030e+01,-2.090725673849772193e+01,3.278921628656013354e+01,7.039092896085966800e+01
1.009184920526838880e+02,-6.195558213756329025e+01,8.065454017406699450e+01,-2.336482991378134955e+01,8.862486614565091259e+01,2.347646260499303139e+01
2.571965604352761261e+02,5.801910422917998744e+01,2.955085674645204108e+00,6.228938878661764988e+00,-3.448122024680561992e+01,-7.412705855452890091e+01
7.061179149672874473e+02,-2.323561762791526064e+01,-5.700470384166447246e+01,-9.342694882361668363e+01,-4.502263403494810490e+01,-6.388478946662861091e+01
-2.867432739822149870e+02,7.510606300762455589e+01,-8.375268751371899612e+01,-6.322088018362335049e+01,4.080613910726685845e+01,8.384517820405469024e+01
-4.301199313872201628e+02,-4.970830955361318360e+01,-9.573977370772368545e+01,9.210089455101996236e+01,3.644412809479013049e+01,-3.786746078722882203e+01
-1.909457500325231649e+02,-5.525311556952033243e+00,1.985117477575269618e+01,-2.522628558693156720e+01,7.489755932423540230e+01,4.523451766152547293e+01
-7.683958902933447916e+02,9.086814092484223693e+01,-2.978689543035766008e+01,8.743481774435622356e+01,-4.179885154851191942e+00,2.846452772969428224e+01
-4.442873236360608757e+01,4.732944095097749937e+01,6.186759380113602447e+01,-2.074812654346122542e+01,-1.041080429704577170e+01,6.345540522255012661e+01
-8.174932745689112323e+01,4.351144061819098852e+01,8.816984187492877822e+01,9.591957428356823812e+01,-6.421733272683067639e+01,-5.441611763744895569e+01
5.968950073451290805e+00,4.319728945580936852e+01,4.947654693084868427e+01,2.063591084650508378e+01,7.545995284430227912e+01,-4.960190757785230176e+01
6.879894689655284878e+01,-3.210252114064151385e+01,-1.070630378618204759e+00,-3.699458220628648775e+01,9.087817868360886564e+00,3.649561585958886667e+01
-1.416519736997967698e+02,-5.592661976926103051e+01,-2.932509206323885564e+00,9.859627152749567358e+01,-3.516773936375301446e+01,-9.292761610173721465e+01
3.101771506885676217e+02,6.347034585680265195e+01,6.613567199324563717e-01,-8.944322877628590618e+01,7.806100544484823445e+01,-1.909712400392844245e+01
5.006260391076056067e+02,8.585463642807937390e+01,-1.958436523988768840e+01,-8.463354304506383130e+01,-5.093977117600145732e+01,-2.994789885855944078e+01
-2.654403339899297976e+02,5.014565847104501017e+01,-6.305036953014327139e+01,-1.380526925482512013e+01,7.464908396319373196e+01,6.752218274556625488e+00
-7.756696718543245197e+02,-7.936905605018867504e+01,-9.509550258907356124e+01,4.116196023220973643e+01,9.582549819164341898e+01,5.703305259046135234e+01
6.509979850183094641e+01,5.294523936908350947e+01,3.508950313560396239e+01,5.910054205973301578e+01,-9.199644286547126626e+01,-4.706367365662919866e+01
-2.397306047278704568e+02,3.907950719431048014e+01,7.339766592154876435e+01,3.492137436336483347e+01,-6.474477440331367006e+01,8.726169198913862601e+01
6.112145973157320356e+01,8.067574002217057227e+01,-8.266424677197872484e+01,-6.139999248514940433e+01,-4.496139387789466468e+01,4.768237412092136651e+01
4.995617166961729936e+02,7.187466566017138803e+01,1.566447749031023307e+01,-6.007088586966755628e+01,-1.698202247572750423e+01,-7.242815994717857109e+01
3.076988451074269619e+02,8.347923737168488856e+01,5.290618808209470103e+01,2.042766761215503379e+00,-9.284991365832411248e+00,-8.043158433088601100e+01
-2.374368179636891227e+02,-3.626492873993454680e+01,-7.587344092852070787e+01,5.646761267245202021e+01,8.976741335238912711e+00,-5.454452371696822865e+01
3.174304170505374145e+02,-5.515943214881274059e+01,-4.792036049684289623e+01,-3.822544953674879764e+01,-2.245897364371802496e+01,-4.049021352455255141e+01
-4.001578263040390766e+02,3.591117890663008438e+01,-9.298527613898421862e+01,-3.437793701372638111e+01,4.905837457160308190e+01,8.856159701505694670e+01
-6.034005306881270769e+01,6.054651003151022337e+01,-5.183475808568920229e+01,-5.341690632323366117e+01,-6.193264105656217566e+01,7.649950697172184277e+01
4.397077753979472732e+02,-5.242886255175602628e+01,5.163612468262547850e+01,-4.779005371906268351e+01,-9.338363131849686738e+01,4.668954001375317375e+01
2.051926224017847744e+01,4.524036195904017177e+01,-8.220817780778929773e+01,-3.465974841407968654e+01,8.967305803780450901e+01,-6.741020028356311400e+01
-2.331648609038172424e+02,-8.266550546941797961e+01,1.892077762232517557e+01,8.619797306919437574e+01,-7.324433845138172217e+01,2.602458732003555042e+00
4.732208509003181121e+02,3.679984282339151491e+01,-6.563404807863457791e+01,-9.774802130156210467e+01,7.753662609594496757e+01,-9.295374586932810246e+01
4.631487539709798966e+02,-4.850834323846508767e+01,3.033680634813370602e+01,-4.284341332884756071e+01,-9.805848068503668458e+01,1.509036689299647094e+01
-6.657798066347522763e+02,-3.844154433305788388e+01,-6.969718762957538161e+01,9.425666234651600917e+01,-6.700554642020949814e+01,4.544708822865541720e+01
1.012081063386116284e+03,7.814483829870260934e+01,7.174302314538905989e+01,-6.314858656831064110e+01,-5.263829326115214968e+01,-9.632747269948551150e+01
4.051123702284039609e+02,8.628109345297085042e+01,7.742423533146128989e+01,1.909323379390856701e+01,-7.812646889862926969e+01,-6.529147063149969199e+01
4.927731492891167022e+02,1.539207418652168258e+01,-4.966860529997101281e+01,-3.996563335279030582e+01,-6.580253021139631642e+01,-6.208165618544703079e+01
1.670311216574724824e+02,-7.315769121909724504e+00,1.974794525687187274e+00,2.315977932946509554e+00,9.942775987338416144e+01,-7.408083654597203349e+01
-1.377994621254434833e+02,5.123397767754707388e+01,5.875134944497850142e+01,1.697651975410411751e+01,-7.452363946134951789e+00,7.868532747005588135e+01
-6.775019290248494599e+02,6.563604381462494075e+01,-8.994181279425924913e+01,9.259675061757079106e+01,-9.853202164927124329e+01,1.462644093678837010e+01
3.191759624947101770e+02,1.448616338541452819e+01,6.687593295810336258e+01,-2.305678641492488623e+01,-8.179182619080356176e+01,1.633745387378495195e+01
-4.485204599041409210e+02,-9.503082792725375327e+01,-2.764084781856772111e+01,9.706336041706458673e+01,7.375577391100401314e+01,-6.950065164775891446e+01
-2.573186107913140859e+02,5.976521781121644494e+01,6.219938388430534815e+01,8.564144382543520351e+01,-5.512314679120309080e+01,-2.065051000079876076e-01
3.183070580435851937e+01,6.548881828221516344e+01,3.346675699963950024e+01,1.878722867675391228e+01,3.039516415414837525e+01,-5.229679744019739474e+01
2.399585466699003291e+02,-9.489198302484184921e+01,4.725145148930681671e+01,-3.464163493382447712e+01,-2.464862261597072290e+01,2.252321082991082335e+01
-4.589630064400001856e+02,3.143300847270339204e+01,-5.942021987543151340e+01,6.520630756908377634e+01,-2.395867895090411537e+01,2.634888170027829801e+01
1.234772860802472394e+02,9.328228313046210474e+01,1.295724705332723659e+01,-2.821777164222862666e+01,2.379402174802845593e+01,3.586236126339059638e-01
-5.439669287239500051e+01,-9.524750444429685103e+00,4.645414695125370486e+01,8.490202999682051654e+01,-4.145716943282096167e+00,-8.235396979998084532e+01
4.269162011080167076e+02,1.393071133681478102e+01,-5.100982897703312346e+01,-9.208441770492616740e+01,5.762804132873662866e+01,-4.544635266704237608e+01
5.822554459263952822e+02,5.541409858847677583e+01,-2.358211382359030495e+00,-3.641282178497693423e+01,-3.719490998982064411e+01,-9.159504798277711757e+01
7.297388623209666321e+02,6.879967380910144925e+00,6.471031119935207698e+01,-8.322092950012441293e+01,-7.828825887825647101e+01,5.851185373543387414e+00
4.106713241399917251e+02,3.202836192471934851e+01,3.894919846733233726e+01,-3.735566097062279312e+01,-9.244444483877070695e+01,-1.708742406152101978e+01
-3.120452940346616515e+02,-5.479116582494116727e+01,-9.977703394951866755e+01,3.714331444514732539e+01,9.041250781090664645e+01,-2.176964789299435665e+01
-4.138840785801689321e+02,-3.994031412570737416e+01,1.075036252205904930e+01,7.039525161297629552e+01,5.899348493858465758e+01,3.695134099571529873e+01
2.419658864316883182e+02,-1.357858174005870922e+01,3.808680397086274638e+01,-5.679492974967858743e+01,-4.321131243075064532e+01,5.556412218007687898e+01
2.148154460998765671e+02,8.599602726927130902e+01,-6.199009927666203623e+01,-4.078734211635348572e+01,-9.875794656189678733e+01,-1.368755094391967475e+01
2.700211528633440139e+02,-5.794098564947980634e+01,2.828495651072429951e+01,4.191784313562166631e+01,-7.624445712030299660e+01,-8.357119959361367023e+01
-4.758095976271540053e+02,8.126701391606715674e+01,-2.215224905180721748e+01,6.680699453202862514e+00,9.264831298273409743e+01,5.181080244326705042e+01
2.160499930570362892e+02,-3.489194048020209493e+01,-8.283013977594129074e+01,7.204803337682207598e+00,-3.277491141253376838e+01,-9.566291909477962463e+01
-5.475652403021799728e+02,5.423046665075574424e+01,-2.301817402920343625e+01,1.426423001174710237e+01,5.114857115924607456e+01,8.816948398020915079e+01
5.635040563436360799e+02,2.246446773692451870e+01,-3.692076424397136947e+01,-7.798469843059640993e+01,-8.521622241774555562e+01,-3.606184522545410687e+01
5.812061879915427198e+02,3.216782779120100599e+01,3.903041294553807461e+01,-5.845639198740246911e+01,-8.344081228233051206e+01,-3.889786774279377823e+01
1.659095409342458538e+01,9.514911970914539552e+00,5.093393489497293558e+01,5.931464114008505817e+00,-4.260324945058508916e+01,2.483594465278218877e+01
-3.707534971139727986e+02,-4.703266896476083758e+01,3.053858286690461910e+01,6.837960156534757061e+01,2.778956407368633563e+01,1.312629379534678264e+01
-4.403590630192535400e+02,-3.857157814582774336e+01,7.535540798759222980e+01,9.776437694345992213e+01,5.549588624198818820e+01,1.472877151408383156e+01
2.209827110412063575e+02,-7.174413347179967104e+01,-3.701419552147928727e+01,-2.662813628176326120e+01,-4.162095579450684113e+01,-1.080943705021444146e+01
4.444121825699940587e+02,2.212650337352914676e+01,-5.741708189696728226e+01,-5.004804914265923799e+01,-7.756990335578063878e+01,-3.848228216503950705e+01
-6.011322741160732903e+02,-5.103442830713476042e-01,-2.038443057982348705e+00,9.911544236927923635e+01,9.622171261272538345e+01,-1.268744566377135641e+01
-4.981157948487208387e+02,9.440412435806345570e+01,-5.712041916483718751e+01,8.224177221790668568e+00,-9.312937106053681191e+00,9.352177950250924710e+01
1.009625114690144976e+01,6.723524462707169391e+01,-5.717061504385174686e+01,-1.209217956892176460e+01,-6.630460567071057199e+01,5.817442091050082809e+00
-3.445030139547291128e+02,5.869693483340668649e+01,-9.282417020679665143e+01,-6.172822449285600044e+01,9.549111287860324637e+01,9.215946120412894516e+01
1.158965723756875832e+02,1.131833182042036867e+01,2.921814429918782707e+01,-4.558139714134512843e+01,9.041821714256798259e+01,3.395496126544799154e+01
-8.630750296743583476e+02,3.336159902775233377e+01,-9.777933332601543270e+01,7.059396996993856988e+01,5.566524373604039511e+01,3.698479938096136266e+01
-4.571965475242425327e+02,4.815636260391698897e+01,-6.868551508032456354e+01,4.375501056972998981e+01,-8.063631786135798052e+01,4.138988960772681480e+01
2.167057944847654198e+02,-9.947364077489935141e+01,5.524115749207618364e+01,-1.688563043692113297e+00,-5.912262674042703026e+01,4.584932288907904763e+01
5.179307787923250572e+01,-3.686917364336783720e+01,7.676351799950236909e+01,-6.395329495355559857e+01,8.771013085720505842e+01,9.415002961063231623e+01
2.742627432708062685e+01,-3.910295118953384019e+01,7.249727994086018157e+01,6.843582377340197809e+01,-1.507745798107944779e+01,-2.726311842944303976e+01
3.551908031690943517e+02,-4.351250535299100619e+01,9.864735689310913358e+01,-4.884979460962006925e+01,8.413511955182443103e+01,-1.433295724805549298e+01
2.108820118145195295e+02,8.708540246828172826e+01,6.776896683963656187e+01,-6.884453487689742701e+01,1.485667087017662880e+01,3.470060293713720512e+01
1.406378265102740954e+02,-1.883591880019098141e+01,-9.902459110355468397e+01,-3.493373404620791689e+01,6.778898959464973473e+01,-8.743520395654611832e+01
3.375475036104152196e+02,-7.891605071213656686e+01,4.035746930238317987e+01,2.831653551237536703e+00,-3.666350010975492069e-01,-2.527805621471878794e+01
2.742925395328949207e+02,2.070272333426379419e+01,7.029375337540767532e+01,-4.461538870620145047e+01,6.895227256872701105e+01,-1.667617028557633319e+01
7.765140903929457750e+01,1.968024787881006432e-01,4.592467571363604861e+01,-4.825565849867854240e+01,8.432738373122802500e+01,4.041389284576965224e+01
-4.738363267893507782e+02,2.378608461949779951e+01,-4.539823253761645816e+01,3.916969127188917810e+01,-4.855705030930892718e+01,6.329053406549550687e+01
-2.519852321497226626e+02,-9.770550899541878209e+01,-6.669247127769197903e+01,1.156579775241179675e+01,4.245619992050043834e+01,-1.503869217377925338e+00
3.551484455770219029e+01,7.556190029599002855e+01,9.517398751258272682e+01,-7.144586491151343921e+00,5.359739589656115299e+01,-1.045573233294547322e+00
-3.021766720140664120e+02,3.301975566716413368e+01,-5.502500400652685641e+01,-7.809165655674630102e+01,9.580178751483802557e+01,6.299893194119695750e+01
3.423972370203063065e+02,-4.292329351009380645e+01,1.716567688558421878e+01,-2.398575894424175203e+01,-6.473239184602685725e+01,-1.623297138950144358e+01
-4.089091091367803301e+02,-4.056244116065448679e+01,-9.667517869341881465e+01,-2.252633860023809120e+01,8.418260076095043587e+01,6.564005174148974220e+01
-4.376864950564537793e+01,1.481495103931018775e+01,-3.627062704392349701e+01,-5.374714102291249418e+01,9.120391672618677603e+01,1.292201981374235231e+01
-1.895783463740395973e+02,-5.647893928817537557e+01,-5.010358978027542776e+01,9.191924050618382580e+01,-5.223717334072159701e+01,-7.865718232889243211e+01
-2.221165969441684922e+02,-6.320761204946616374e+01,5.324496138358381359e+01,4.175285118625225778e+01,-1.241161504457524245e+01,5.876090142328501997e+01
3.669382984328573798e+02,3.502538428523877201e+00,-1.728036777417860037e+01,-7.651161275448208698e+01,7.678221318726986055e+01,-4.488135711793663774e+01
2.659804886868010954e+02,2.325214466597206808e+01,9.691595579214120448e+01,-6.211639559124924403e+01,9.303759835860856242e+01,3.054307368513906340e+01
-4.690543323250157641e+02,-7.425367908069047473e+01,5.438542921460967250e+01,9.035515565141872685e+01,1.255610993788498320e+01,3.771103995162960132e+01
4.484735589035291241e+02,-9.473042422600343571e+01,9.781513710158938579e+01,-3.630857603726349225e+01,-9.521924412675613780e+01,6.171283009487768823e+01
6.594520133882282380e+02,9.465051035341363672e+01,4.751770198333622375e+01,-9.945283879091992674e+01,-8.732789772519294047e+01,1.685388104551614674e+01
-4.569818711280522621e+02,-3.285697844887937435e+01,7.636669615035933134e+01,7.473387387138768645e+01,9.750378174088831429e+01,4.316639381451875579e+01
1.691702724500998443e+02,7.537673996173032265e+01,-3.606997762758948056e+01,-7.776460961603879696e+01,7.307282115647595333e+01,-3.930548040769499352e+01
6.909743173459874299e+01,-1.613354036662275348e+01,2.920605141431454399e+01,2.101982683110253447e+01,-1.581538309702401079e+01,-2.276989762588128485e+01
1.550642590925041020e+01,-7.546379162819874864e+01,6.772376860683323230e+00,-5.342918055120080822e+01,5.096157022009225557e+01,3.497411683290002316e+01
3.980789191359577330e+02,-8.561460703815710360e+01,9.785293694716006030e+01,5.609138711486824036e+01,-5.443482262188048537e+01,-9.385143633006059360e+01
-3.575845695719971218e+02,-4.325633785660286890e+00,-2.945151249978519559e+01,9.302299872845594564e+00,3.193279108498421692e+01,5.944396147174765588e+01
4.853423589251184467e+01,-9.729113063217447177e+01,4.285910277577568195e+01,-4.093720677962016197e+01,9.728051512748339746e+01,6.924834611755633773e+01
6.823679283692459876e+02,1.208023621695637928e+01,1.955313707536785728e+01,-6.158486539908854240e+01,-5.474968228258689606e+01,-6.919736433240977647e+01
2.916831928196976875e+01,-2.443729050711165485e+01,-7.760891113168378297e+01,2.254578726852372483e+00,2.769559108030948380e+01,-7.555752435260333755e+01
-3.870959208916327157e+02,-3.116072821394637060e+01,-8.593042406295843705e+01,5.152237454413850060e+00,3.005795384060107267e+01,2.309442827502054740e+01
2.797161393921001604e+00,6.277391256189702062e+01,-5.288675269951592384e+01,2.363636836808910857e+01,-3.943429615347186967e+01,-8.224645878417153710e+01
-4.718879566451398091e+02,-3.894770568683736656e+01,-8.572870501107676944e+01,9.171484220393415399e+01,4.543308698538587009e+01,-7.970782843519918970e+01
-7.451858447622809081e+02,5.725386446971870669e+01,-2.956892798069364403e+01,8.228702806475845932e+01,-9.005130505773166760e-01,7.453854459697441825e+01
2.769834126069549143e+02,-5.589404105125525746e+01,-2.656153481934688898e+01,-2.663261156832345478e+01,-8.057346367934295017e+01,-3.379711318684104526e+01
-2.360390821355303785e+02,3.194196076775989468e+01,-6.691301725251875610e+00,7.584631394888623390e+01,-4.606594672193033801e+01,-2.903613025567024408e+01
1.451113010520660396e+02,-3.592914196987754849e+01,1.034759412434152637e+01,-6.235611687874242648e+01,-6.535114569836542842e+01,8.789638484169088883e+01
8.711064723816233482e+02,-2.467045725073400320e+01,1.741962697660997605e+01,-8.896958299623523203e+01,-7.182840062012662941e+01,-8.072828962775133732e+01
6.680653498758923092e+01,6.242311359162923168e+01,-7.937064348330716257e+01,3.263209135909832526e+00,-6.888442040158517443e+01,-4.423664891423029388e+01
-2.064122573017545506e+02,7.652040050061401644e+01,2.631875302618212231e+01,9.273254204261399991e+01,1.994287312319859495e+01,-9.809605675668839808e+01
-1.186747268597737559e+02,-1.687179889591567417e+01,-9.551164912826403963e+01,-3.720313439061071392e+01,-3.675013855851645417e+00,1.509186822476161183e+01
3.543821265402104927e+02,-5.226995941421401426e+01,1.165731568953036401e+01,-2.101597317855321023e+01,1.316437501385394171e+00,-6.080659709149569636e+01
1.462770729861881023e+02,-6.864967799931373804e+01,5.090340152047727429e+01,-3.400535423889611764e+01,2.883913850764326980e+01,1.309111931810838314e+01
8.606874155346548605e+01,7.990618317721421704e+01,7.613672358140300389e+01,-1.137771993464330933e+01,-5.905298270154859352e+01,2.643847505836515666e+01
-5.902397641639090580e+02,2.736719506931002854e+01,3.848350067572056332e+01,8.149464054695999948e+01,5.651619560891970195e+01,2.505818717116936512e+01
-7.829771393372977855e+02,2.019311907961795782e+01,-5.744819278637158533e+01,3.027307239957360707e+01,6.290003415532089548e+01,8.446449617057930936e+01
-3.151085984480253899e+01,8.333002241618652306e+01,1.221976117452732069e+01,-4.803320485190245392e+01,-3.324050863525667410e+01,9.955247311376407993e+01
1.404030645486046467e+02,5.119557643563865668e+00,6.318133456756447686e+01,1.940323755691441932e+01,1.386077465665323416e+00,-3.029207693886044694e+01
-3.551954856905044267e+02,7.554105646260495632e+00,-9.865305860115934422e+01,7.533716131931478799e+01,1.229729630653586980e+01,-9.514371493506428124e+01
-5.805909434929466073e+01,6.363494906623307656e+01,-7.292912182758534811e+01,-9.387226038182605237e+01,-7.532919172976846767e+00,9.213133905739928764e+01
-8.117704846102366218e+02,-8.127715030720194989e+01,-8.688029677299135756e+01,7.598711524438473930e+01,6.427440830865768362e+01,6.399388444901677531e+01
-8.429329582077859584e+01,-6.436390436925648828e+00,-1.450158108789389644e+01,-1.978633891310077786e+01,1.644300842786141459e+01,4.579413387522222934e+01
2.264125428842273777e+02,5.685840046992521479e+01,3.095983751208356693e+01,1.249323293520264144e+01,-1.752147835594060155e+01,-3.601698759122908911e+01
-4.548397778558500590e+02,-4.275044143476296199e+01,-4.076465631938495449e+01,3.655057323288863813e+01,5.248823643191587962e+01,1.952395739799524677e+01
-1.214711397368261458e+02,-5.542722154928782885e+01,-6.112099589905541563e+01,5.313722375415076726e+01,9.573876379500907774e+01,-9.681800768148750080e+01
-6.049151666378655534e+00,-5.022037160348404683e+01,5.846257435414955239e+01,4.383305955067095283e+01,-5.080400845211303817e+01,1.097847621516905292e+01
3.005942880651257383e+02,1.711715881980413201e+01,4.427685532944590818e+01,-7.265257757459792742e+00,-1.903030569545545347e+01,-3.839810583582207926e+01
-5.297929672419330700e+02,-5.233821831863545526e+01,-8.149932836987920837e+01,2.917667748352846502e+01,3.391408970804724277e+01,3.746869478336941484e+01
2.395811936944605947e+01,-9.937085590712551664e+01,-1.234939349580277224e+01,-7.548932701772736209e+01,5.321867141261478196e+00,9.594792418037485504e+01
-2.914875974782345338e+02,-1.445978073323743729e-01,-2.507000414529585441e+01,6.276799847891908257e+01,9.364028764893990342e+01,-4.257532449424093102e+01
4.392176457698586773e+02,6.060000794930019197e+01,9.922828747265396032e+01,-7.763515204967843886e+01,6.209470917444420479e+00,6.270531589700004815e+01
2.395759888920689207e+01,-2.474116326862036885e+01,-1.084509474505495064e+01,5.018051193291333334e+01,-8.033072421031594956e+01,-2.789473900070782975e+01
-8.464887388652856544e+02,1.274125105729115148e+01,-5.228288081148324551e+01,6.799075434440658228e+01,5.317019845798787969e+01,9.310851591846773090e+01
-7.612549654392740877e+02,4.597615002745740753e+00,-7.869506840188138597e+01,8.732340461229739503e+01,6.684719789926981548e+01,8.883632200647511468e+00
-1.752543985620627325e+02,6.726045547708082495e+01,7.633818387078846968e+01,5.521622747337951864e+01,1.425079540848348358e+01,2.305974429321646824e+01
8.807800385643371044e+01,6.887813652867174596e+01,2.444332726278675239e+01,-5.870400816247367715e+01,3.829768471079395908e+01,6.402750015476328826e+00
-1.512413769345350545e+02,-4.735058821996209844e+01,-9.984269169407271249e+01,-5.290044774001727745e+01,3.471333959520640633e+01,7.566403993618894219e+01
1.520874537120620289e+02,6.614051384811355661e+01,-7.837852288229791498e+01,-8.577500409543235094e+01,5.231846237580103320e+01,-4.303332557633865463e+01
7.035498039342053289e+02,-4.563938950067574041e+01,-9.959993987831366269e+01,-8.029219787188938540e+01,-7.288059052152937056e+01,-6.812795875416068725e+01
-1.554732085645683242e+02,-1.093727947692696034e+01,6.282716294476404073e+01,6.245962307368949951e+01,8.199792433648963197e+01,-1.128159227593326364e+01
6.835396466966151365e+02,4.174210158900265810e+01,-2.333176375910255729e+00,-9.003148837309579733e+01,-8.391371320609057705e+01,-5.081153295677219006e+01
1.608454958302530713e+00,9.632434572460334721e+01,3.838344585535696751e+01,-4.639848362853591368e+01,4.125264891026324676e+01,3.226922687631392250e+01
-3.614928932324871766e+02,-9.134196782521850366e+01,-2.770248307165242352e+01,5.474559668045876037e+01,-8.429541703317929091e+01,7.687682335517430943e+01
3.473820432808572605e+02,8.617365925091164058e+01,7.061710247797796569e+01,-7.652447917981039893e+01,1.303469634038236791e+01,4.151198956644464033e+01
-6.627088050796842253e+02,7.759601798803515749e+01,-8.084479414003742193e+01,6.315411690986567805e+01,-4.439673366624359119e+01,1.845747715318275084e+01
3.922468929646587981e+02,4.395914187478393842e+01,5.540382987208352006e+01,-4.106703020022610673e+01,2.147530778977497334e+01,-4.250542515953390676e+01
-1.291935909202076971e+02,9.966335005689393256e+01,6.290112158847014712e+01,-1.720441674612651184e+01,7.582843713284717069e+01,4.650022302169074351e+01
3.286945967737638057e+02,8.574938614555119898e+01,-6.567786115061515773e+01,-4.103299901582517606e+01,-8.125266478507155909e+01,-3.640379366425745644e+01
2.257618827009848417e+02,-2.376227725069239227e+01,2.654250792375070489e+01,-5.696012330283451774e+00,4.353379615540939085e+01,-4.615529329965711014e+01
-2.225585994333652025e+02,-6.538865616356309829e+01,-2.417547944492694967e+01,-1.238371251442909227e+01,-1.557468643683328935e+01,8.271393733230502221e+01
3.646525847836563230e+02,-4.608659633060914018e+01,-2.959131946096862009e+01,-5.695806796733459976e+01,-2.561539771914542030e+01,-2.202892183377819890e+01
-2.768624636508757249e+02,1.508541142237488941e+01,-4.432700427551139200e+01,-4.810153829843037698e+01,4.381227901130478131e+01,8.203574151450888507e+01
5.738233917380842968e+02,-7.558063608731168870e+01,-6.354220585000302890e+01,-7.337807102481937704e+01,3.672153656089943752e+01,-5.719804545846793786e+01
-5.723793545086329004e+02,2.091432066127474343e+01,-5.966425303940339120e+01,6.355143873862490977e+01,-3.677857354836038439e+01,3.392335293717522404e+01
1.195051138143576352e+01,-7.025328743948782062e+01,-3.881091058276791017e+01,-4.055171093966472284e+01,2.701598650900977816e+01,3.617610542466732682e+01
-5.975701281819650603e+02,6.904972930076473858e+01,-6.333061864621534198e+01,5.208595286128769430e+01,4.238788045587190823e+01,1.150878281549449866e+01
2.476795658990185345e+01,3.003259726313689271e+01,-8.200097939346056819e+01,-7.062483685548572510e+01,-1.688565585667282676e+01,4.227413766020498542e+01
1.728744832207760282e+02,-6.643576727528113679e+01,-2.220417215513832332e+01,-4.108092225147714771e-01,8.700914538264171938e+01,-8.896075026909889516e+01
3.535554548552129290e+02,6.580149818971929676e+01,9.683196917975692486e+01,-4.654547729602222716e+01,7.801146075481827324e+01,-4.193997224491816667e+01
-1.879940589970573228e+02,5.980149963932635160e+01,-8.028526400152742326e+00,1.952172977537401266e+01,-5.266652464697951785e+01,3.752299243216299374e+01
-5.379361456855200885e+01,-7.026302677735392876e+01,1.193729980035458027e+01,-1.134213891197390467e+00,6.744119918988394602e+01,-3.706296925253397490e+00
9.200373566874071685e+01,5.694619199734586346e+01,-1.994113865284485598e+01,-3.841881331381895848e+01,5.744542727552141059e+01,-1.630714721771502695e+01
-2.717718301783826291e+02,-6.467877573330014229e-01,1.546450626486578983e+01,6.393314757786569658e+01,1.626399492534386582e+01,-1.877141946383802917e+01
-5.251970921511610868e+01,-6.788263429815144434e+01,4.042226098282176849e+01,7.664656433036694239e+01,-7.832422241916955841e+01,-6.757204837383696372e+00
6.166614937387336681e+01,8.690710103580698842e+01,1.270183349503415116e+01,9.050702821406048315e+00,-8.730489002437143142e+01,7.060035925767493836e+00
