Close,Mkt-RF,SMB,HML,RMW,CMA,RF
-5.217032366014718,0.11,0.21,-0.45,0.34,-0.36,0.06
-7.339795648523106,0.72,-0.76,-0.44,0.45,-0.27,0.06
2.4750533972663913,1.52,-0.75,-0.33,0.09,-0.39,0.06
2.89927798234888,0.4,0.34,1.24,-1.12,0.28,0.06
6.102902071758898,0.57,0.2,0.59,-0.47,0.4,0.06
4.866935178405574,1.29,-0.36,-0.01,-0.35,0.37,0.06
4.21987843322591,-0.31,0.4,0.14,0.03,0.22,0.06
5.262823884350887,0.34,-0.01,0.17,-0.1,-0.2,0.06
9.230878987786827,0.44,-0.07,-0.27,0.0,-0.23,0.06
1.4083219178523398,-1.07,0.33,-0.23,0.42,0.1,0.06
-2.4303575624035956,0.16,-0.03,-0.44,0.32,-0.08,0.06
-2.846793180890972,0.35,0.58,-0.33,-0.24,-0.08,0.06
1.098826434534761,0.56,0.35,0.62,-0.49,0.23,0.05
-2.1737795641346813,0.95,-0.27,0.91,-0.66,0.96,0.05
-4.444842808194327,0.05,0.18,0.85,-0.41,0.64,0.05
-4.26327105800558,-2.64,-1.26,1.79,-0.2,0.74,0.05
-2.024147844961788,-1.37,0.77,0.63,-0.17,0.39,0.05
5.371573630218607,0.37,0.65,-0.35,0.09,0.11,0.05
-0.7843030651408234,0.02,0.42,0.44,-0.17,0.2,0.05
-3.557118953526295,-0.33,0.14,0.07,0.06,-0.09,0.05
0.40986531976920926,0.26,0.21,-0.34,0.08,-0.2,0.05
2.040698377041106,0.48,-0.08,-0.46,0.34,-0.27,0.05
-0.8000020621483084,0.48,0.0,-0.08,0.13,-0.08,0.05
6.048023576719741,-0.24,0.33,0.21,-0.19,0.0,0.05
-3.0416116429873408,-1.89,0.67,0.55,-0.26,0.19,0.05
1.9606278905081487,-0.36,0.07,0.32,-0.15,0.14,0.05
1.1537786507039405,-0.82,0.4,0.08,-0.1,0.25,0.05
-0.3801973163874761,-0.05,0.23,-0.21,-0.09,-0.27,0.05
-1.5266731042525628,-0.51,-0.13,0.33,0.07,0.16,0.05
-0.7751303731456716,1.0,-0.49,-0.3,0.24,-0.26,0.05
-3.124803550420563,-0.46,0.47,0.34,-0.54,0.31,0.05
-3.6287677948885877,-0.08,0.33,0.43,-0.56,0.47,0.05
-5.439686830885471,-0.47,0.46,0.96,-0.5,0.78,0.05
-5.751871016337917,-2.24,-0.16,1.78,-0.29,1.06,0.06
3.7555823539069833,1.07,-1.0,-0.48,0.36,-0.3,0.06
3.6197303454412744,0.22,0.42,-0.17,0.01,0.02,0.06
0.0,0.93,0.1,-0.26,0.1,-0.06,0.06
0.43660712621986786,0.77,0.13,-0.44,0.27,-0.4,0.06
-5.217032366014718,-0.99,0.66,0.52,-0.3,0.72,0.06
0.0,-0.14,0.06,0.11,-0.13,0.28,0.06
-3.2108220477171323,-0.74,0.4,0.53,-0.23,0.41,0.06
-0.9486675038808401,-0.66,0.03,0.54,0.07,0.39,0.06
-2.3921709707609984,-0.31,0.04,-0.09,0.23,0.06,0.06
2.450798255173159,0.44,-0.54,-0.05,0.4,-0.13,0.06
4.306861092381742,0.45,-0.31,-0.49,0.03,-0.26,0.06
-5.963750742010399,-1.47,0.39,0.51,-0.28,0.21,0.06
-5.365547097005196,-0.19,-0.1,0.5,-0.18,0.16,0.06
1.5462706457529896,0.54,-0.36,-0.11,0.0,-0.08,0.06
-3.5530225035044105,0.18,0.2,-0.12,-0.27,0.12,0.06
6.315375909820009,0.7,-0.77,-0.21,0.02,0.25,0.06
1.485044109435707,1.16,0.01,-0.7,0.12,0.0,0.06
3.4153180143730477,0.96,0.16,-0.48,0.36,-0.41,0.06
0.4716568422282297,0.6,-0.03,-0.44,0.03,-0.47,0.05
-1.4083689354556839,-0.92,0.72,0.55,-0.59,0.1,0.05
-0.9531763560377771,0.14,-0.02,0.3,-0.21,0.04,0.05
-0.48075594589449544,-0.51,0.61,0.19,-0.2,0.23,0.05
-0.9660978501691342,-0.09,0.44,0.16,-0.61,0.26,0.05
-7.804399701721543,0.73,-0.39,-0.46,0.11,-0.14,0.05
-4.7625362238775,-0.46,0.03,0.54,-0.26,0.28,0.05
-3.8886670386783173,-0.32,0.05,0.35,-0.24,0.06,0.05
4.0460026084990774,2.21,-1.07,-0.68,0.1,-0.27,0.05
-1.1110905763932255,0.08,0.24,0.5,-0.74,0.0,0.05
3.933386510256587,1.02,-0.31,-0.06,-0.13,0.26,0.05
4.864524570458384,-0.45,0.35,0.71,-0.02,0.16,0.05
6.1851903157926325,0.22,0.22,0.28,-0.18,0.31,0.05
-0.9708040138932561,-0.5,0.85,0.6,-0.6,0.48,0.05
0.9803210096035242,0.62,0.34,-0.28,0.16,-0.24,0.05
3.8841207177877424,1.02,-0.49,-0.99,1.09,-0.69,0.05
-0.4672411157857992,-0.58,0.45,-0.28,0.33,-0.34,0.05
-1.878678368104747,1.54,-0.56,-0.46,0.16,-0.42,0.05
-1.913740109982942,-0.45,0.55,0.1,0.0,-0.33,0.05
-3.4144089394520405,-1.01,0.68,0.08,-0.21,0.14,0.05
0.0,-0.3,0.22,-0.07,-0.04,0.23,0.05
-1.010052141370965,1.04,-0.2,-0.09,-0.13,-0.2,0.05
-1.0203671782765156,0.49,0.2,0.0,0.1,0.07,0.05
8.763262690854212,-0.09,0.41,0.2,-0.2,0.21,0.05
0.4739251601886263,-0.49,0.63,0.26,-0.01,-0.09,0.05
-1.88753928317128,-1.11,0.35,0.15,0.11,0.03,0.05
-0.9614700243049223,-0.03,0.39,0.23,-0.04,0.17,0.05
4.854958550829225,0.32,0.11,0.21,0.02,-0.09,0.05
1.8517406079498144,0.36,0.26,0.44,-0.15,0.32,0.05
1.3635440618866124,0.02,0.53,-0.12,-0.03,0.04,0.05
0.0,-1.04,0.5,0.33,0.24,0.15,0.05
0.0,-0.55,0.16,0.73,0.05,-0.05,0.05
-4.932421651157782,1.02,-0.18,-0.4,0.23,-0.36,0.05
-5.660876175434937,0.45,0.39,-0.43,0.09,-0.21,0.05
2.999831753394444,0.54,-0.03,-0.32,0.54,-0.18,0.05
6.796600397763863,-0.94,0.61,0.37,0.17,0.48,0.05
3.636085831487068,-0.08,0.21,0.37,0.04,0.14,0.05
2.631415513826685,-0.02,0.48,-0.06,-0.14,0.24,0.05
-0.8546019950488537,0.7,-0.18,-0.13,0.21,0.08,0.05
-0.8620659885010262,0.21,-0.23,0.04,-0.22,0.15,0.05
-1.7389729259782216,-0.94,-0.24,0.63,-0.09,0.29,0.05
-1.3273613708540188,-0.95,0.13,0.19,-0.06,0.15,0.05
1.793555331645158,0.0,0.18,-0.42,-0.11,0.04,0.05
0.0,-0.18,-0.02,-0.28,0.09,-0.17,0.06
-0.44043855723312486,-1.53,-0.32,0.43,0.01,0.19,0.06
-0.4425257181177922,-0.41,-0.38,-0.36,0.4,-0.51,0.06
-2.6664376419422875,0.4,-0.05,-0.39,0.44,-0.5,0.06
1.369738164583345,0.73,-0.2,-0.34,0.21,-0.13,0.06
0.9008172872565279,0.09,0.36,0.07,-0.06,-0.09,0.06
-2.2319414266315007,-1.41,0.4,0.72,-0.43,0.32,0.06
0.0,0.65,-0.55,0.16,-0.06,0.15,0.06
-0.4565899920169092,-0.04,0.53,-0.16,-0.66,0.0,0.06
-1.3760608852034228,0.56,0.09,0.18,-0.19,-0.2,0.06
2.3254368993698815,0.61,-0.11,0.26,-0.07,-0.14,0.06
1.8179954154278866,0.15,0.02,-0.33,0.26,-0.14,0.06
-1.7855344804327267,-0.32,0.03,0.0,0.16,-0.06,0.06
3.181555310753059,0.1,0.42,-0.4,0.13,-0.23,0.06
5.72734318276622,-0.11,0.42,0.11,-0.07,-0.08,0.06
4.582978073981847,-0.01,0.39,-0.11,-0.07,-0.25,0.06
-0.3983175501891867,0.88,-0.48,-0.39,0.47,-0.37,0.06
5.599610365444052,0.64,0.26,-0.23,0.3,-0.12,0.06
0.0,-0.16,0.83,0.29,-0.41,0.32,0.06
0.378744071753756,-0.48,0.68,0.35,0.0,0.26,0.06
0.0,-0.23,0.32,0.36,0.01,0.45,0.06
-4.905285775258827,-1.45,0.23,0.9,-0.11,0.57,0.06
0.0,-0.03,-0.14,0.14,-0.06,0.03,0.06
1.9839665951379537,0.16,0.13,-0.08,-0.14,-0.01,0.06
-1.556359214326375,0.84,-0.63,-0.25,0.27,-0.17,0.06
-3.557118953526295,-0.03,-0.14,0.45,-0.04,0.16,0.06
2.0491481482538765,-0.34,-0.09,0.33,0.05,-0.03,0.06
1.2047447794241606,0.25,-0.12,0.41,-0.34,0.12,0.06
4.364738949872238,1.01,-0.03,0.07,-0.25,0.04,0.06
-1.140618438672536,-0.04,0.41,0.46,-0.36,0.33,0.06
-0.3846174457800555,0.07,0.0,1.1,-0.7,0.63,0.06
-1.9302971272836422,-1.16,0.1,1.36,-0.49,0.73,0.06
-1.5747329057484327,0.68,-0.74,-0.25,0.25,0.02,0.06
-0.3999452973370454,-1.21,0.55,0.25,-0.11,0.37,0.06
-2.811117783270156,0.37,-0.21,-0.35,0.31,-0.26,0.06
-3.719493140603203,-0.2,-0.08,0.27,-0.09,-0.11,0.06
1.7166434280064369,0.92,-0.74,-0.18,0.13,0.1,0.06
-2.531530219986733,-0.55,0.47,0.17,-0.06,-0.02,0.06
2.1644311406230354,0.1,-0.07,-0.08,0.14,-0.2,0.06
-1.2711426608763454,-0.19,0.24,-0.24,0.21,-0.19,0.06
-3.433316756181548,-0.62,-0.12,0.35,-0.14,0.14,0.06
-7.555841999878132,-0.65,-0.25,0.02,0.11,0.15,0.06
-0.9614700243049223,-0.98,0.27,-0.02,-0.13,-0.05,0.06
0.0,-0.95,0.03,0.55,-0.14,0.45,0.06
-3.397894369103349,-1.12,-0.45,0.82,0.21,0.08,0.06
1.004986202630831,0.34,-0.73,-0.13,0.43,-0.61,0.06
3.9798515773416643,0.09,-0.16,-0.03,0.13,-0.33,0.06
-7.655043774286197,0.66,-0.15,-0.62,0.3,-0.39,0.06
-7.7724652045403575,0.1,0.23,-0.11,-0.36,0.04,0.06
2.2481666290279367,0.12,-0.14,0.28,-0.01,-0.21,0.06
4.3952506350878995,-0.12,-0.35,-0.33,0.33,-0.34,0.06
2.6313989901573853,0.38,0.12,-0.24,-0.03,-0.04,0.06
2.5639138534662154,0.14,0.17,-0.27,0.12,-0.14,0.06
3.4997732328359454,0.29,-0.01,-0.26,0.01,-0.09,0.06
-6.762870058025983,-1.59,0.23,0.33,0.17,0.09,0.06
-0.5180638770377999,-0.5,-0.56,-0.07,0.32,-0.09,0.06
-5.729749068633128,-0.89,0.37,0.29,-0.28,0.23,0.06
2.763290433259158,0.14,-0.3,-0.24,0.24,-0.38,0.06
3.2255808132663377,0.8,-0.26,0.03,-0.13,-0.16,0.06
4.166357110595897,0.82,-0.33,-0.4,0.3,-0.33,0.06
-3.4997819412523,-0.51,0.28,0.27,-0.21,0.18,0.06
-1.5542728493215585,-0.04,0.04,0.32,-0.21,-0.02,0.06
3.68391275261426,0.56,-0.08,-0.43,-0.02,-0.25,0.06
1.5227693982045931,0.77,-0.19,-0.35,0.02,-0.3,0.06
-0.9999003757159342,-0.34,-0.19,0.12,0.35,-0.11,0.06
1.5150166374568563,0.42,-0.54,-0.47,0.56,-0.33,0.06
2.9848821841859996,1.05,-0.55,-0.27,0.32,-0.44,0.06
-2.415274074238649,0.09,0.17,0.1,-0.18,0.0,0.06
0.0,-0.45,0.22,0.25,-0.08,-0.05,0.06
0.0,0.34,-0.66,0.05,0.31,-0.24,0.06
-2.9701227076595282,0.85,-0.54,-0.11,-0.06,-0.35,0.06
-2.04067215367173,-0.24,0.31,0.27,-0.06,0.27,0.06
-3.1247882432372753,0.05,0.02,-0.27,0.0,-0.31,0.06
-1.6127904066332244,-0.7,0.51,0.12,-0.14,0.28,0.06
-3.279426196064994,-1.01,-0.04,0.62,0.01,0.19,0.06
-2.2598026148702433,-1.1,-0.16,0.7,-0.28,0.51,0.06
-1.1560050599446758,0.19,-0.2,-0.28,0.06,-0.09,0.06
1.169524826111834,0.15,0.15,-0.24,0.05,-0.08,0.06
-6.9359900895155535,-1.03,0.42,0.85,-0.44,0.48,0.06
-6.211866353078433,-2.96,0.05,1.8,-0.36,1.19,0.06
2.649996897256335,-0.53,-1.06,-0.12,0.04,-0.47,0.06
-1.9364696464765685,-0.12,-0.05,0.2,-0.19,0.14,0.06
0.6578201059268096,-1.07,0.3,0.8,-0.25,0.43,0.06
5.229648769256334,0.41,-0.14,-0.03,-0.01,-0.06,0.06
0.0,-1.14,0.06,0.86,0.07,0.5,0.06
6.210762930944491,0.12,-0.53,-0.11,0.14,0.0,0.06
1.754302517088413,0.26,0.03,-0.16,-0.03,-0.1,0.06
-5.172091930105593,-1.91,0.25,1.19,-0.26,0.82,0.06
-1.212007659163039,-1.04,-0.06,0.42,-0.13,0.45,0.06
-3.0673166503523364,-1.97,-0.79,1.09,-0.07,0.86,0.06
0.0,0.25,-0.25,-0.22,0.24,-0.18,0.06
0.6328998807835662,1.49,0.02,-0.73,0.18,-0.82,0.06
-1.2578389006642543,1.16,0.0,-0.25,0.01,0.02,0.06
-3.1856202131720135,-0.78,0.65,-0.02,0.0,0.3,0.06
-2.631395008546944,-0.62,0.43,0.41,-0.14,0.27,0.06
-2.0269109358126203,-0.85,-0.18,1.1,-0.02,0.5,0.06
-2.7584494205897814,-1.48,0.18,1.31,-0.28,0.56,0.06
0.7091483284215272,-0.92,-0.27,0.76,-0.31,0.24,0.06
0.7042100204016188,0.54,-0.74,0.26,0.29,0.05,0.06
-5.594083686754825,-0.52,0.16,0.47,-0.19,0.43,0.06
-2.2220440408112663,-1.22,-0.93,0.91,0.09,0.38,0.06
-0.7575158325710873,-0.39,0.32,0.18,-0.02,-0.06,0.06
-12.977620439310943,-2.4,-1.11,1.75,-0.23,0.74,0.06
0.8771359582888438,1.94,-1.82,-1.59,1.08,-1.24,0.06
5.217085373785357,0.85,1.52,-1.26,-0.01,-0.38,0.06
0.8264170169057117,0.28,0.54,-0.31,-0.18,-0.21,0.06
0.0,0.66,-0.02,-0.82,0.43,-0.47,0.05
8.19771116307313,1.96,-0.14,-0.96,0.45,-0.94,0.05
3.030069927532586,0.31,0.54,-0.24,0.01,-0.19,0.05
-0.7352504250461633,-0.07,0.29,-0.93,0.37,-0.62,0.05
5.9255647370587194,1.55,-0.01,-0.79,0.05,-0.3,0.05
3.496287840947998,0.88,0.39,-0.65,0.03,-0.05,0.05
0.6755977514359524,-0.49,0.61,0.87,-0.25,0.81,0.05
3.3566879226589075,-0.22,0.31,0.28,-0.03,0.2,0.05
0.0,-0.22,0.46,-0.09,0.12,-0.07,0.05
-5.844867097492745,-1.58,0.42,1.0,-0.12,0.57,0.05
2.068844572701689,0.55,-0.39,-0.13,0.19,-0.38,0.05
-1.3512719958499453,-0.36,0.33,0.33,0.06,0.16,0.05
2.0546334334900163,-0.21,-0.18,0.27,0.18,0.25,0.05
5.369996987698822,0.95,-0.4,-0.6,0.28,-0.31,0.05
0.0,-0.12,0.42,-0.48,0.35,-0.33,0.05
-0.6368755491262812,-0.38,0.12,0.0,0.3,-0.24,0.05
-2.5650810379919786,-0.8,0.4,0.09,0.06,0.04,0.05
0.0,-0.46,-0.09,-0.1,0.45,-0.14,0.05
1.9747092925326282,0.93,-0.14,-0.54,0.15,-0.15,0.05
3.225632828113545,0.22,0.24,-0.19,0.04,-0.11,0.05
-1.2499130523191737,-0.38,0.06,0.02,0.06,-0.1,0.05
1.2657336220690096,2.15,-1.13,-0.23,-0.19,-0.36,0.05
0.0,1.89,-0.66,-1.36,0.61,-0.82,0.05
-1.2499130523191737,0.43,0.14,-0.15,0.03,0.04,0.05
-2.5315113371366382,0.16,0.11,0.09,0.0,0.08,0.05
-7.143475129107046,-0.71,0.58,0.64,-0.22,0.52,0.05
0.6991881444758485,-0.51,0.29,0.48,-0.3,0.24,0.05
1.3888725101999455,0.35,-0.55,0.72,-0.06,0.05,0.05
0.6849056463097636,-0.4,0.35,0.63,-0.16,0.28,0.05
2.7208797619837854,0.12,-0.21,0.49,-0.43,0.17,0.05
3.312253899941364,0.23,0.12,0.52,-0.36,0.3,0.05
-7.05192973916231,-1.15,0.68,1.11,-0.38,0.54,0.05
-1.3792217073910762,-1.31,-0.22,1.08,0.05,0.5,0.05
2.0977714866090125,0.51,-0.68,0.07,0.21,-0.17,0.05
3.4244208674126586,-0.45,0.37,0.41,-0.27,0.61,0.05
0.0,0.42,-0.49,-0.56,0.51,-0.67,0.05
0.6622108652318381,0.85,-0.17,-0.51,0.18,-0.26,0.05
-4.604969911166911,-0.1,-0.02,-0.42,0.35,-0.11,0.05
-0.6896769175793405,1.21,-0.82,-0.19,0.18,0.08,0.05
2.0832906227520986,0.34,0.11,-0.04,-0.2,0.14,0.05
2.7208797619837854,0.7,-0.1,-0.36,-0.03,0.09,0.05
-1.324433264826952,0.79,-0.39,-0.85,0.47,-0.7,0.05
0.0,-0.23,0.1,0.1,-0.13,0.53,0.04
0.671099125287089,-1.01,0.64,0.27,-0.11,0.32,0.04
-1.3332159822431633,0.31,-0.39,-0.16,0.21,0.09,0.04
2.7025086872487503,0.65,-0.21,-0.1,0.05,0.09,0.04
0.6578201059268096,-0.78,0.14,0.41,0.06,0.14,0.04
-1.9606430231564498,-0.48,-0.38,0.13,0.03,0.14,0.04
0.666637019260663,0.41,-0.27,-0.51,-0.01,-0.27,0.04
0.0,0.14,0.15,-0.02,-0.11,0.17,0.04
-0.6622223995951249,-0.56,0.42,-0.03,0.02,0.08,0.04
-3.333103817513694,-1.59,0.2,0.64,-0.01,0.23,0.04
2.758419391551503,0.04,0.06,0.02,-0.26,0.15,0.04
4.698921240769072,-0.36,0.38,-0.12,0.05,0.02,0.04
8.332739750650497,0.4,-0.2,-0.62,0.5,-0.25,0.04
8.284602318435951,0.63,-0.12,-0.41,-0.01,0.0,0.04
-4.372292258704391,-0.46,0.09,0.36,0.1,0.01,0.04
1.7141367113400863,-0.39,0.08,0.39,0.0,0.41,0.04
-2.2470022422762193,-0.4,0.29,0.19,-0.09,0.04,0.04
0.5746657592557769,0.21,0.02,-0.14,-0.19,-0.05,0.04
-4.571167247560126,-0.27,-0.08,0.29,0.22,0.09,0.04
1.7963295597271056,-0.57,-0.05,0.42,0.0,0.33,0.04
4.117417626905295,0.35,-0.1,-0.11,0.05,0.14,0.04
0.0,0.3,0.43,-0.2,-0.14,0.11,0.04
-0.564985093828041,0.17,-0.03,0.58,-0.52,0.3,0.04
-5.113342184264025,-2.03,0.66,1.47,-0.64,0.95,0.04
-1.1974939408815222,-0.81,0.0,0.72,-0.34,0.51,0.04
-7.879374515760662,-0.27,0.27,0.08,-0.29,0.13,0.04
4.606218885919078,0.44,0.01,0.08,-0.17,0.04,0.04
-6.29005986318556,-2.28,0.46,1.77,-0.18,0.79,0.04
-3.3555365385605995,-0.55,-0.4,0.13,-0.18,0.09,0.04
-0.6943334473289986,-1.27,0.4,0.33,-0.14,0.22,0.04
4.894761566690975,0.47,-0.38,-0.4,0.18,-0.39,0.04
6.667484873146479,0.61,0.07,-0.8,0.14,-0.32,0.04
1.8749131203533942,0.58,-0.59,-0.52,0.31,-0.38,0.04
-2.453829812992092,-0.93,0.52,0.78,-0.33,0.69,0.04
1.886604996083996,-0.62,0.28,0.57,-0.28,0.42,0.04
1.8517572820638817,0.31,-0.25,0.03,0.16,0.06,0.04
0.6060091073950558,-0.38,0.06,0.6,-0.18,0.29,0.04
-3.0118672366085897,-0.41,-0.97,0.32,0.0,0.17,0.04
-3.7264837214403768,-0.17,-0.04,0.08,0.16,0.0,0.04
0.6451602754044661,0.34,-0.43,-0.24,0.2,-0.17,0.04
3.2048887395317305,2.53,-0.81,-1.71,0.48,-1.16,0.04
1.242215329800489,1.12,-0.03,-0.74,0.2,-0.33,0.04
-1.2269736747204996,-1.79,0.95,0.8,-0.27,0.78,0.05
0.6210752113080531,0.27,-0.05,-0.16,-0.18,0.12,0.05
0.0,-0.93,0.77,0.55,-0.49,0.76,0.05
-2.4689452028683,-0.2,-0.05,0.23,-0.11,0.23,0.05
0.0,0.77,-0.12,-0.08,-0.12,0.07,0.05
-6.329803505062737,-2.16,0.3,1.6,-0.28,0.73,0.05
0.0,-0.94,-0.38,0.94,-0.26,0.65,0.05
1.3512308073234003,0.6,-0.46,-0.12,-0.06,-0.13,0.05
-1.3332159822431633,-0.14,-0.18,0.45,0.07,0.22,0.05
1.3512308073234003,-0.07,0.17,-0.08,-0.02,0.06,0.05
-1.9998297789923902,-0.45,-0.31,0.1,0.14,0.19,0.05
1.3604102604931834,-0.19,0.44,-0.36,0.06,-0.15,0.05
1.3422099397528475,0.06,-0.11,-0.43,-0.02,-0.08,0.05
-0.6622223995951249,-0.47,0.01,0.44,-0.21,0.2,0.05
-1.3332159822431633,-1.25,0.44,1.6,-0.83,0.8,0.05
-1.3512719958499453,-0.21,-0.65,0.98,-0.52,0.44,0.05
0.6849056463097636,1.39,-0.98,-0.29,-0.13,-0.45,0.05
-0.6802465989447448,-0.04,0.58,-0.3,-0.16,0.18,0.05
0.0,-0.16,0.04,0.43,-0.28,0.16,0.05
0.6849056463097636,0.24,-0.05,0.31,-0.47,0.45,0.04
0.0,-0.38,0.34,1.09,-0.39,0.73,0.04
0.0,-1.52,0.0,1.97,-0.9,1.21,0.04
-2.040775341432599,-1.08,-0.05,1.39,-0.32,0.46,0.04
-7.638333147372201,-0.68,-0.49,1.69,-0.49,0.65,0.04
-1.5036671406726931,-1.61,-0.07,2.1,-0.5,0.92,0.04
0.763297935280538,0.7,-1.38,-0.6,0.31,-0.37,0.04
-1.5150844431279786,0.5,0.15,-0.45,0.29,-0.51,0.04
0.0,-0.12,-0.04,0.29,0.02,-0.02,0.04
-6.1547686218434645,-0.8,0.06,0.55,-0.1,0.14,0.04
-0.8196433448261375,0.49,-0.65,-0.98,0.56,-0.56,0.04
-1.6527764573168846,-0.06,0.35,-0.28,0.1,0.11,0.04
-5.041700594800624,-0.16,0.14,-0.09,-0.1,0.06,0.04
7.964083453035342,1.12,-0.08,-0.95,0.31,-0.72,0.04
9.017354507899267,0.3,0.43,-0.35,-0.04,-0.26,0.04
7.518270226892976,1.87,-0.39,-1.62,0.53,-0.69,0.04
-1.3985163543391521,0.59,-0.01,-0.53,0.27,-0.12,0.04
-5.673378088774184,-0.45,0.5,0.16,-0.14,0.46,0.04
-0.7518466656304179,0.31,0.37,-0.35,-0.01,0.07,0.04
-1.5150844431279786,-0.89,0.59,0.34,-0.16,0.36,0.04
2.3075885802832374,0.13,0.04,-0.22,0.01,-0.23,0.04
1.5036082118494054,0.01,0.02,0.02,0.1,0.05,0.04
0.0,-0.23,0.21,0.09,-0.03,0.09,0.04
5.184842535976708,1.37,-0.51,-0.99,0.17,-0.29,0.05
0.0,1.06,-0.36,-1.12,0.67,-0.77,0.05
0.0,-0.31,0.33,-0.15,0.13,0.09,0.05
-0.704154826241743,0.48,-0.21,-0.11,0.26,-0.3,0.05
-1.4183213615401091,0.15,0.27,-0.22,0.24,-0.28,0.05
0.719307182628004,0.58,-0.09,-0.32,0.21,0.03,0.05
-0.7141701057610805,-0.21,0.16,0.15,-0.04,0.27,0.05
-7.913212258237912,-0.04,0.14,0.22,-0.21,0.38,0.05
0.781220819792039,-0.17,0.03,0.22,0.07,0.06,0.05
1.5502963844599815,0.39,-0.01,-0.53,0.38,-0.19,0.05
3.053185093517219,0.47,-0.04,-0.3,0.02,-0.25,0.05
-2.2220440408112663,-0.09,0.21,0.5,-0.2,0.33,0.05
-4.545147773412161,-0.93,0.6,0.68,-0.41,0.66,0.05
-0.7950230318306217,0.23,-0.02,0.22,-0.23,0.4,0.05
-1.5998625595989746,1.01,-0.48,-0.56,0.14,-0.66,0.05
0.0,1.06,-0.4,-0.75,0.46,-0.45,0.05
2.440298279210751,0.43,-0.04,-0.48,0.1,0.13,0.05
-3.1758001599156316,-0.91,0.41,0.35,0.0,0.39,0.05
-4.098152481486251,-0.61,0.61,-0.03,-0.01,0.12,0.05
0.0,-0.9,0.5,0.41,-0.32,0.36,0.05
0.8547061984656601,0.18,-0.01,-0.19,-0.05,-0.13,0.05
3.389600601973841,0.27,-0.32,0.06,-0.07,-0.05,0.05
3.2799653032618004,0.59,-0.06,-0.19,0.3,-0.34,0.05
-1.588663787523792,0.12,-0.17,0.12,0.25,-0.16,0.05
3.2270884801327337,0.83,-0.09,-0.15,0.15,-0.2,0.05
1.5623872123837312,0.69,-0.29,-0.19,0.24,-0.58,0.05
-1.5383521944167478,-0.75,0.36,0.11,0.15,0.09,0.05
-3.1262031387757627,0.79,-0.34,-0.46,0.23,-0.41,0.05
-2.4191821533873448,-0.31,0.13,0.26,-0.4,0.3,0.05
0.8264170169057117,-0.62,0.46,0.02,0.07,0.23,0.05
-4.098152481486251,-0.13,0.25,-0.04,0.09,0.03,0.05
-1.7093007504135116,-1.06,0.31,0.46,0.05,0.42,0.05
-1.7389729259782216,-0.82,0.03,0.31,-0.19,0.21,0.05
-0.8849743707002311,-0.76,0.2,0.37,-0.01,0.24,0.05
0.8928760953057946,-0.44,-0.31,0.31,0.09,0.0,0.05
0.8848510658433284,0.16,-0.35,0.17,-0.18,0.14,0.05
0.8771359582888438,-0.08,-0.4,-0.19,0.03,-0.22,0.05
0.0,-0.3,0.15,0.19,0.16,0.14,0.05
-0.8695091806051325,-1.26,0.02,0.6,-0.19,0.43,0.05
-1.7543024724182565,-0.47,0.05,0.0,0.2,-0.29,0.05
0.0,-0.38,0.78,0.01,0.03,-0.13,0.05
-1.7855344804327267,-0.38,-0.23,-0.14,0.11,-0.45,0.04
1.8179954154278866,0.31,-0.2,-0.32,-0.12,-0.24,0.04
-3.5711467145005615,-0.2,0.14,0.63,-0.09,-0.1,0.04
-2.777610911924855,-1.51,0.41,0.82,-0.39,0.61,0.04
0.0,-0.14,-0.47,0.04,0.08,-0.15,0.04
-0.9522972256802431,-0.44,0.03,0.22,0.02,-0.1,0.04
-1.9229481011925231,-0.69,-0.28,0.24,0.24,0.24,0.04
0.9803294641232974,0.37,-0.14,-0.3,0.13,-0.1,0.04
3.883198491950024,1.52,-0.23,-0.45,0.12,0.01,0.04
0.0,-1.14,0.41,0.71,-0.09,0.43,0.04
0.0,-0.38,-0.11,0.24,0.02,0.32,0.04
0.0,-0.56,0.5,0.29,-0.37,0.59,0.04
-1.8690295725130812,-1.05,0.15,0.72,-0.31,0.56,0.04
-1.9046110387257231,-0.55,-0.12,0.19,-0.13,0.1,0.04
0.0,-0.07,0.18,-0.19,0.31,0.15,0.04
3.883198491950024,0.77,-0.47,-0.71,0.35,-0.26,0.04
2.80358505212559,1.52,-0.56,-1.18,0.39,-0.61,0.04
0.0,-0.17,0.38,0.22,-0.04,0.46,0.04
-3.636133331802638,-0.59,0.32,0.05,-0.06,0.15,0.04
-0.9433547616753524,0.74,-0.53,-0.59,0.42,-0.22,0.04
-2.856933145453844,0.01,-0.29,0.59,-0.21,0.7,0.04
0.0,-0.39,0.72,0.69,-0.27,0.29,0.04
-0.9803465393153687,-0.79,0.35,0.55,-0.19,0.44,0.05
-4.9519006262419225,-0.75,0.52,0.45,-0.26,0.2,0.05
-4.166432702056855,-0.44,0.03,0.11,0.21,0.37,0.05
0.0,-0.21,-0.04,0.13,-0.03,0.16,0.05
-4.347580801650663,0.02,-0.67,-0.16,0.11,-0.07,0.05
3.408884893566988,1.08,-0.15,-0.37,-0.1,-0.01,0.05
2.1976865198512385,0.67,-0.05,0.13,-0.23,0.56,0.05
6.453172148858366,-0.12,0.23,-0.32,0.56,-0.11,0.05
1.009999008657947,0.6,-0.73,-0.6,1.14,-0.42,0.05
1.9998784316075602,0.04,0.16,-0.17,0.32,-0.15,0.05
3.921300781301129,0.43,-0.25,-0.51,0.08,-0.49,0.05
0.9433054690127118,-0.25,0.33,0.22,-0.18,0.14,0.05
6.541611642466805,0.53,-0.28,-0.05,-0.16,0.11,0.05
0.0,-0.01,0.28,-0.21,-0.03,0.07,0.05
0.8771359582888438,0.02,0.23,0.01,-0.25,0.06,0.05
-1.7389729259782216,-0.33,0.37,0.17,-0.03,-0.16,0.05
-4.424517352037361,-0.7,0.25,0.04,0.16,-0.03,0.05
0.0,-0.8,0.44,0.07,-0.08,0.23,0.05
-4.629319266609211,-1.55,0.14,0.64,-0.06,0.37,0.05
3.883198491950024,-0.16,-0.5,-0.23,0.27,0.06,0.05
0.9345392022702459,-0.45,0.36,0.14,-0.21,0.13,0.05
2.777562532026323,1.57,-1.04,-0.13,-0.07,0.03,0.03
-6.305870073497244,-0.85,0.63,0.48,-0.51,0.48,0.03
-0.9614698638850117,-1.45,0.53,0.85,-0.41,0.56,0.03
-3.8832238560860155,-0.82,-0.05,0.63,-0.18,0.02,0.03
-1.01006058269959,-1.16,0.38,0.85,-0.28,0.34,0.03
1.0203669066223053,-0.73,-0.95,0.37,0.14,0.36,0.03
6.060143588906497,-0.18,-0.01,0.23,-0.04,0.33,0.03
0.9523386940933465,-0.33,-0.21,0.61,-0.14,0.06,0.03
-0.9433547616753524,-0.29,-0.23,0.66,-0.23,0.2,0.03
0.0,1.05,-1.27,0.78,-0.3,0.34,0.03
1.9046276260909822,0.41,0.24,0.46,-0.48,0.24,0.03
6.541611642466805,4.08,-2.38,0.18,-0.47,0.08,0.03
0.0,0.13,1.5,-0.43,-0.14,-0.14,0.03
0.8771359582888438,0.21,-0.42,0.22,-0.36,0.2,0.03
2.608595694663296,3.07,-1.69,-0.41,-0.19,-0.36,0.03
4.237048722621339,2.62,-1.01,-0.71,0.29,-0.46,0.03
4.879173470584086,-0.27,1.16,-0.6,0.44,-0.31,0.03
6.976242596126547,2.0,-0.19,-0.97,0.35,-1.42,0.03
2.8983559243624946,1.06,0.67,-1.12,0.3,-0.29,0.03
-4.929267764224976,-1.08,0.93,-0.45,0.33,-0.16,0.03
1.4814637541272546,0.37,-0.32,-0.42,0.1,0.06,0.03
5.109031523336904,1.43,-0.43,-0.23,0.25,-0.02,0.03
-2.7775817374695255,-0.88,0.53,0.52,-0.04,0.52,0.02
4.285487156284029,1.56,-0.36,-0.71,-0.08,-0.15,0.02
0.6849056463097636,1.8,-0.9,-0.61,0.32,-0.68,0.02
-5.441836537264311,-0.96,0.69,0.35,0.05,0.29,0.02
3.5967927794748444,0.67,0.01,-0.35,0.52,-0.38,0.02
-2.083139434853609,0.01,0.59,0.03,-0.08,0.01,0.02
2.8366983086485664,-0.73,0.48,0.31,0.11,0.03,0.02
0.6896168595031504,0.82,-0.74,-0.22,0.26,-0.09,0.02
3.4244208674126586,0.81,-0.03,-0.29,0.14,-0.21,0.02
-0.6622223995951249,0.8,-0.25,-0.23,0.23,0.13,0.02
-3.333103817513694,-0.14,0.54,-0.2,0.22,-0.04,0.02
-2.0688625901247093,-0.93,0.59,0.12,0.01,0.17,0.02
0.7042100204016188,-0.11,-0.31,0.13,0.3,0.06,0.02
2.0977714866090125,1.69,-0.66,-0.34,0.07,-0.44,0.02
2.7395211857771162,-0.46,0.7,0.47,-0.14,0.18,0.02
0.0,-0.19,-0.1,-0.02,0.23,-0.01,0.02
-3.333103817513694,-0.28,0.47,-0.19,0.07,-0.26,0.02
0.0,0.17,-0.24,0.07,0.12,0.02,0.02
1.3792457306215367,-0.2,0.42,0.17,0.02,0.25,0.02
0.0,-1.23,0.51,0.65,0.03,0.24,0.02
-0.6802465989447448,-0.85,0.51,0.51,-0.22,0.29,0.02
1.3697814692482435,1.1,-0.6,0.01,-0.29,0.09,0.03
1.3512308073234003,-0.26,-0.02,-0.01,0.45,0.12,0.03
0.666637019260663,0.42,0.07,-0.23,0.26,-0.12,0.03
7.285507556968818,2.93,-1.29,-1.02,0.58,-0.25,0.03
8.024174044692977,2.05,-0.52,-0.36,-0.04,-0.14,0.03
7.429153222515628,1.75,-0.44,0.24,-0.27,-0.35,0.03
2.12752179364446,2.24,-0.61,0.1,0.1,0.09,0.03
-3.1247882432372753,-0.1,0.18,-0.11,0.31,-0.27,0.03
1.0751842405816836,1.79,0.14,-1.07,0.31,-0.81,0.03
0.5318688681201333,-1.29,1.4,0.24,-0.14,-0.07,0.03
-2.6453025923426576,-0.59,0.66,0.12,-0.27,0.16,0.03
2.173749864523322,2.03,-0.89,-0.63,0.08,0.14,0.03
2.12752179364446,-0.01,0.17,0.29,-0.03,0.37,0.03
5.728742160974409,1.88,-0.53,-0.52,0.08,-0.07,0.03
2.462922913103105,0.0,0.66,-0.78,0.12,-0.17,0.03
-0.48075594589449544,0.04,1.14,-0.18,-0.32,0.11,0.03
-5.796721724172638,-3.62,1.45,0.56,-0.28,0.46,0.03
0.512786343370375,0.55,-1.39,-0.14,0.5,0.12,0.03
2.5508335274951,0.76,0.84,-0.33,-0.21,-0.28,0.03
0.0,-1.01,1.11,0.28,-0.2,0.04,0.03
0.994952062968224,0.26,0.07,0.24,-0.58,0.54,0.03
5.419291813676819,1.15,-0.53,-0.3,0.0,-0.12,0.03
7.008917867622522,1.53,0.04,-0.02,0.05,0.26,0.03
7.423872688325095,3.57,-1.2,-0.57,0.0,-0.31,0.03
0.8129246092074993,-0.36,0.99,-0.06,0.16,-0.1,0.03
-2.822391338347796,0.49,0.48,0.0,-0.22,-0.3,0.03
-4.14984281194084,-0.96,1.04,-0.01,-0.05,-0.05,0.03
3.4637880067010407,1.64,0.02,-0.4,-0.16,-0.31,0.03
3.765405621425799,-1.05,1.04,-0.02,-0.15,0.13,0.03
6.451222339340856,0.44,-0.03,-0.23,-0.2,-0.1,0.03
-1.8938523046559852,-0.99,1.5,0.39,-0.7,0.38,0.03
-2.3164399383914014,-1.76,0.36,0.83,-0.02,0.32,0.03
-5.137994164197468,-1.37,-0.51,0.71,0.0,0.56,0.03
4.582978073981847,1.68,-0.49,-0.49,0.33,-0.08,0.03
0.0,0.44,0.32,-0.34,-0.18,0.06,0.03
-1.5934991866836445,-0.67,0.89,0.07,-0.05,0.21,0.03
-8.907057190026467,-1.96,0.73,0.79,-0.37,0.4,0.03
2.666522790837056,-0.8,0.41,0.0,0.07,0.07,0.03
2.1644311406230354,0.72,-0.09,-0.26,0.31,-0.17,0.03
-1.6948224410579082,0.71,0.07,-0.56,-0.12,-0.15,0.03
-0.4310592696548987,-0.48,0.3,-0.01,-0.13,0.21,0.03
10.389795750184616,2.82,-1.35,-1.34,0.54,-0.71,0.03
1.9606278905081487,0.34,0.94,-0.62,0.43,0.04,0.03
0.0,0.01,0.09,0.02,0.15,-0.08,0.03
-2.3074903135567704,-0.08,0.16,0.02,-0.08,0.03,0.03
5.512096588390736,1.8,-1.08,-0.96,0.66,-0.28,0.03
1.1192866615772568,0.6,0.25,-0.52,0.41,-0.1,0.03
-2.214507996261339,-0.44,0.91,-0.06,0.1,-0.3,0.03
-4.905285775258827,-1.18,0.27,0.56,0.31,-0.02,0.03
-7.143180992580456,-0.6,-0.52,0.39,0.55,-0.31,0.03
-2.136579418634277,0.15,-0.53,0.38,-0.19,0.39,0.03
-0.8733663644580614,-1.58,0.49,1.42,-1.01,0.98,0.03
-0.44043855723312486,-1.7,-0.55,0.83,-0.29,0.54,0.03
1.7697483710079842,-0.14,-0.3,-0.31,0.03,-0.18,0.03
4.783088037350192,1.44,-0.3,-1.09,0.04,-0.35,0.03
-0.4148802142507013,-0.81,0.43,0.21,0.12,0.27,0.03
0.8332680809986392,1.37,-0.97,-0.28,-0.08,0.12,0.03
2.8924273220895858,0.24,0.34,-0.37,-0.32,-0.09,0.03
2.810977889428634,0.57,-0.11,0.03,-0.14,-0.2,0.03
2.3436383809207095,1.43,-0.93,0.12,-0.09,0.05,0.03
-0.7633232568228676,-0.8,0.51,0.46,-0.18,0.33,0.03
-3.461356048467057,0.3,-0.19,-0.11,0.05,-0.17,0.03
-4.382145315024255,-0.58,0.48,0.16,-0.14,0.21,0.03
-0.41664492596757974,0.31,0.4,-0.41,-0.26,0.08,0.03
-4.602968891943771,-1.45,0.83,1.0,-0.19,0.32,0.03
5.7021781807312655,1.67,-1.2,-0.17,0.15,-0.41,0.03
0.41493080234820123,0.5,0.3,0.22,-0.21,-0.07,0.03
-3.719493140603203,2.27,-0.48,-0.46,-0.25,-0.37,0.03
-5.579042553247183,0.08,0.69,0.08,-0.16,0.23,0.03
4.545115206078121,1.12,0.07,-0.54,-0.33,0.08,0.03
1.3042940610624276,-0.55,0.56,0.13,-0.21,0.04,0.03
5.579819957629906,0.62,0.14,-0.02,-0.14,0.08,0.03
0.0,-0.49,0.45,0.04,-0.12,-0.12,0.03
7.316590522539568,0.62,0.5,-0.12,-0.2,-0.04,0.03
3.4095608913446096,0.19,0.59,-0.39,-0.06,-0.1,0.03
-2.197627349981135,-0.14,0.23,-0.15,0.35,0.01,0.03
0.7489657746574174,-0.75,0.09,0.05,0.07,-0.27,0.03
11.152322871836585,0.47,-0.32,0.07,0.66,-0.56,0.03
0.0,-1.52,0.5,0.54,-0.16,0.09,0.03
-5.685797590007158,-2.75,-0.34,0.83,0.07,0.81,0.03
3.900457858326356,1.14,-0.36,-0.21,-0.39,0.19,0.03
4.095885188101445,0.05,0.9,-0.45,-0.05,-0.26,0.03
6.885460501325125,1.76,-0.37,-0.66,-0.17,-0.27,0.03
0.613390671174785,0.22,0.51,-0.23,0.01,-0.07,0.03
-0.30481494402466724,0.57,-0.06,-0.26,-0.11,0.13,0.03
2.1404840030410766,-1.15,0.98,0.65,-0.31,0.39,0.03
2.6944526226943433,0.02,-0.03,0.44,-0.25,0.14,0.03
4.081875558112924,0.72,-0.09,0.27,0.21,-0.24,0.03
-1.4004855820686335,1.27,-0.25,-0.61,0.22,-0.41,0.03
-3.9774872320673893,0.51,0.01,0.33,-0.21,0.29,0.03
-0.8874949939535304,-0.71,0.53,0.31,0.01,0.22,0.03
0.8954419968493221,-0.36,0.74,-0.08,0.06,-0.27,0.03
6.509004287834674,1.5,-0.31,-0.55,0.1,-0.21,0.03
3.333100464331751,0.15,0.28,-0.42,-0.03,-0.1,0.03
-0.5376183490283237,0.87,-0.16,-0.89,0.5,-0.28,0.03
-1.8917315145516311,-0.21,0.52,-0.39,0.2,-0.02,0.03
-1.9282464177282854,-0.52,0.56,0.34,-0.22,0.17,0.03
-1.123578025072136,-0.07,-0.09,0.08,-0.16,0.28,0.03
3.1248469228562836,0.42,0.23,-0.02,-0.16,0.05,0.03
2.4791547735810715,-1.33,0.52,0.65,-0.6,0.52,0.03
0.8064368874318717,0.76,-0.46,-0.06,0.21,-0.26,0.03
2.66694967091472,1.64,-0.81,-0.44,0.29,-0.14,0.03
-2.8574119610725313,0.1,-0.07,0.5,0.04,0.17,0.03
-2.406289732159783,-0.99,0.6,0.45,-0.23,0.64,0.03
1.6437273700705246,1.54,-1.16,0.54,-0.29,0.49,0.03
0.8086011175316488,0.86,-0.21,-0.13,0.28,0.31,0.03
-3.2083769957297226,0.74,0.04,0.18,0.03,0.21,0.03
-1.3811333855901942,0.18,0.08,0.39,-0.28,0.43,0.03
-1.9606134652182416,0.01,0.34,0.16,-0.1,0.16,0.03
-3.14318776272563,-1.35,0.67,0.71,-0.25,0.28,0.03
2.949659123556847,0.89,-0.2,-0.42,0.14,-0.23,0.03
-1.4325934880734637,-0.5,0.92,0.12,-0.29,0.01,0.03
-1.4533745126829256,-0.34,0.18,0.17,0.06,-0.05,0.03
-2.3597170234357256,-0.43,-0.2,0.39,0.04,0.1,0.03
1.5104619132686237,0.2,-0.45,0.21,-0.16,0.22,0.03
0.0,-0.76,0.75,0.48,-0.67,0.61,0.03
0.8927980871366703,-0.21,-0.18,0.2,-0.21,0.26,0.03
1.4748090109589551,0.2,0.2,-0.24,-0.14,0.23,0.03
2.325948053263116,0.69,-0.32,-0.09,0.34,-0.2,0.03
1.1363457562785229,-0.21,0.59,-0.04,-0.36,-0.01,0.03
-4.775495255443996,1.23,-0.43,-0.24,0.09,0.34,0.03
1.7697749233146265,0.39,0.18,0.11,-0.06,0.37,0.03
0.0,-0.29,0.42,-0.19,0.06,0.07,0.03
-1.4491318132922482,-0.59,0.12,0.12,0.46,0.05,0.03
2.9415160683972763,-0.17,0.04,-0.15,0.21,-0.04,0.03
1.1427783195772534,0.96,-0.48,-0.35,0.37,-0.35,0.03
-4.520007002133464,-0.21,0.37,0.06,0.55,-0.58,0.03
-2.6625365109026022,-0.07,-0.46,0.29,0.45,0.01,0.04
-1.8236059982765118,-0.59,0.6,0.14,-0.1,0.35,0.04
-0.9292571992440379,-0.67,-0.23,0.67,-0.29,0.27,0.04
-0.9374291079918495,0.32,-0.24,0.29,-0.14,-0.01,0.04
-0.6308739921174977,0.58,-0.07,0.09,0.3,-0.06,0.04
5.714455380245864,1.28,-0.42,-0.41,0.16,-0.14,0.04
2.1019931931174574,0.44,0.13,-0.15,0.15,-0.22,0.04
3.5296512610134334,0.7,0.26,-0.19,-0.13,0.04,0.04
2.272622241283928,0.84,0.26,-0.24,-0.08,0.45,0.04
1.6665744221590728,0.49,0.21,-0.04,-0.39,-0.28,0.04
2.7320980404660355,0.6,0.04,-0.04,-0.12,0.31,0.04
-1.0638258449897853,-0.62,0.35,0.04,-0.03,0.07,0.04
8.870946220092769,1.12,-0.25,-0.19,-0.07,0.23,0.04
2.7163214262369006,-0.24,0.53,0.18,-0.23,0.01,0.04
-1.92298127242726,0.22,0.27,-0.02,-0.03,0.19,0.04
-4.656980890895335,-0.93,0.25,0.36,-0.02,0.19,0.04
2.8275474795746547,1.49,-0.86,-0.03,0.18,-0.15,0.04
-0.999900375715923,-0.11,0.22,-0.01,0.03,-0.01,0.04
1.0099993631427218,0.86,-0.19,-0.04,0.21,0.2,0.04
0.9999700430474823,0.75,0.0,-0.28,0.1,-0.07,0.04
-2.9701227076595837,-1.25,0.68,0.29,-0.01,0.2,0.03
-1.0203671782765156,0.01,-0.13,0.11,-0.1,-0.14,0.03
6.185657157842295,0.82,0.33,-0.17,-0.27,-0.31,0.03
6.553386545838125,0.83,0.49,-0.24,-0.63,0.03,0.03
0.45555013876299455,1.16,0.3,-0.3,-0.25,0.14,0.03
-1.360460770117644,0.01,0.5,-0.17,-0.15,0.22,0.03
0.6896483244379858,0.21,0.66,0.07,-0.31,0.15,0.03
-2.5116744109033307,-0.58,0.25,0.38,0.24,-0.25,0.03
-0.9366825411302293,-0.36,0.28,-0.07,0.03,-0.18,0.03
0.47279020831081375,0.43,0.43,-0.22,-0.25,-0.3,0.03
-2.588089325550502,-0.98,-0.28,0.06,0.34,-0.12,0.03
0.24152120073186456,0.34,0.26,-0.06,-0.14,0.04,0.03
1.2047551618754815,0.01,0.73,-0.39,-0.18,-0.28,0.03
3.0950322136209074,-0.67,0.23,-0.12,0.13,-0.13,0.03
5.080921925908011,-0.03,0.0,-0.13,-0.12,-0.06,0.03
1.0988062854288883,0.69,-0.73,-0.32,0.21,-0.18,0.03
5.217501863412455,1.24,0.12,-0.21,-0.22,0.03,0.03
-0.826399351576057,0.49,0.25,-0.09,-0.02,-0.1,0.03
-1.0415979518989982,-0.22,0.67,-0.05,-0.04,-0.14,0.03
0.0,-0.4,0.75,0.02,-0.02,-0.02,0.03
-2.7367256664749373,-1.19,0.3,0.27,0.02,-0.02,0.03
0.6493895230305524,0.01,-0.28,-0.29,0.24,0.18,0.03
0.6450648244789914,0.78,0.03,-0.47,0.13,-0.11,0.03
4.914593721381411,0.4,0.57,-0.54,-0.27,0.12,0.03
2.240152478755242,0.33,0.15,-0.4,0.35,-0.02,0.03
-3.3865769559943026,-0.94,0.85,-0.04,-0.02,0.1,0.03
-1.2370115333174447,-0.83,0.04,-0.18,0.11,0.1,0.03
-0.6262562194201404,0.23,0.04,-0.03,-0.05,0.01,0.03
-0.4201767381165178,0.65,0.38,-0.03,0.01,-0.02,0.03
-3.3756414730737427,1.16,-0.15,-0.13,0.16,-0.27,0.03
-2.183339855136146,0.42,0.23,-0.18,0.14,-0.12,0.03
-2.901579059701964,0.87,-0.12,-0.41,0.42,-0.41,0.03
5.287060920043096,1.05,-0.07,-0.38,0.45,-0.18,0.03
-1.9649602360170104,-0.04,0.11,-0.1,0.53,-0.11,0.03
-4.899871588865922,-0.12,0.05,-0.05,0.3,-0.08,0.03
0.702522103051817,0.69,-0.31,-0.36,0.3,-0.28,0.03
3.0234651739063034,0.23,0.09,-0.25,-0.44,-0.24,0.03
-3.1604373369927385,-0.22,0.12,-0.38,0.38,-0.06,0.03
-0.6992714569035274,0.16,0.24,-0.26,-0.24,0.12,0.03
-5.399117138767473,-1.15,-0.14,0.47,0.31,0.25,0.03
-6.947907762868688,-1.83,-0.53,0.81,0.1,0.4,0.03
4.800145279642454,0.42,-0.37,-0.36,-0.17,-0.13,0.03
-0.5088368387660358,0.82,0.21,-0.19,-0.29,-0.05,0.03
0.7671499361146195,0.56,0.23,-0.13,0.03,-0.13,0.04
-4.0606123029059304,-1.33,0.35,0.83,0.39,0.07,0.04
0.26452288705836047,0.94,-0.15,0.19,0.09,0.03,0.04
-1.3196397384708458,-0.43,0.61,-0.06,-0.18,0.08,0.04
-1.0694869400265983,-0.24,0.08,0.14,-0.04,0.02,0.04
2.703064016082246,0.46,-0.25,0.05,0.07,0.08,0.04
-2.3687724275292976,-1.42,0.38,0.56,0.24,-0.19,0.04
-0.5390486334311606,-0.25,-0.35,0.74,-0.09,0.23,0.04
-0.27094729790910765,0.28,0.0,0.05,-0.08,0.1,0.04
-3.5323860982751643,-1.01,0.37,0.5,-0.01,0.07,0.04
-0.28167098619084063,-0.43,-0.51,0.44,0.21,0.13,0.04
-1.1298664507380485,0.45,-0.17,0.0,-0.15,0.1,0.04
-5.714419076905742,2.35,-1.07,-0.71,-0.24,-0.04,0.04
5.1511565800612225,0.08,0.54,-0.52,-0.22,0.02,0.04
0.8650399367733819,-0.03,0.45,-0.14,-0.08,0.13,0.04
-1.4290401882284032,0.3,-0.24,0.11,-0.13,0.33,0.04
-9.275291729594482,0.32,0.08,0.4,-0.27,0.55,0.04
-7.348310545294789,-1.57,0.3,1.46,0.1,0.74,0.04
-6.2065337181054,-1.6,0.51,1.23,0.23,0.55,0.04
2.573354076370471,-1.45,-0.12,0.5,0.04,0.09,0.04
-1.0751911541111547,-0.51,-0.73,0.28,0.22,0.02,0.03
-0.36228818011376784,-0.05,-0.17,0.01,0.18,-0.14,0.03
1.4544345859104801,0.51,-0.72,0.57,0.05,0.0,0.03
-4.659151263511141,-1.2,0.05,0.58,0.23,0.22,0.03
1.8794824373118635,0.26,0.02,-0.08,0.1,0.01,0.03
0.36902361091717406,-1.54,0.1,0.86,0.21,0.35,0.03
1.1028788391822308,0.31,-1.05,0.46,-0.09,-0.02,0.03
-0.36354847940068824,0.79,-0.22,-0.14,0.06,0.16,0.03
-1.4598368010503848,0.1,0.22,-0.25,0.13,-0.22,0.03
-0.7406899478097029,0.54,-0.01,0.02,-0.08,-0.02,0.03
2.6117793564495395,0.83,-0.2,-0.36,0.21,-0.04,0.03
-1.454504253052391,-0.35,-0.12,0.69,0.22,0.26,0.03
-2.214507996261339,0.91,-0.57,0.71,-0.2,0.22,0.03
1.1326942943270968,-0.78,0.73,0.25,0.08,-0.1,0.03
0.746217102879565,0.13,-0.17,0.28,0.14,0.26,0.03
-0.37035142455932313,0.05,-0.12,0.67,-0.1,0.4,0.03
-5.204737618720435,-1.0,0.3,0.96,-0.13,0.33,0.03
-5.097744529344417,-0.91,0.1,0.54,-0.27,0.01,0.03
0.8263461176673426,-0.32,-0.3,0.27,0.16,-0.06,0.03
1.2294603368575574,0.65,-0.61,-0.26,-0.32,0.14,0.03
1.2145352457575864,-0.04,-0.42,-0.04,0.01,-0.04,0.03
5.199637201238438,0.19,-0.03,0.0,-0.18,0.12,0.03
13.308495444168432,1.01,-0.46,-0.48,-0.08,-0.06,0.03
-2.349400132390833,-0.02,0.35,-0.18,-0.01,-0.26,0.04
4.467696566924029,0.6,-0.02,-0.52,-0.21,-0.24,0.04
3.618200591231191,1.48,-0.49,-0.33,-0.15,0.05,0.04
-12.063314533849956,0.05,0.23,0.39,0.03,0.14,0.04
-8.303320281847737,-0.01,0.33,-0.06,-0.02,0.1,0.04
-3.5431267526516597,-0.16,0.43,0.44,-0.1,0.41,0.04
0.0,-0.84,0.57,0.32,-0.16,-0.01,0.04
4.489461075290202,-0.58,-0.13,0.43,0.14,0.02,0.04
-1.171785173217177,0.24,-0.21,0.02,-0.01,0.13,0.04
-4.742790850789991,-0.46,0.22,0.34,-0.02,-0.18,0.04
-2.49019187125874,0.85,-0.66,-0.38,0.09,-0.15,0.04
8.936368649859073,1.0,-0.07,-0.39,0.12,-0.28,0.04
0.390654020960568,0.72,-0.52,-0.03,-0.01,0.02,0.04
-1.9453710827056048,-0.39,0.24,0.17,0.08,0.01,0.04
3.17433549393753,0.71,-0.47,-0.27,0.12,0.26,0.04
-25.384436578582093,-0.15,0.02,0.17,0.06,0.26,0.04
2.5771297132306303,0.13,-0.04,-0.19,0.14,0.07,0.04
-5.527235942669484,-0.9,0.1,0.35,0.46,-0.08,0.04
-2.6593813975316793,-0.27,-0.06,0.03,0.21,0.12,0.04
-0.5463806859771547,-0.4,0.27,0.41,0.21,0.09,0.04
1.6481663552393,-0.68,0.2,0.19,0.21,0.01,0.04
0.0,-0.28,-0.41,0.21,0.12,0.01,0.04
-1.0809678022791203,0.26,-0.35,-0.18,-0.46,0.06,0.04
-1.6402365514584294,0.68,-0.55,-0.22,-0.25,-0.03,0.04
-1.1110905763932255,1.27,-0.97,-0.35,-0.03,0.36,0.04
-8.426373379496555,0.28,-0.01,-0.58,0.02,-0.2,0.04
-3.0673166503523364,0.72,-0.66,0.36,0.07,0.55,0.04
-1.8986555493518353,-1.16,0.82,0.29,0.24,0.07,0.04
9.031659552778981,-0.62,-0.11,0.83,0.3,0.47,0.04
8.876279388816211,-0.05,-0.38,0.35,-0.04,0.24,0.04
-1.0868512682266518,0.0,-0.09,0.3,-0.34,0.28,0.04
-7.692827396371971,0.1,-0.26,0.32,-0.27,0.41,0.04
-7.737624890445193,-1.58,0.25,1.63,0.22,0.72,0.04
10.96698306667767,-0.83,-0.52,0.34,-0.07,0.21,0.04
-5.232150270872305,0.18,-0.04,0.04,-0.21,0.05,0.04
-2.453829812992092,-0.72,0.28,0.46,-0.11,0.1,0.04
6.288822069962685,-0.15,-0.86,0.22,0.07,0.01,0.04
0.5917079878053677,0.26,-0.2,-0.1,-0.03,-0.08,0.04
-5.293810954379108,-0.56,0.28,-0.03,0.15,-0.3,0.04
4.968612508328385,-0.33,-0.03,0.18,0.03,-0.28,0.04
-1.1833644465687243,-0.79,0.3,0.37,-0.16,0.22,0.04
8.382707887549113,-0.1,-0.44,0.71,-0.11,0.22,0.04
1.6583861068270034,-0.03,-0.63,0.07,0.35,-0.12,0.03
2.173749864523322,0.77,-0.32,-0.31,0.06,0.01,0.03
-6.915397729262374,-0.6,0.68,0.02,-0.07,-0.11,0.03
-3.4283729475484748,-0.58,0.18,0.38,-0.12,0.29,0.03
-0.5916770703801033,-0.4,-0.14,0.33,-0.15,0.3,0.03
-14.881035935231923,-0.22,-0.13,0.1,0.15,0.05,0.03
7.693024414858596,1.06,-0.82,-0.08,-0.14,0.03,0.03
1.9479233569737353,0.34,0.26,-0.54,0.2,-0.01,0.03
1.9107264885203756,1.2,-0.11,-0.88,0.04,-0.37,0.03
-1.2499130523191737,0.38,0.45,-0.92,0.08,-0.32,0.03
0.0,-0.56,0.7,-0.07,-0.02,-0.12,0.03
1.2657336220690096,0.39,-0.14,0.12,-0.03,-0.19,0.03
2.49980433370105,0.06,0.35,0.04,-0.26,0.22,0.03
0.6097467079359875,-0.39,0.6,-0.26,-0.26,-0.24,0.03
4.242095418646641,0.51,-0.16,-0.15,0.01,0.03,0.03
0.0,0.39,-0.09,0.72,-0.26,0.21,0.03
-5.232150270872305,0.02,0.22,0.52,0.17,0.37,0.03
0.613390671174785,0.2,0.09,0.17,0.01,0.1,0.03
2.438870011857275,-0.36,0.19,0.21,0.15,0.18,0.03
-1.190387082367217,0.69,-0.17,-0.2,-0.28,0.46,0.03
-1.8070657833344828,-0.69,0.77,0.0,-0.27,-0.18,0.03
-0.6135188927554047,0.03,-0.02,0.27,0.09,0.26,0.03
-1.851671273330291,-0.65,0.26,0.41,0.04,0.35,0.03
2.5155573081831806,0.0,-0.29,0.34,-0.12,0.58,0.03
0.613390671174785,-0.19,0.12,-0.09,0.0,0.01,0.03
2.438870011857275,0.21,-0.16,-0.15,-0.05,-0.04,0.03
2.3807741647343006,-0.48,0.03,0.53,0.1,0.08,0.03
0.5813882841375406,0.0,0.03,0.08,0.22,0.27,0.03
-0.5780276988175514,0.12,-0.3,0.07,0.38,0.02,0.03
4.65091387777834,-0.38,0.16,0.29,-0.03,0.1,0.03
3.88963464318286,-0.97,0.34,0.45,0.23,-0.02,0.03
4.2778067591356495,-0.86,0.52,0.21,0.21,-0.1,0.03
1.5383768934964515,0.3,-0.33,-0.39,-0.05,-0.04,0.03
-3.030112442256172,-0.05,-0.24,-0.08,-0.05,0.06,0.03
-2.604026487658395,-0.24,-0.09,0.09,-0.04,-0.17,0.03
3.74305646558879,0.72,-0.56,-0.18,-0.01,0.01,0.03
2.061763023613783,-0.19,0.36,-0.22,0.36,0.01,0.03
-0.5050788489137981,-0.03,0.07,-0.1,0.0,-0.21,0.03
0.5076428455547122,0.66,-0.7,0.07,0.06,0.2,0.03
1.0099993631427218,0.21,-0.41,0.67,0.44,0.21,0.03
-2.4998206066212614,-0.17,0.3,-0.21,-0.05,-0.07,0.03
0.0,0.2,0.47,-0.28,-0.17,-0.17,0.03
5.127872365396269,-0.46,0.52,0.1,-0.03,-0.12,0.04
8.780848119323625,1.48,-0.64,-0.04,-0.36,-0.07,0.04
1.3452172651861494,1.26,-0.15,-0.38,-0.57,0.02,0.04
-1.7698485562041233,0.41,0.49,0.05,-0.43,0.05,0.04
-5.405044940835458,-0.16,0.32,0.47,0.0,0.1,0.04
5.237717678067444,-0.4,0.46,0.32,-0.02,0.28,0.04
1.3573594750246887,-0.11,0.1,0.23,-0.08,0.28,0.04
-0.44633696792699684,-0.06,0.25,0.52,-0.09,0.43,0.04
-2.2420105514557087,-0.38,0.23,0.48,-0.17,-0.01,0.04
2.2934294824422663,-0.02,-0.02,-0.15,0.47,0.06,0.04
2.6904189099255182,0.29,-0.19,-0.01,-0.17,-0.07,0.04
0.43660712621986786,-0.17,0.26,0.19,0.13,0.04,0.04
0.8695621883758831,-0.34,0.19,0.34,0.0,0.1,0.04
-1.2930276637967753,-0.62,0.17,0.49,0.15,0.13,0.04
0.8732598860452745,-0.92,-0.21,1.03,0.05,0.24,0.04
-5.627321915976491,0.33,-0.59,0.64,0.17,0.27,0.04
-0.9173765865840622,-0.59,0.35,0.66,0.21,0.28,0.04
2.314623348380773,-0.47,0.03,0.54,-0.26,0.14,0.04
-5.430320561252733,-0.23,-0.42,0.71,0.13,0.36,0.04
-5.262806136041842,-0.85,-0.45,1.19,0.14,0.44,0.04
0.0,0.05,-0.65,0.16,-0.16,-0.03,0.04
-0.5050788489137981,-0.49,-0.13,0.24,0.23,0.03,0.04
1.0151619167520387,0.3,-0.45,-0.16,-0.09,0.01,0.04
-1.507396158267016,-1.34,0.69,0.7,0.01,0.3,0.04
-5.101693713368061,-1.67,-0.1,1.06,0.18,0.11,0.04
3.7631401601160075,0.12,-1.0,-0.13,-0.05,-0.26,0.04
-3.626663721152934,-1.73,0.71,0.82,0.31,0.01,0.04
1.612771678952396,-0.51,-0.8,0.08,0.02,0.07,0.04
3.174394442558981,0.51,-0.08,-0.71,0.12,-0.08,0.04
-0.5128131384485757,-0.97,-0.23,0.4,0.19,-0.13,0.04
5.669760782053812,0.92,-0.53,-0.33,-0.32,0.27,0.04
-1.9511211654986815,-0.15,0.33,0.0,0.33,-0.1,0.04
0.994952062968224,-0.21,-0.1,0.25,0.05,0.29,0.04
-1.4777297246190146,-0.27,0.27,0.26,0.37,0.27,0.04
4.499717150633997,-0.75,0.1,0.3,0.2,0.22,0.04
4.785300286595207,-0.27,0.1,0.42,0.0,0.24,0.04
-1.8263679209344352,-0.19,-0.61,0.39,-0.01,0.27,0.04
0.930143976641129,2.04,-0.73,-1.17,-0.2,-0.44,0.04
-0.4607739757131579,1.17,-0.2,0.17,-0.15,0.36,0.04
-5.556020092171798,-1.45,0.88,0.87,0.05,0.23,0.04
2.941859484276832,0.2,0.2,0.03,-0.16,-0.13,0.04
2.8569663201843065,0.66,-0.23,0.02,-0.05,-0.24,0.03
0.9258703039748628,0.68,0.06,-0.22,-0.12,0.14,0.03
-1.8347691518590281,-0.78,0.4,0.42,-0.19,0.02,0.03
-3.7388974281636123,-1.0,0.78,0.06,-0.23,0.03,0.03
2.913333613468594,-1.1,0.12,0.66,-0.13,0.14,0.03
1.4149951730160426,0.31,-0.17,0.17,-0.18,0.06,0.03
-1.8603608606406308,-0.47,0.23,0.13,0.03,-0.05,0.03
3.7912361939323125,1.0,-1.02,-0.48,-0.23,0.16,0.03
-1.369777928917526,0.39,0.28,-0.75,-0.08,-0.36,0.03
-1.3888014243042313,-0.06,0.03,-0.29,0.05,0.08,0.03
0.46943450681331544,0.42,-0.04,-0.41,0.1,0.12,0.03
-0.4672411157857992,1.03,-0.38,-0.17,0.04,0.27,0.03
-1.4083689354556839,-0.93,0.21,0.48,0.08,0.16,0.03
-0.9531763560377771,0.53,-0.31,0.12,0.01,-0.24,0.03
0.0,-0.13,0.35,0.08,-0.33,0.15,0.03
-1.9229400486098558,-1.03,0.65,0.34,0.28,0.2,0.03
0.0,-0.1,-0.2,0.24,-0.17,0.28,0.03
0.9803210096035242,-0.07,-0.33,0.51,-0.05,0.13,0.03
-2.9124627704021244,0.25,-0.41,0.02,0.25,0.04,0.03
1.9999052524291683,1.37,-0.98,-0.45,-0.28,0.0,0.03
-0.49020746199288645,-0.11,0.35,0.03,-0.08,-0.04,0.03
-2.462854275266413,-0.15,0.3,0.02,0.31,0.07,0.03
0.5049556997144933,-0.69,0.36,0.38,0.18,0.02,0.04
0.502506229580546,-0.34,0.06,0.44,0.21,0.21,0.04
-1.9998530019304073,-0.08,-0.15,0.29,0.1,0.31,0.04
-1.5305374382259207,-1.53,0.68,0.51,0.57,0.17,0.04
-2.5904727973599884,-0.01,-0.76,0.32,0.16,0.06,0.04
0.0,-0.07,-0.34,0.19,0.11,0.32,0.04
5.318799851994616,0.19,-0.23,0.2,-0.12,0.17,0.04
-1.010052141370965,-0.59,0.22,0.53,0.22,0.03,0.04
5.101711485619842,1.36,-1.17,-0.34,0.05,0.07,0.04
0.0,-0.07,0.65,-0.5,0.37,-0.25,0.04
1.9424957804271115,0.46,-0.56,-0.16,-0.01,0.13,0.04
4.761610533640415,0.45,0.07,-0.15,-0.12,-0.14,0.04
1.8179954154278866,-0.58,0.57,-0.12,0.12,-0.18,0.04
0.8928760953057058,-0.01,0.01,-0.07,0.09,-0.2,0.04
0.4423870001539765,-0.7,0.26,0.1,0.16,0.24,0.04
-1.7619537168160782,0.53,-0.47,-0.01,0.17,0.37,0.04
-0.8968479578335686,0.28,-0.09,-0.41,0.42,0.12,0.04
7.692652027153479,0.97,-0.39,-0.15,0.23,0.0,0.04
1.2603938788500413,-0.1,0.36,0.06,0.22,-0.41,0.04
4.149083990478752,0.06,-0.03,0.03,0.2,-0.27,0.04
5.976504933675253,1.01,-0.44,-0.34,-0.05,-0.36,0.04
-0.7525407162156328,0.37,0.5,-0.61,0.0,-0.4,0.04
-4.166422291888194,-0.28,0.64,-0.12,0.09,0.02,0.04
-4.742790850789991,-1.03,0.57,0.66,0.26,0.25,0.04
3.31935969633268,0.13,-0.16,-0.21,0.06,0.01,0.04
5.622067693930477,0.63,-0.47,-0.01,0.12,-0.07,0.04
0.760388010397417,-0.21,0.04,0.13,0.38,-0.28,0.04
0.0,-0.11,0.21,-0.05,-0.06,0.03,0.04
-2.6413694046021674,-0.87,0.16,0.26,-0.02,0.17,0.04
-1.937832683577223,-0.65,0.1,-0.07,0.4,0.03,0.04
0.7905030044346395,0.23,-0.42,0.07,0.3,-0.12,0.04
-4.313523425683908,-0.08,0.06,-0.05,0.22,0.03,0.04
-4.508582759674162,-1.0,0.23,0.38,0.26,-0.11,0.04
2.146555526743388,-0.62,0.07,0.45,0.2,0.27,0.04
7.142400293186757,-0.62,-0.03,0.24,-0.02,-0.06,0.04
-3.1370961484661897,-0.71,-0.18,0.03,0.21,-0.04,0.04
-2.024147844961788,-0.45,-0.05,0.11,-0.1,0.15,0.04
-2.8931182349019924,-1.38,-0.2,-0.03,0.0,-0.12,0.04
0.4255568929891762,0.2,-0.44,0.25,-0.06,0.46,0.04
-0.4237535804184289,-0.85,0.12,0.42,0.26,0.19,0.04
-1.2764779817905803,-0.05,-0.29,-0.47,-0.11,-0.19,0.04
1.2929826202463968,0.27,0.11,-0.8,0.22,-0.4,0.04
3.404840538268439,1.65,-0.6,-0.54,-0.2,0.04,0.04
-2.4697111404990757,0.84,0.14,-0.82,0.04,-0.44,0.04
-5.906815659980424,-0.37,0.33,-0.28,0.17,-0.14,0.04
4.035628364888333,0.65,-0.32,-0.19,0.32,-0.27,0.04
-0.8620659885010262,0.0,0.35,-0.02,0.25,-0.18,0.04
-0.4347091550705118,0.13,0.04,-0.01,0.13,0.07,0.04
0.0,-1.17,0.6,0.58,0.54,0.13,0.04
1.7465958280997507,-0.46,0.07,0.22,0.24,0.07,0.04
2.146555526743388,-0.06,0.12,-0.37,0.09,-0.23,0.04
-2.9417532978743943,-1.02,0.56,0.1,0.0,0.01,0.04
0.4329254348726108,-0.6,0.31,-0.15,0.16,-0.47,0.04
2.155026086972134,1.36,-1.29,-0.27,-0.02,-0.04,0.04
-0.8438581044380666,0.53,-0.15,-0.44,0.24,-0.07,0.04
2.979313290998742,1.07,-1.32,-0.24,0.18,-0.1,0.04
-4.1326661994368745,-0.05,0.39,-0.62,0.06,-0.36,0.04
-1.2930276637967753,0.06,0.32,-0.35,0.0,-0.12,0.04
-4.803203174882064,-0.17,0.24,-0.08,0.3,-0.16,0.04
-4.587705835497713,-0.77,0.34,0.15,0.18,0.45,0.04
-2.8844184464115963,-0.69,0.17,0.62,0.09,0.37,0.04
4.456037658997625,0.64,-0.41,-0.19,0.09,-0.02,0.04
0.4739251601886263,0.26,0.19,0.19,0.12,-0.01,0.04
-3.302526240743542,-0.16,-0.21,0.36,0.28,0.01,0.04
-1.4633132620352707,0.32,-0.08,-0.13,0.15,-0.17,0.04
-1.9800703088436955,-0.52,0.33,0.21,0.4,0.16,0.04
1.5150166374568563,-0.37,-0.03,0.33,0.16,0.19,0.04
4.4782417762194715,0.53,-0.89,-0.06,0.1,-0.09,0.04
2.3808094136615887,-0.29,0.43,-0.12,0.31,-0.12,0.04
-1.395252418640891,-1.35,0.87,0.29,0.45,-0.35,0.04
0.4716568422282297,-0.41,-0.13,0.44,0.17,0.29,0.04
-0.9389180748884285,0.42,-0.15,0.36,0.09,0.12,0.04
-2.370352186279512,0.19,-0.66,0.31,0.45,0.05,0.04
0.0,0.36,-0.22,0.15,0.26,0.29,0.04
-1.4562525221687106,-0.58,0.1,0.52,0.03,0.12,0.04
0.0,-0.69,0.24,0.26,0.42,0.3,0.04
0.0,-0.6,-0.1,0.52,0.1,0.26,0.04
-0.9851502898361564,-0.65,-0.58,0.4,0.09,0.09,0.04
5.970700198500012,-0.7,-0.04,0.3,0.13,-0.01,0.04
0.46943450681331544,0.44,-0.78,-0.47,0.2,-0.52,0.04
1.869062127197929,0.76,-0.46,-1.0,-0.03,-0.76,0.04
-0.4587162560009239,0.79,-0.09,-1.25,-0.3,-1.06,0.04
-5.9911933732148315,-0.46,0.24,-0.05,-0.07,-0.24,0.04
0.0,0.25,-0.08,-0.99,0.25,-0.82,0.04
-1.9606932452337245,2.02,-0.75,-0.75,-0.17,-0.61,0.04
-3.4997819412523,2.43,-0.38,-1.56,-0.69,-0.88,0.04
13.471601015732926,2.82,-0.17,-1.94,-0.3,-1.33,0.04
6.848833974520008,0.39,0.75,-0.71,0.97,-0.77,0.04
1.2820071959901869,0.04,-0.1,-0.06,0.51,0.2,0.04
-3.797273283316316,-0.53,0.23,1.14,0.16,0.67,0.04
4.386497160178404,1.99,-1.11,-0.18,-0.14,-0.07,0.04
-4.202169130598787,0.21,0.45,0.16,-0.27,0.12,0.04
5.263640757427379,-0.13,-0.21,0.17,-0.01,0.1,0.04
-3.7505227746129854,-0.52,0.49,0.45,-0.01,0.27,0.04
-3.462951093427169,-0.81,0.49,0.21,-0.14,0.19,0.04
0.8967386147053613,0.52,-0.27,-0.04,-0.05,0.1,0.04
-2.222014596533217,0.08,-0.04,0.11,-0.28,0.02,0.04
-0.4545226040148176,0.29,-0.57,0.31,-0.05,0.42,0.04
4.109286069551632,1.52,-0.6,-0.24,-0.06,-0.14,0.04
-1.7543024724181566,-0.32,0.48,0.57,-0.1,0.1,0.04
0.4463991708352433,0.07,0.06,-0.1,0.07,-0.08,0.04
0.0,0.17,0.19,0.05,-0.07,0.1,0.04
-0.8887686827318886,-0.55,0.2,0.58,0.24,0.3,0.04
1.3452172651861494,0.48,-0.25,-0.08,-0.18,-0.03,0.04
-2.6547073286010248,-0.09,0.29,0.12,-0.14,0.2,0.04
-1.8180745826206102,-0.3,0.37,0.07,0.02,0.15,0.04
-1.8517244813171296,0.08,0.14,0.04,0.0,0.07,0.04
-0.9433547616753524,-0.9,0.35,0.4,0.14,0.29,0.05
0.0,-0.38,0.1,0.25,0.16,0.27,0.05
0.9523386940933465,0.69,-0.37,-0.01,0.22,0.0,0.05
0.0,-0.62,0.49,0.31,-0.03,0.18,0.05
-0.47168970400333077,-0.12,-0.31,0.15,0.24,0.07,0.05
1.8956263513450367,0.19,0.16,-0.03,0.1,-0.1,0.05
-2.7913797255816553,-0.03,-0.07,0.54,0.05,0.31,0.05
5.263747814244102,1.57,-1.1,-0.46,0.24,-0.25,0.05
1.3635440618866124,0.6,0.14,-0.13,0.09,-0.34,0.05
2.6904189099255182,0.04,-0.18,0.11,0.02,0.02,0.05
-3.4932829234104568,-0.61,0.44,0.66,-0.07,0.27,0.05
-2.262260537772287,-0.42,0.33,0.89,0.21,0.38,0.05
0.46290693038011366,0.25,-0.27,0.41,-0.08,0.11,0.05
-0.9215720299144747,-0.83,0.94,0.15,-0.34,0.14,0.05
-0.9301763799115292,-0.34,-0.17,0.46,0.04,0.36,0.05
-1.878678368104747,0.04,-0.5,0.46,0.35,0.14,0.05
-1.4353009157694774,0.26,-0.27,0.37,0.2,0.14,0.05
0.0,0.28,-0.21,0.41,0.03,0.12,0.05
-2.4270565360619667,-0.45,0.42,0.31,-0.16,0.27,0.05
-2.4873844899673037,-0.84,0.1,0.73,0.17,0.52,0.04
1.0203582921504806,-0.7,0.23,0.53,0.12,0.28,0.04
1.5150166374568563,-0.67,0.14,0.16,-0.04,-0.23,0.04
0.994952062968224,0.16,-0.13,-0.07,-0.03,-0.01,0.04
-1.9703348985905311,-0.11,0.31,0.09,-0.15,0.04,0.04
0.0,-0.4,0.06,0.26,-0.04,0.13,0.04
-1.0049599461006142,-0.23,-0.05,0.19,-0.04,0.13,0.04
-3.045494591281661,0.14,-0.47,-0.15,0.03,-0.21,0.04
-0.5234701678722642,0.41,-0.02,0.09,-0.12,0.02,0.04
-4.210201717366857,0.79,-0.34,-0.16,0.03,-0.2,0.04
5.494082433103076,0.78,-0.54,-0.29,0.07,-0.34,0.04
-0.5208615392207627,-0.42,0.47,-0.16,0.03,-0.17,0.04
4.1882081610501,-0.3,0.35,-0.56,-0.09,-0.61,0.04
3.0149323513624315,1.93,-1.37,-0.98,0.13,-1.02,0.04
0.0,0.11,0.44,-0.41,0.06,-0.15,0.04
-0.9755818228176061,-0.38,0.2,-0.18,-0.04,-0.33,0.04
2.462922913103105,-0.16,0.05,0.04,0.38,0.0,0.04
0.9623492414699841,-0.01,-0.21,0.12,0.02,0.12,0.04
-3.8101012078089913,-0.57,0.14,0.76,0.36,0.65,0.04
-2.4751482414339,-0.66,0.07,0.55,0.35,0.52,0.04
0.5076428455547122,-0.34,-0.12,-0.06,0.01,-0.01,0.04
1.0099993631427218,1.01,-0.88,-0.09,-0.05,-0.16,0.04
-0.49999372994008473,-0.34,0.18,0.15,0.04,-0.05,0.04
0.502506229580546,0.68,-0.48,0.24,0.06,0.13,0.03
-0.49999372994008473,0.08,0.09,0.26,-0.09,0.08,0.03
-0.5024187078129683,0.63,-0.41,0.32,-0.03,0.35,0.03
6.061104521651606,0.94,-0.44,-0.08,-0.2,-0.04,0.03
-1.9054818754006386,-0.67,0.29,0.42,-0.13,0.28,0.03
-3.8832414199342136,-0.21,0.16,0.14,-0.16,0.27,0.03
-6.060216088140957,-0.46,0.61,0.11,-0.11,0.17,0.03
3.7631401601160075,-0.21,-0.08,-0.04,0.11,0.0,0.03
-2.5904727973599884,-0.76,0.37,0.25,0.32,0.14,0.03
1.0637562647058507,-0.1,-0.18,0.05,0.42,0.11,0.03
0.0,-0.13,-0.25,0.37,0.39,0.02,0.03
-2.1051100254045885,-0.89,0.41,0.22,0.17,0.02,0.03
-5.91456675523927,-0.73,-0.19,0.29,0.09,0.24,0.03
3.4283530425746944,0.43,-0.64,0.17,-0.02,-0.03,0.03
2.2107997796812384,0.2,-0.25,0.28,-0.21,0.17,0.03
2.7025418936216905,1.27,-0.56,-0.51,-0.08,-0.41,0.03
1.0525687627841673,-0.62,0.44,-0.02,0.06,-0.41,0.03
2.6039357752567938,0.46,-0.52,0.08,0.07,-0.03,0.03
5.075836106836729,-0.7,0.4,0.43,-0.01,0.15,0.03
-1.9322545979698624,-0.67,0.23,0.6,0.16,0.43,0.03
-2.462854275266413,-0.27,-0.12,0.36,0.04,0.33,0.03
-1.5150694156851219,-0.48,-0.03,0.34,0.31,0.19,0.03
2.0511007150177507,0.18,-0.25,0.1,0.31,-0.07,0.03
5.024834739209982,-0.72,-0.1,0.79,0.11,0.41,0.03
4.785300286595207,0.25,-0.39,-0.23,0.14,-0.28,0.03
-0.4565899920169092,-0.21,0.15,0.19,0.03,0.19,0.03
-1.8347691518590281,0.23,-0.31,0.01,0.2,-0.24,0.03
-1.4017721793848081,0.17,-0.1,-0.25,0.01,-0.23,0.03
-3.318144726004957,-0.22,0.26,-0.12,0.2,-0.22,0.03
0.9803210096035242,-0.4,0.33,0.0,0.08,0.07,0.03
2.427902014767258,0.47,-0.24,-0.26,0.15,-0.26,0.03
2.369526748397166,0.46,-0.64,0.18,0.41,0.02,0.03
6.018136817546038,2.4,-1.07,-1.15,-0.07,-0.8,0.03
-3.929890049630347,-0.26,0.85,-0.59,-0.16,-0.64,0.03
-0.4545226040148176,-0.43,0.33,0.54,0.17,0.23,0.03
-1.369777928917526,-0.37,0.17,0.19,0.14,0.12,0.03
1.8517406079498144,0.68,-0.06,-0.05,-0.47,-0.15,0.03
0.45446718697985666,-0.14,0.12,0.03,0.02,-0.12,0.03
0.45246629318016485,-0.44,0.23,0.3,-0.11,0.2,0.03
3.603371139295608,0.23,-0.08,-0.04,-0.09,-0.02,0.03
1.3042940610624276,0.46,0.22,-0.03,-0.33,0.19,0.03
-4.29157119480551,-0.93,0.74,0.25,-0.11,0.26,0.03
1.793555331645158,-0.33,0.39,-0.04,-0.27,0.09,0.03
0.0,-0.43,0.43,-0.03,-0.14,-0.1,0.03
-0.44043855723312486,0.25,-0.15,0.15,0.05,0.4,0.03
-0.8849743707001312,-0.05,0.22,0.17,0.2,0.34,0.03
2.678426126465472,0.63,-0.11,-0.14,0.04,-0.27,0.03
4.348363737202354,1.69,-0.71,-0.68,-0.06,-0.58,0.03
-0.8332825949563305,-0.05,0.43,-0.3,-0.05,-0.31,0.03
2.9409849122731258,1.41,-0.24,-0.89,0.04,-0.43,0.03
-2.040684159267536,0.26,0.48,-0.19,-0.11,-0.08,0.03
0.8332680809986392,0.4,0.4,-0.07,-0.16,0.23,0.03
-7.025107915543394,-0.12,0.67,-0.19,-0.04,-0.11,0.03
1.7777386264879125,0.31,0.25,0.02,-0.05,-0.15,0.03
2.183225771122399,1.96,-0.85,-0.91,0.14,-0.23,0.03
2.99202992722134,0.18,0.23,-0.14,0.27,-0.43,0.03
-1.6603447203045851,0.99,-0.21,-0.7,-0.06,-0.34,0.03
-2.1095644233279365,-0.15,0.54,-0.35,0.1,-0.53,0.03
2.155026086972134,0.4,0.09,-0.33,-0.35,-0.51,0.03
2.1103140098979845,0.17,0.42,-0.59,0.08,-0.23,0.03
-1.2395839495772054,0.83,-0.38,-0.26,-0.02,-0.25,0.03
0.0,0.24,0.43,-0.04,0.03,-0.28,0.03
-2.929394554578002,0.04,0.1,0.47,-0.35,0.35,0.03
-1.2930276637967753,-0.45,0.28,0.36,-0.07,0.43,0.03
2.183225771122399,0.97,-0.43,-0.46,-0.02,-0.21,0.03
0.8547061984657711,0.3,0.41,-0.08,-0.24,-0.08,0.03
1.6955383033562033,0.08,0.59,-0.22,-0.03,-0.18,0.03
-0.41664492596757974,0.79,0.05,-0.4,0.1,-0.26,0.03
0.0,0.24,0.23,0.16,0.13,0.36,0.03
2.0918604334248414,-0.78,0.57,0.36,-0.1,0.27,0.03
-2.4588064653363717,-0.05,0.1,0.4,0.06,0.34,0.03
-4.622322377423038,1.35,-0.68,-0.17,0.15,0.2,0.03
-2.64299962872242,-0.31,0.46,0.05,0.32,0.05,0.03
1.3573594750246887,-0.42,0.25,0.08,0.05,-0.16,0.03
-1.3391819617786571,-0.14,-0.11,0.12,0.1,-0.04,0.03
-4.524576241866796,0.02,0.22,-0.3,-0.23,-0.45,0.03
1.8956263513450367,-0.55,0.2,0.21,0.14,-0.02,0.03
2.790472434011293,-0.39,0.0,0.29,0.11,0.33,0.03
-1.3573358323151985,-0.25,-0.57,0.23,0.39,0.29,0.03
-1.8347691518590281,0.83,-0.78,-0.85,0.35,0.05,0.03
-6.0752088098186885,-0.19,0.17,0.12,0.12,0.31,0.03
-1.4924064317178631,0.19,-0.08,-0.29,0.18,-0.07,0.03
0.5049556997144933,1.04,-0.22,-0.34,0.24,0.13,0.03
1.5075011843882713,-0.53,0.45,0.17,0.34,0.01,0.03
2.4750533972663913,0.05,-0.06,0.3,0.3,0.36,0.03
-4.830640701898226,-0.78,0.49,0.6,0.22,0.07,0.03
-10.152467905972262,-0.58,0.23,0.68,-0.05,0.58,0.03
-2.8247680286352495,-0.27,0.05,0.21,-0.05,0.13,0.03
3.4881474355729525,-0.22,-0.24,0.14,0.29,0.08,0.03
3.3716628577847407,0.32,-0.51,0.32,0.21,0.21,0.03
-5.4354016804304734,-0.86,0.07,0.82,0.21,0.37,0.03
0.0,-0.15,0.09,0.1,0.14,0.05,0.03
4.022720372872546,-0.46,0.55,-0.08,-0.09,-0.29,0.03
1.105933943610915,-0.12,-0.48,0.18,0.11,0.28,0.03
-3.825883020722176,1.21,-0.99,-0.73,-0.21,-0.16,0.03
1.1362520821062372,-0.21,0.01,0.23,-0.07,0.14,0.03
1.685327513617385,0.14,-0.1,0.1,-0.09,0.17,0.03
-1.657394980009963,-0.21,-0.05,0.22,-0.09,0.09,0.03
-2.8087846033237995,-0.57,-0.15,0.82,0.35,0.67,0.03
4.0460026084990774,0.16,-0.26,0.12,0.12,-0.01,0.03
-2.777615166465175,0.57,-0.19,-0.17,-0.31,-0.15,0.03
0.0,0.1,0.13,0.11,-0.02,0.01,0.03
1.1428341099589678,0.56,-0.21,0.2,-0.29,0.13,0.03
-2.2598026148702433,0.28,-0.19,0.01,0.11,-0.34,0.03
-2.889997548554424,-0.36,0.28,0.24,0.14,-0.02,0.03
0.0,-0.74,0.24,0.55,0.2,0.43,0.03
-0.5952090919062458,-0.09,-0.08,0.11,0.07,0.23,0.03
-5.987636571993282,-0.45,0.28,0.55,0.25,0.33,0.03
0.0,0.04,-0.16,0.17,0.14,0.08,0.03
7.00589728343346,0.59,-0.14,-0.24,-0.04,-0.37,0.03
1.7855961742733184,0.43,-0.12,-0.06,-0.02,-0.07,0.03
-2.3390394669430936,0.15,-0.11,0.0,-0.1,-0.17,0.03
2.3950608863317013,0.2,-0.11,0.11,0.1,0.03,0.03
1.169524826111834,0.15,-0.05,-0.12,0.31,-0.19,0.03
4.623990037164272,0.21,0.04,-0.01,0.11,0.12,0.03
1.105933943610915,-0.46,0.38,0.39,0.21,0.08,0.03
-1.6402365514584294,0.09,-0.18,0.16,0.13,0.34,0.03
-3.8886670386783173,-0.29,0.01,0.21,0.21,0.02,0.03
2.31205039004152,0.54,-0.48,-0.09,-0.12,-0.26,0.03
-0.564985093828041,0.14,-0.15,0.12,-0.13,-0.1,0.03
0.0,0.49,-0.4,0.24,-0.12,0.12,0.03
-0.5681458329375166,-0.53,0.48,0.02,0.04,-0.06,0.03
-3.4283729475484748,-0.82,0.27,0.81,0.11,0.56,0.03
0.5917079878053677,-0.52,0.02,0.44,0.0,-0.06,0.03
-1.7646309719577258,-0.67,0.46,0.56,0.07,-0.02,0.03
-7.783934844048179,0.14,-0.51,0.28,-0.38,0.09,0.03
3.8958693330518823,0.58,-0.39,-0.22,-0.13,-0.34,0.03
-1.2499130523191737,0.04,-0.04,0.15,0.18,0.13,0.03
1.2657336220690096,0.4,-0.22,-0.18,0.14,-0.2,0.03
-0.6249238697536241,-0.01,0.12,-0.19,-0.08,-0.26,0.03
0.6288537267982175,0.73,-0.11,-0.31,-0.14,-0.24,0.03
1.2498912813818652,1.3,-0.25,-0.78,-0.11,-0.83,0.03
-1.234461850342461,0.15,-0.05,-0.24,0.06,0.03,0.03
-1.2499130523191737,-0.31,0.19,0.44,0.0,0.2,0.03
1.2657336220690096,0.29,-0.15,0.01,0.23,0.21,0.03
6.874510902286701,0.54,-0.25,0.07,0.1,-0.22,0.03
1.754302517088413,0.91,-0.27,-0.34,0.09,-0.41,0.03
-1.7240573358495603,1.17,-0.47,-0.45,0.23,-0.5,0.03
-2.9237764167978963,-0.05,-0.07,-0.06,0.3,0.21,0.03
-0.6023587584596091,-0.57,0.18,-0.06,0.03,0.23,0.03
-4.242148196782325,-0.47,0.23,0.19,0.22,0.18,0.03
-8.228414961415787,0.31,-0.17,-0.1,0.09,0.24,0.03
-6.896150577608562,-0.17,-0.05,0.25,-0.09,0.06,0.03
1.4814637541272546,-0.08,0.13,-0.2,0.16,-0.3,0.03
2.9194638380815485,-0.02,-0.03,0.22,0.29,0.31,0.03
-1.4183213615401091,0.75,-0.54,0.03,0.0,0.04,0.03
-7.913212258237912,0.05,0.07,-0.17,0.19,-0.29,0.03
7.8119632755187185,0.37,-0.24,-0.28,0.34,-0.14,0.03
-2.1737795641346036,0.13,0.2,0.02,0.12,-0.02,0.03
0.740696398464169,0.36,-0.37,-0.27,0.34,-0.14,0.03
-3.6761944961968163,-0.61,0.47,0.2,-0.04,0.18,0.03
-1.5266291085854755,-0.12,-0.29,0.35,0.2,0.12,0.03
0.0,-0.22,0.22,0.38,0.24,0.12,0.03
-2.3254141987087307,-0.61,0.41,0.76,-0.12,0.65,0.03
-5.55658419938132,-1.11,0.45,0.65,0.01,0.29,0.03
-0.8402614784302154,0.74,-0.56,0.03,0.14,-0.15,0.03
0.8473817004342354,-0.26,0.14,0.1,0.14,-0.15,0.03
2.5208576154126083,0.37,-0.25,0.29,0.04,0.18,0.03
2.458865791834186,-0.22,0.32,-0.04,-0.13,-0.28,0.03
0.8013943011001556,-0.07,-0.09,0.16,-0.14,0.07,0.03
2.380777128084821,1.06,-0.8,-0.04,0.04,-0.03,0.03
6.976242596126547,0.03,0.19,-0.59,0.1,-0.55,0.03
1.4491590308868707,0.35,0.21,-0.58,-0.11,-0.53,0.03
3.5712424070481363,0.16,-0.02,-0.34,0.1,-0.35,0.03
1.3792457306215367,0.59,-0.09,-0.3,0.04,-0.18,0.03
-2.040775341432599,0.29,0.22,0.03,0.17,0.18,0.03
0.6944664926796795,0.27,-0.04,-0.11,0.19,-0.23,0.03
-4.827306004906873,-0.12,0.32,0.14,0.18,0.01,0.03
1.4491590308868707,-0.2,0.29,0.14,0.05,0.1,0.03
0.7142820709732822,0.53,-0.02,0.07,-0.16,0.11,0.03
0.0,-0.31,0.16,0.27,0.15,0.44,0.03
0.0,-0.37,0.2,0.58,0.06,0.35,0.03
2.1274573376131256,0.59,-0.1,-0.13,-0.06,-0.23,0.03
0.0,0.34,0.27,-0.3,-0.01,-0.08,0.03
-0.6943334473289986,0.21,0.14,0.03,-0.25,-0.06,0.03
-0.6992855812671173,-0.15,0.36,0.05,0.0,-0.3,0.03
-1.408377112012238,0.98,-0.16,-0.56,0.01,-0.49,0.03
0.7142820709732822,0.37,0.17,-0.53,-0.03,-0.64,0.03
-2.1275438040527783,-0.57,0.41,0.02,-0.06,0.08,0.03
0.7246394645422649,0.3,0.33,0.04,-0.15,0.46,0.03
-2.877567042269913,-0.45,0.11,-0.55,0.14,-0.15,0.03
-2.2220440408112663,-0.84,0.68,-1.16,0.24,-0.36,0.03
-1.5150844431279786,-0.62,0.22,0.31,0.1,0.53,0.03
2.3075885802832374,0.08,-0.05,0.03,-0.24,-0.07,0.03
0.0,0.11,-0.11,-0.03,-0.1,-0.03,0.03
-3.7591940422698755,-1.39,0.38,0.22,-0.11,0.3,0.03
1.5623872123837312,0.05,-0.32,0.3,0.05,0.14,0.03
-2.3075684840636934,0.49,-0.28,-0.45,-0.16,0.02,0.03
0.0,0.7,-0.08,-0.45,-0.06,-0.14,0.02
-0.7872760436769655,-0.23,0.43,0.07,-0.17,-0.1,0.02
-2.3821663156031514,-0.53,-0.28,0.05,0.27,0.16,0.02
-0.8130008773584718,-1.2,0.26,0.1,0.05,0.19,0.02
-2.4588729299057643,-0.29,-0.3,0.46,0.0,0.5,0.02
1.6805522289092156,0.7,-0.39,0.37,-0.27,0.12,0.02
0.8264170169057117,-0.23,0.19,-0.13,-0.02,-0.22,0.02
-1.6392724135090964,-0.34,-0.11,0.12,0.02,0.2,0.02
1.6665924030174084,-0.19,-0.02,0.38,0.04,0.26,0.02
-4.098152481486251,0.09,0.06,0.18,0.02,0.17,0.02
-0.8546019950488537,-0.06,0.2,0.34,-0.03,0.18,0.02
0.8619683941418765,-0.56,0.01,-0.05,0.02,-0.1,0.02
2.5639548471706686,0.11,-0.26,0.32,0.14,0.18,0.02
1.6665924030174084,0.67,-0.51,-0.06,-0.02,0.0,0.02
0.0,0.48,-0.08,-0.08,-0.09,-0.02,0.02
-2.4588729299057643,-0.76,0.49,0.34,0.07,-0.01,0.02
-0.8402614784302154,-0.12,0.17,0.15,0.01,0.18,0.02
2.5421746213974528,0.12,-0.23,-0.03,0.07,-0.11,0.02
0.8264170169057117,0.34,-0.16,-0.21,-0.04,0.09,0.02
0.0,0.31,-0.16,0.01,-0.17,-0.07,0.02
-2.4588729299057643,0.07,0.06,0.17,0.07,0.09,0.02
0.8402614784302154,-0.05,0.36,0.3,-0.08,0.44,0.02
-1.66651983267605,-0.42,-0.13,0.09,0.37,-0.15,0.03
0.8473817004342354,-0.33,0.0,0.25,0.1,0.12,0.03
0.0,-0.04,-0.06,0.05,0.1,-0.05,0.03
0.8402614784302154,0.4,-0.16,-0.48,0.06,-0.27,0.03
1.6665924030174084,0.08,-0.15,-0.16,0.2,-0.06,0.03
0.8196647590408723,-0.75,0.1,0.1,0.14,0.17,0.03
0.8128663566175698,-1.03,0.09,0.26,0.02,0.26,0.03
4.033519987004697,-0.79,0.05,-0.23,0.08,0.03,0.03
-2.3254141987087307,-0.6,-0.43,0.18,0.0,0.17,0.03
-3.1758001599156316,-0.14,-0.35,0.06,0.06,-0.07,0.03
0.0,-0.93,-0.35,0.57,-0.05,0.37,0.03
6.558424473420876,0.07,-0.37,0.05,-0.07,-0.2,0.03
4.615076679469632,0.86,0.09,-0.27,0.08,-0.3,0.03
-1.4704944468663217,-0.46,0.68,-0.03,-0.19,-0.2,0.03
0.746217102879565,0.91,-0.59,-0.36,0.07,0.12,0.03
-2.2220440408112663,-0.76,0.36,0.25,0.1,0.2,0.03
-3.7876913160750925,-1.0,0.43,0.42,0.06,0.4,0.03
0.0,0.07,-0.71,0.4,0.12,0.6,0.03
-0.7872760436769655,0.27,-0.34,0.15,0.13,0.37,0.03
0.0,1.36,-0.86,0.04,0.31,-0.03,0.03
-0.7950230318306217,-0.39,0.27,0.68,-0.08,0.6,0.03
-0.8000009474805059,0.11,-0.06,0.29,0.03,0.05,0.03
-3.2255925914039474,-0.53,0.39,0.47,-0.04,0.25,0.03
0.0,-0.68,0.14,0.18,0.18,0.07,0.03
0.8332889444745639,-0.13,-0.3,0.4,0.11,0.39,0.03
-0.8264026227820742,0.34,-0.07,-0.03,-0.05,0.03,0.03
5.83443047594403,0.24,0.03,-0.17,-0.02,-0.2,0.03
0.7873857551815133,0.78,-0.18,-0.58,-0.09,-0.38,0.03
3.9060292615597403,1.01,-0.5,-0.61,-0.05,-0.62,0.03
2.255441782185752,-0.12,0.26,-0.11,0.15,-0.11,0.03
5.88192015843112,0.84,-0.46,-0.34,0.11,0.06,0.03
1.3888725101999455,0.05,0.36,-0.27,-0.01,-0.46,0.03
-2.7395867971936827,-0.23,0.28,0.0,-0.06,-0.09,0.03
-2.816717427917881,-0.1,-0.23,0.22,0.41,0.01,0.03
4.347496023954989,0.51,-0.33,-0.26,-0.13,-0.35,0.03
0.0,0.46,-0.18,0.08,-0.19,-0.21,0.03
2.0832906227520986,-0.2,0.39,0.09,-0.11,-0.14,0.03
-2.040775341432599,-0.52,0.24,0.36,-0.09,0.18,0.03
0.0,0.07,-0.35,0.35,0.19,-0.04,0.03
-0.6943334473289986,0.71,-0.26,-0.21,0.13,-0.19,0.03
6.293284010829603,0.42,-0.16,-0.01,-0.02,-0.15,0.03
-1.9735749026201344,-0.06,0.19,0.11,0.2,0.26,0.03
0.0,0.73,-0.35,-0.22,0.06,0.06,0.03
0.671099125287089,-0.04,0.08,0.04,-0.08,-0.2,0.03
-0.6666254080050282,0.58,-0.33,-0.41,-0.18,-0.24,0.03
3.3566879226589075,0.29,0.08,-0.28,0.0,-0.36,0.03
1.9479233569737353,0.02,0.17,0.05,-0.05,-0.06,0.03
4.458295245786648,0.68,0.1,-0.01,-0.21,0.08,0.03
-2.4388381518882007,1.52,-0.96,-0.29,0.3,-0.25,0.03
-0.6249238697536241,0.5,0.26,-0.06,0.18,-0.23,0.03
-2.515633985639354,-0.46,0.2,-0.14,0.22,-0.16,0.03
3.225632828113545,0.84,-0.35,0.08,-0.11,0.1,0.03
-0.6249238697536241,-0.32,0.63,-0.11,-0.04,-0.34,0.03
0.0,0.19,-0.38,-0.47,0.19,-0.41,0.03
-3.144509620282221,0.05,0.54,0.03,0.16,0.08,0.03
-1.2997502963951302,0.1,-0.2,-0.08,0.01,0.12,0.03
0.0,1.08,-0.31,-0.16,0.02,-0.29,0.03
0.0,0.16,0.4,0.02,-0.21,-0.12,0.03
0.6578201059268096,-0.55,0.16,0.14,0.13,-0.05,0.03
1.3082830377411092,0.13,-0.05,-0.13,-0.02,0.23,0.03
3.225632828113545,0.81,-0.23,-0.62,-0.07,-0.2,0.03
0.6249347552222728,-0.02,0.44,-0.06,0.01,0.04,0.03
0.6210752113080531,-0.76,0.57,0.0,-0.03,-0.1,0.03
-0.6172416762629362,0.2,0.02,-0.01,0.01,0.0,0.03
1.8632256339241815,1.49,-0.4,-0.56,0.05,-0.15,0.03
-1.8291445439006848,-0.05,0.39,-0.29,0.02,-0.4,0.03
-1.863203998196039,-0.52,-0.07,0.1,-0.05,-0.13,0.03
-1.8986555493518353,0.57,-0.52,-0.47,0.26,-0.43,0.03
0.6451602754044661,0.1,-0.11,-0.46,0.22,-1.02,0.03
1.2819711262030076,0.88,-0.47,-0.24,0.16,-0.55,0.03
1.2657336220690096,0.23,0.22,-0.14,0.38,0.07,0.03
0.0,1.38,-0.45,-0.28,-0.04,0.36,0.03
4.374673912179827,0.77,-0.65,-0.13,0.46,0.19,0.03
-1.1974939408815222,-0.61,-0.03,0.87,0.04,0.19,0.03
7.878213396779699,-0.44,0.06,0.41,0.05,-0.02,0.03
1.123574506857672,0.03,0.08,-0.02,-0.11,0.25,0.03
-0.5555114220390123,0.39,0.32,-0.09,0.04,0.22,0.03
-2.2345167401450428,-1.02,0.62,-0.32,0.12,0.04,0.03
-0.5713822212756292,-0.57,0.28,0.2,-0.15,0.06,0.03
0.0,0.19,0.05,0.03,-0.18,-0.01,0.03
2.87338885436097,0.87,-0.27,-0.1,-0.2,-0.27,0.03
-0.5586827005688244,0.39,-0.27,-0.2,0.22,-0.11,0.03
-1.1234864439941705,0.31,0.2,0.27,-0.34,0.12,0.03
1.1362520821062372,-0.63,0.88,0.39,-0.4,0.33,0.03
0.5618215000979587,0.56,-0.09,0.21,-0.15,0.28,0.03
-0.5586827005688244,-0.04,0.04,0.11,-0.22,-0.02,0.03
3.3716628577847407,1.38,-0.49,0.06,-0.28,-0.01,0.03
-0.5434398325343759,-2.17,1.42,0.32,-0.08,0.13,0.03
-1.0938368308112456,-1.17,-0.78,-0.12,0.02,-0.2,0.03
0.5535106481662,-0.02,0.2,0.25,-0.27,0.03,0.03
1.09879351952884,0.28,-0.08,0.28,-0.13,0.2,0.03
1.0868796650687296,0.0,0.4,-0.03,-0.06,0.11,0.03
2.6879184641727782,0.79,-0.08,-0.2,-0.42,-0.53,0.03
2.6176791138631916,0.46,-0.01,-0.39,-0.11,-0.61,0.03
-2.04067215367173,-0.17,0.49,0.17,-0.28,-0.14,0.03
-0.5208615392207627,-0.39,0.18,0.09,0.07,0.22,0.03
0.5235887114423798,-0.67,0.33,-0.2,-0.15,-0.44,0.03
-2.604026487658395,-0.93,0.44,0.16,-0.14,0.12,0.03
-1.6041298015877725,0.24,-0.28,-0.23,0.31,-0.22,0.03
-1.6313323183040573,0.95,-0.24,-0.11,-0.14,-0.2,0.03
-2.2097605399120424,0.45,-0.39,-0.18,-0.13,-0.45,0.03
0.5648473333859982,0.98,-0.59,0.05,-0.05,-0.49,0.03
6.180457245871063,0.24,-0.68,-0.28,0.15,-0.39,0.03
-2.6453025923426576,-0.34,0.63,0.09,0.31,0.29,0.03
0.54340197007825,0.93,-0.42,0.0,0.2,0.0,0.03
3.2429881369384628,0.93,-0.54,-0.58,0.41,-0.26,0.03
-0.5234701678722642,-0.25,0.11,-0.29,0.11,-0.39,0.03
0.0,0.07,-0.03,-0.57,-0.09,-0.47,0.03
1.5788118939307871,0.26,0.19,-0.08,0.17,-0.08,0.03
-0.5180638770377999,0.49,0.09,-0.33,0.05,0.02,0.03
-0.5208615392207627,0.66,-0.37,-0.12,0.16,-0.22,0.03
0.0,0.03,0.17,-0.03,0.36,-0.19,0.03
0.5235887114423798,0.14,0.17,0.3,-0.16,0.11,0.03
-0.5208615392207627,0.57,-0.23,0.04,0.11,0.02,0.03
-0.5234701678722642,0.89,-0.41,0.14,-0.05,-0.07,0.03
0.526224797704189,1.13,-0.5,-0.07,0.12,-0.54,0.03
4.711760397547726,-0.92,0.81,-0.05,0.21,-0.26,0.03
0.499967604690843,0.83,-0.54,-0.17,-0.18,0.15,0.03
0.4975150244061366,1.01,-0.09,0.17,-0.05,-0.05,0.03
1.9800616866466392,-0.12,0.04,0.36,0.07,0.19,0.03
2.427902014767258,-0.23,0.19,0.34,0.14,0.59,0.03
-1.4225596465540558,0.1,0.06,0.19,-0.14,0.13,0.03
-1.4422092232057926,1.14,-0.22,0.16,-0.11,0.04,0.03
-2.4388950848528657,0.19,0.39,-0.01,-0.04,0.11,0.03
-1.4999289393217818,-0.39,0.67,0.01,0.02,0.16,0.03
0.0,-0.14,0.72,0.15,-0.15,-0.43,0.03
2.537966679058812,-0.2,-0.29,0.11,0.01,0.5,0.03
0.49497446622563945,0.41,0.2,0.0,-0.09,0.18,0.03
-2.462854275266413,0.14,0.16,-0.22,0.05,0.19,0.03
-0.5050788489137981,0.43,-0.09,-0.21,-0.01,-0.22,0.03
1.0151619167520387,1.86,-1.1,0.03,0.13,0.09,0.03
-0.5024187078129683,0.44,0.09,0.24,0.1,0.13,0.03
0.0,0.2,-0.14,-0.34,0.1,-0.16,0.03
5.555163628341342,1.03,-0.82,-0.18,0.12,0.3,0.03
-0.4784308607779564,-0.75,0.0,-0.32,0.4,0.03,0.03
3.36607035646479,0.47,0.03,-0.15,-0.07,0.3,0.03
-1.395252418640891,-0.17,0.17,-0.06,0.14,0.15,0.03
6.6033436691830705,0.39,-0.1,0.03,0.12,0.12,0.03
-2.212304915340013,-0.83,1.73,0.69,-0.28,0.39,0.03
-3.16720100503578,0.4,-1.29,-0.27,0.49,-0.19,0.03
4.20535723151052,-0.25,-0.08,0.21,0.05,0.12,0.03
1.3452172651861494,0.99,-0.61,0.04,-0.26,0.12,0.03
0.0,0.72,-0.08,0.04,-0.18,-0.24,0.03
0.0,0.07,0.21,-0.16,0.27,-0.75,0.03
-3.5396123403192314,-1.21,0.92,0.34,0.7,0.13,0.02
0.0,0.09,-0.25,-0.09,0.14,-0.24,0.02
-0.9173765865840622,-1.02,0.82,0.02,-0.18,-0.29,0.02
-0.9258864306077141,-1.46,0.81,0.26,0.07,0.07,0.02
1.869062127197929,-0.32,-0.51,0.13,0.02,0.16,0.02
1.3760129491310558,1.9,-0.87,-0.6,-0.21,-0.2,0.02
-1.8098257682047647,0.21,0.08,-0.26,0.01,0.33,0.02
0.4608301588521435,0.97,-0.37,-0.43,0.12,-0.04,0.02
-0.9173765865840622,-0.08,0.35,-0.14,-0.04,-0.25,0.02
-0.46293112032926853,0.53,0.02,-0.57,0.1,-0.28,0.02
1.8603446590053307,0.14,-0.08,0.16,0.15,0.21,0.02
3.1961538027189373,1.76,-0.57,-0.55,-0.15,0.09,0.02
2.6546996220475627,0.33,0.35,-0.19,0.03,0.28,0.02
2.5867910389159254,-0.11,0.45,-0.11,0.45,-0.15,0.02
2.1007150084149773,0.76,-0.34,-0.28,0.58,-0.02,0.02
-1.6459986566874973,-0.78,0.75,0.1,0.34,0.0,0.02
-0.8374976844473747,-0.42,0.03,0.03,0.3,0.33,0.02
5.907513804334852,0.18,0.27,-0.51,0.03,-0.17,0.02
2.788660006275645,0.0,0.16,-0.44,0.18,-0.41,0.02
-0.7751303731456716,0.18,-0.24,-0.18,0.21,-0.14,0.02
-2.3435499360884293,-0.97,0.37,-0.09,0.15,0.25,0.02
-3.1998201472304033,-1.89,0.62,0.52,-0.04,0.21,0.02
0.0,-0.2,-0.23,0.25,0.0,0.14,0.02
0.8263461176673426,-0.06,0.19,0.19,-0.19,0.24,0.02
5.327592458820707,1.11,-0.63,0.11,-0.2,-0.08,0.02
1.5563592143264637,-0.12,0.19,0.03,-0.12,-0.12,0.02
-3.4480660040617894,-0.42,0.23,0.21,0.07,0.27,0.02
4.761537798041471,0.5,0.15,0.19,0.09,0.39,0.02
1.1370040987010333,0.3,0.1,0.03,-0.04,0.03,0.02
8.98813723848544,-0.17,-0.15,0.3,0.11,0.1,0.02
-1.0309217264751536,-0.4,0.12,-0.16,0.39,0.08,0.02
2.4310590742523175,0.38,-0.27,-0.4,0.43,0.08,0.02
-2.373361259976847,-1.09,0.71,0.29,-0.1,0.12,0.02
0.0,-0.57,0.51,0.08,0.22,-0.07,0.02
-1.0415697174268046,0.06,-0.4,0.08,0.05,0.08,0.02
-0.7016904224063758,1.01,-0.89,-0.47,0.0,0.07,0.02
4.593996441430237,-0.16,0.32,0.12,0.14,0.08,0.02
-0.6756760732459011,1.61,-0.89,-0.15,-0.06,0.15,0.02
0.6802725118412845,0.55,0.0,-0.08,0.0,-0.19,0.02
-0.33784980470276116,1.27,-0.44,-0.31,0.27,-0.12,0.02
1.0168672172172766,0.68,-0.18,-0.5,0.42,-0.38,0.02
-0.671048446569833,0.4,-0.19,-0.12,0.51,-0.03,0.02
0.0,-0.13,0.45,0.14,-0.04,0.15,0.02
0.3377556600640208,-0.75,0.57,0.04,0.42,-0.21,0.02
2.02012276420247,0.1,0.06,-0.19,0.23,0.18,0.02
2.310086618332674,-0.49,0.5,-0.22,-0.4,0.11,0.02
0.32251438516184283,0.43,-0.44,0.06,0.14,0.19,0.02
-2.8936565805905645,0.01,0.14,-0.04,0.24,0.24,0.02
-4.636121940529192,-2.0,0.71,0.34,0.21,-0.08,0.02
0.0,-0.22,0.02,-0.12,0.38,-0.05,0.02
0.34719998500210014,0.61,-0.17,-0.23,0.18,-0.11,0.02
-0.3459986776451984,0.17,0.05,0.03,-0.14,0.01,0.02
1.041660430165825,1.45,-0.81,-0.15,-0.33,0.2,0.02
-1.374476514519063,0.01,-0.29,0.66,0.23,0.29,0.02
-4.529286187895199,-0.57,0.16,0.34,0.32,0.32,0.02
0.0,0.04,-0.44,0.29,0.05,0.2,0.02
2.1895422593135816,-0.16,0.41,-0.05,-0.05,0.03,0.02
2.856935454916587,0.76,-1.38,-0.21,0.46,-0.09,0.02
-3.471915184798513,-0.54,0.64,0.16,0.19,0.08,0.02
0.35963166370005517,0.77,-0.27,-0.01,0.09,-0.23,0.02
2.8672305133425224,0.71,-0.39,0.07,-0.09,-0.38,0.02
1.0452282921663114,-0.05,0.24,0.12,-0.06,0.16,0.02
-1.0344162805433044,0.29,-0.24,0.32,-0.05,0.13,0.02
0.0,0.52,0.04,-0.03,-0.17,-0.17,0.02
-1.3936559286344075,0.47,0.0,-0.57,0.43,-0.27,0.02
2.1199528847388294,0.33,-0.18,-0.23,-0.05,-0.5,0.02
4.152665136595468,-0.21,0.23,0.18,-0.15,0.0,0.02
-5.315879057878325,-2.9,0.44,1.58,-0.05,0.74,0.02
-3.8593248234911837,-1.52,-1.13,1.0,-0.1,0.84,0.02
1.094764773171364,0.64,0.0,-0.24,-0.25,-0.23,0.02
2.165913238472017,0.0,-0.16,0.36,-0.05,-0.09,0.02
4.947268584498321,-0.11,0.26,0.49,-0.31,0.07,0.02
-2.357292713432313,-1.65,-0.1,1.51,-0.42,0.66,0.02
-3.7928957301710975,-1.68,0.03,1.08,-0.03,0.39,0.02
-3.9423966971246394,0.38,-0.16,-0.07,0.14,-0.09,0.02
-3.7317938825456087,0.46,-0.19,-0.46,0.31,-0.68,0.02
-1.5501932391609796,0.04,-0.16,-0.22,0.39,-0.27,0.02
5.512096588390736,-0.17,-0.25,0.36,0.21,-0.2,0.02
3.3580094569097385,0.75,-0.76,0.11,-0.14,-0.01,0.02
-1.4439652136995829,0.12,-0.09,-0.13,-0.33,0.08,0.02
-2.9308864610453345,-0.28,-0.18,-0.11,0.09,-0.29,0.02
2.6420397895832393,0.76,-0.71,-0.12,0.08,0.13,0.02
-4.7797776902386175,-1.62,0.42,0.19,0.16,-0.11,0.02
-3.4746330089900135,-0.67,-0.19,0.36,-0.27,0.36,0.02
-2.3999156191220394,0.48,-0.98,-0.04,-0.17,0.26,0.02
2.458927811738887,-0.12,0.05,-0.19,-0.03,0.03,0.02
0.39991046375136285,-0.43,0.32,0.41,-0.03,0.11,0.02
0.3984771464412562,0.11,-1.24,0.64,0.43,0.74,0.02
1.9839665951379537,0.26,-0.04,0.72,0.2,0.84,0.02
-3.1126167740410216,-0.15,-0.3,0.25,-0.36,-0.03,0.02
2.007903302578784,0.24,-0.04,0.03,-0.4,-0.31,0.02
-0.39374322527411243,0.02,0.04,-0.1,-0.36,0.08,0.02
5.929185580200813,1.49,-0.78,-0.45,-0.24,-0.09,0.02
2.2387357929131824,1.09,-0.34,-0.52,0.14,-0.38,0.02
5.109031523336882,0.92,-0.2,0.12,0.27,-0.16,0.02
0.0,0.35,0.19,-0.24,-0.12,-0.11,0.02
-0.6943334473290763,0.23,0.04,0.41,-0.11,0.57,0.02
-1.048900967803057,0.04,-0.17,0.23,0.37,-0.14,0.02
0.0,-0.26,0.1,0.4,-0.17,-0.14,0.02
2.4733542692096933,1.09,-0.78,0.62,-0.24,0.57,0.02
-1.3792217073910762,-0.04,-0.02,0.25,-0.02,-0.15,0.02
1.3985102645396985,0.13,-0.19,0.01,-0.41,0.28,0.02
0.34479942104015393,-0.8,0.2,0.26,0.25,0.05,0.02
0.6872472350156977,1.53,-1.33,0.22,0.01,0.51,0.02
1.0244438703553183,0.16,-0.04,0.34,-0.17,0.48,0.02
2.02689877085942,-0.09,0.29,-0.14,-0.48,0.21,0.02
-1.9866317562112767,0.04,0.13,-0.12,-0.17,0.19,0.02
-6.081255296371413,-1.41,0.84,0.74,-0.03,0.54,0.02
0.0,0.26,-0.65,0.13,0.06,0.68,0.02
2.1580781736979304,1.26,-0.39,0.17,-0.19,0.84,0.02
-1.0562629027847659,-1.25,0.78,-0.2,0.14,0.14,0.02
-1.0675017314541013,-1.12,0.21,-0.16,0.19,0.13,0.02
2.8774855968467516,-0.29,-0.19,0.19,-0.01,-0.04,0.02
-2.09781411520511,-0.46,-0.15,0.28,0.04,0.26,0.02
-6.7858382916297755,-4.43,1.09,0.82,-0.07,0.17,0.02
-2.6818320800998996,-1.85,0.37,0.49,-0.21,0.36,0.02
4.33035263682211,0.26,-0.74,0.27,-0.08,0.32,0.02
5.283382904578282,-0.18,-0.43,0.23,-0.12,0.06,0.02
-1.7919207501686185,0.31,0.19,0.03,-0.35,0.07,0.02
-0.729953361195046,0.15,-0.15,-0.3,0.18,0.03,0.02
-1.102878839182242,-0.07,0.32,0.18,-0.2,0.42,0.02
4.83242677675273,1.05,-0.24,-0.42,0.09,-0.32,0.02
2.482043854172322,0.45,0.23,0.09,0.29,-0.19,0.02
-2.767947235020829,0.39,-0.02,-0.01,0.33,-0.21,0.02
-1.7792480623643803,-1.53,0.79,0.43,-0.12,0.3,0.02
-0.7245195663446058,0.04,0.11,0.25,-0.07,0.32,0.02
-5.109876935899416,-0.99,0.2,0.35,0.16,0.08,0.02
3.0774151799829452,0.65,-0.02,-0.14,-0.2,-0.01,0.02
1.8655557547796242,0.83,-0.42,-0.12,-0.24,0.07,0.02
0.0,0.12,0.05,-0.22,0.23,-0.11,0.02
-1.0988391940791487,-0.09,-0.12,0.22,-0.12,0.51,0.02
1.1110478230234921,0.34,-0.45,-0.3,0.07,-0.31,0.02
-3.2971427999071823,-0.19,-0.06,0.55,0.0,0.66,0.02
-0.7575211299793216,0.77,-0.63,-0.16,0.14,0.18,0.02
0.7633033138677137,-0.26,0.25,0.01,-0.06,0.04,0.02
0.7582468323585445,-0.1,0.16,-0.24,-0.06,-0.05,0.02
4.1350355294970775,0.13,-0.13,0.06,-0.25,0.12,0.02
-1.804958089037123,-0.2,0.07,-0.47,-0.12,-0.48,0.02
-1.8380780384204098,1.21,-0.56,-0.5,-0.02,-0.02,0.02
0.7489657746574174,0.27,-0.2,0.02,0.35,0.02,0.02
0.0,-0.29,0.25,-0.04,-0.04,-0.17,0.02
-2.2309838399625637,-0.98,0.45,0.16,0.07,0.18,0.02
-0.3801973163874761,-0.05,0.17,0.09,-0.19,-0.01,0.02
-0.7633232568228676,0.14,-0.14,-0.12,-0.15,0.08,0.02
1.9229398556278143,1.08,-0.6,-0.38,-0.03,-0.14,0.02
-0.37731501350826147,-0.26,0.35,-0.05,0.06,-0.07,0.02
3.0307904304134103,0.22,-0.26,-0.16,0.04,-0.1,0.02
-1.8380780384204098,0.2,-0.06,-0.1,-0.26,-0.02,0.02
0.0,0.61,-0.27,-0.13,-0.23,-0.28,0.02
2.621585689774597,1.01,-0.48,0.12,0.53,0.22,0.02
1.094764773171364,0.05,0.33,0.32,0.28,0.66,0.02
1.0829220371584958,0.6,-0.69,-0.12,0.07,-0.15,0.02
2.1427653491554066,0.21,0.08,0.01,0.14,0.08,0.02
3.4969090004921766,0.21,0.08,0.33,-0.01,0.41,0.02
-2.3653781678347086,-0.24,0.05,0.13,0.07,-0.09,0.02
-1.0379297404280674,-0.02,0.2,-0.04,0.1,0.29,0.02
-1.048900967803057,0.06,0.06,0.12,-0.03,0.2,0.02
0.35332137788812723,0.32,-0.21,-0.06,-0.05,0.21,0.02
3.16883776982968,-0.21,0.11,0.15,0.05,-0.03,0.02
-3.071506705250837,-1.28,0.69,0.55,-0.16,0.44,0.02
-0.704154826241743,0.43,-0.27,-0.11,0.2,0.11,0.02
3.1912786490335243,-0.57,0.06,-0.09,0.24,-0.2,0.02
-2.748976969721184,-2.26,1.04,0.3,0.32,-0.22,0.02
-1.0600318315421298,-0.05,-1.04,0.05,0.08,-0.09,0.02
0.7142820709732822,1.59,-0.8,-0.12,-0.43,0.18,0.02
2.1274573376131256,1.29,-0.94,-0.23,0.06,-0.04,0.02
5.555895224367369,0.55,-0.43,-0.24,0.21,-0.4,0.02
5.921227297013876,0.26,0.0,-0.47,0.12,-0.07,0.02
0.6210752113080531,0.15,-0.14,-0.41,0.13,-0.17,0.02
-1.235010156018812,0.19,0.26,0.22,-0.13,0.22,0.02
0.3124364557239856,-0.16,-0.48,-0.08,-0.02,-0.07,0.02
3.427170948898639,1.71,-0.88,-0.39,0.11,-0.02,0.02
3.011835760475434,0.1,0.02,-0.33,-0.04,-0.49,0.02
-0.5847267645743726,-0.18,0.28,-0.15,-0.11,-0.13,0.02
2.9415160683972763,-0.68,0.41,0.12,0.06,0.03,0.02
-2.8574633255282977,-0.11,-0.22,0.01,0.26,-0.17,0.02
-0.2941290674288166,-0.68,0.26,0.23,0.14,0.01,0.02
2.6547240374304337,0.51,-0.5,0.03,0.18,0.02,0.02
-1.4367094417010562,-0.95,0.44,0.05,0.18,-0.24,0.02
-3.7898313532816807,-0.45,-0.06,0.59,0.37,0.36,0.02
1.212007659163028,0.08,-0.69,0.36,0.09,0.22,0.02
1.7963295597271722,0.6,-0.43,-0.07,0.02,-0.11,0.02
-2.940993563871208,-0.82,0.39,-0.04,0.11,0.06,0.02
0.302999275883975,-0.36,0.11,0.0,-0.05,-0.11,0.02
1.8125984956313124,0.83,-0.09,-0.05,0.04,0.27,0.02
0.0,-0.35,-0.23,0.39,-0.2,0.49,0.02
0.0,-0.98,0.11,0.06,0.0,0.11,0.02
-0.5934531003153887,0.33,0.2,-0.04,-0.02,0.05,0.02
-2.0894443780122507,0.11,0.1,-0.13,-0.02,-0.07,0.02
-1.2194296959337048,-0.9,0.13,0.08,0.0,-0.06,0.02
1.2344833525257615,-0.54,0.23,-0.14,-0.04,0.0,0.02
-1.2194296959337048,-0.37,1.05,-0.16,-0.18,-0.06,0.02
0.9259055187611054,1.79,-0.26,-0.02,-0.16,0.17,0.02
5.198368511839635,2.45,-0.07,-0.33,-0.26,-0.23,0.02
1.74465090375171,0.43,0.41,-0.64,0.0,-0.73,0.02
2.285576544023149,1.13,0.27,-0.61,-0.17,-0.34,0.02
0.0,0.82,0.3,-0.32,-0.04,0.16,0.02
1.3965341379174045,0.57,0.21,0.18,0.08,0.01,0.02
0.27545417792640414,0.7,0.46,0.25,0.12,0.57,0.02
-1.9229782818147245,-0.09,0.29,0.11,-0.18,0.25,0.02
7.843146629568154,0.94,-0.13,-0.48,-0.13,0.02,0.02
3.636155046154932,0.89,-0.05,-0.5,0.05,-0.24,0.02
-2.2555092600756943,-0.02,-0.86,0.04,0.29,0.04,0.02
8.974279047159861,0.98,-0.48,-0.79,0.11,-0.35,0.02
-2.8233679380148424,-0.09,-0.03,0.46,0.02,0.06,0.02
-5.084866129869791,-0.51,-0.32,-0.01,0.15,0.1,0.02
7.142881262341727,1.85,-1.22,-0.68,0.26,-0.54,0.02
-4.2859102543666205,-1.14,0.69,0.2,-0.12,-0.08,0.02
-0.9949867233432941,-0.37,-0.41,0.35,0.08,0.2,0.02
6.030302311563607,1.3,-0.63,-0.59,0.12,-0.33,0.02
4.97635317652434,0.55,-0.25,-0.21,-0.08,-0.12,0.02
-2.257555214593432,-0.37,0.39,0.38,0.14,0.24,0.02
2.540637946985247,-0.02,0.21,0.29,-0.1,0.2,0.02
0.6756149267936884,0.97,0.27,-0.35,0.03,-0.29,0.02
-0.6710810033640935,-0.03,0.72,-0.32,-0.29,0.06,0.02
-0.9008015964458438,1.21,0.09,-0.03,0.09,0.7,0.02
-2.0457594291095504,0.68,0.14,-0.14,-0.04,-0.14,0.02
0.23200357873562893,-0.21,0.57,-0.07,-0.19,0.09,0.02
-2.546124184805232,-0.62,0.29,-0.12,-0.01,0.05,0.02
0.23753879066612527,-0.99,0.62,0.0,0.16,0.03,0.02
7.108979271936211,0.86,0.17,-0.92,-0.28,-0.2,0.02
3.7611757549667724,-0.46,0.77,-0.46,-0.06,-0.29,0.02
5.970171757049059,1.25,-0.61,-0.86,0.09,-0.2,0.02
6.840956968758372,1.68,-0.62,-1.05,0.23,-0.82,0.02
-4.331463733034235,-0.02,-0.24,0.2,-0.02,-0.19,0.02
-1.771604518385539,0.12,-0.19,0.24,-0.37,-0.29,0.02
-1.8034726369909437,-0.03,-0.02,0.19,-0.08,-0.08,0.02
3.0610297933446384,-0.86,0.3,-0.08,0.21,-0.23,0.02
3.7625128539474417,0.19,0.22,-0.51,-0.21,-0.2,0.02
5.534315648739918,0.44,0.06,-0.87,-0.22,-0.37,0.02
0.0,-0.23,0.5,-0.39,0.04,-0.06,0.02
1.2656934555771437,0.37,0.13,-0.12,0.18,-0.03,0.02
-3.5715036592097404,-0.22,0.25,0.29,0.05,-0.3,0.02
-3.7034619228225596,0.21,-0.28,0.33,0.28,0.55,0.02
4.038181066458946,1.25,-0.69,-0.24,-0.1,-0.06,0.02
1.294234476342937,0.6,-0.22,-0.38,-0.08,-0.01,0.02
-1.8250804540361099,-0.02,0.14,0.32,-0.03,0.42,0.02
-3.903393514586051,-0.67,0.37,0.2,0.25,0.18,0.02
3.2883303227266847,0.79,-0.24,-0.52,0.44,-0.35,0.02
-0.749053018380974,-0.08,0.58,-0.17,0.14,0.03,0.02
-1.5093203221280493,0.29,0.21,0.0,0.09,0.39,0.02
-2.682124316182799,-0.38,0.4,0.38,-0.08,0.41,0.02
2.756044865690388,-0.6,0.15,0.2,0.15,0.45,0.02
2.681837373036866,1.17,-0.62,-0.24,0.03,0.54,0.02
-1.4924514709566572,0.06,-0.02,0.37,0.04,0.55,0.02
3.5985402880433837,0.43,-0.13,-0.2,-0.31,-0.2,0.02
-0.18278388847551286,1.06,-0.41,-0.13,0.01,0.22,0.02
-1.0991645624583213,0.65,-1.01,-0.02,0.05,0.14,0.02
-1.8517245107355862,0.12,-0.19,0.17,0.14,0.19,0.02
0.7547061677101174,-0.25,0.27,0.14,0.14,-0.18,0.02
0.748987786906774,0.17,0.23,0.3,0.23,0.47,0.02
-3.3455244575810728,-1.32,1.13,0.28,-0.23,0.3,0.02
-3.8462213490609964,-2.27,0.33,0.71,0.03,0.35,0.02
3.1997226131905476,0.69,0.03,-0.21,0.04,-0.04,0.02
3.488586231920743,0.09,-0.66,-0.09,0.19,0.33,0.02
7.490817202296429,0.4,0.33,-0.16,-0.37,0.5,0.02
0.0,1.92,-0.82,-0.72,-0.02,0.11,0.02
-2.439228353149314,0.41,-0.3,-0.14,0.12,-0.22,0.02
-3.214378174447019,-1.41,0.95,0.43,0.01,0.19,0.02
1.8452325291064664,0.07,-0.03,-0.23,-0.02,-0.19,0.02
2.898355924362428,-1.33,0.71,-0.21,-0.14,0.01,0.02
-1.0562629027847659,-0.27,0.02,-0.14,-0.1,0.15,0.02
-3.914666801538458,-2.06,0.91,0.11,0.51,-0.05,0.02
0.7406923845644897,-2.48,-0.35,-0.14,0.04,0.12,0.02
4.411818191830563,1.59,-1.09,0.03,0.18,-0.02,0.02
0.7042100204015966,0.94,-0.19,0.46,-0.22,0.28,0.02
-0.5245022471969008,-0.31,-0.04,0.18,-0.41,0.08,0.02
5.0967218768989575,1.75,-1.98,-0.33,0.12,-0.27,0.02
-0.6688758263378891,-1.44,1.52,-0.13,0.05,0.21,0.02
2.3570642259509222,-0.21,0.01,0.18,-0.04,0.2,0.02
-1.6449126759969457,-1.63,0.76,0.29,-0.06,0.36,0.02
0.33437966293150545,-0.2,-0.95,0.24,-0.4,-0.27,0.02
2.6667841722324948,0.44,0.07,-0.09,-0.24,-0.02,0.02
0.973973061166622,0.66,-0.21,0.02,0.12,-0.1,0.02
1.9294814715254516,1.12,-0.34,0.04,0.14,-0.27,0.02
0.9462863075395234,-0.13,0.07,0.22,0.11,-0.01,0.02
-0.312490032964563,0.32,-0.42,-0.07,0.09,0.26,0.02
0.6269064295390647,1.77,-0.92,-0.34,0.04,-0.12,0.02
-0.31148412135248993,0.03,-0.02,0.7,-0.14,0.69,0.02
0.3124573764661909,-0.16,0.43,0.54,0.03,0.63,0.02
-1.557507419505344,-0.32,0.48,0.13,0.09,0.21,0.02
-2.383398762019351,-0.45,0.64,0.42,0.19,0.48,0.02
-1.9479093995208197,0.25,-0.54,-0.24,0.03,-0.26,0.02
3.9732594632936102,0.2,0.02,-0.51,0.2,0.06,0.02
0.9556274676713938,0.03,0.1,-0.16,0.08,0.03,0.02
-1.2620759821769578,-1.96,1.08,0.26,-0.15,0.42,0.02
-3.1946808841635366,-0.65,-0.65,0.37,-0.08,0.37,0.02
-3.3004072778547333,-2.05,1.05,0.04,-0.14,-0.15,0.02
1.7063775637388368,-0.55,-0.18,-0.35,-0.11,-0.3,0.02
0.0,0.67,-0.2,-0.28,-0.03,-0.31,0.02
-0.5033398230082531,0.42,-0.6,0.17,-0.11,-0.06,0.02
5.227615335555158,2.18,-1.44,-0.36,-0.09,-0.44,0.02
1.9232173407715214,0.08,0.3,-0.21,0.39,-0.39,0.02
0.628928478812929,0.57,-0.45,-0.45,0.04,-0.16,0.02
-1.2498758221551554,-0.04,0.61,0.33,0.04,0.17,0.02
-1.5825182909198543,-0.04,-0.05,0.28,0.27,-0.05,0.02
-0.643018097486403,-0.46,0.29,0.02,0.05,0.32,0.02
0.6471795793045798,1.35,-0.99,-0.2,0.24,-0.13,0.02
0.9646445730522757,0.5,-0.23,-0.07,-0.04,0.02,0.02
-0.9554280878533716,-0.31,0.51,0.06,-0.08,-0.02,0.02
0.0,0.88,-0.63,0.03,-0.23,-0.02,0.02
0.9646445730522757,0.2,0.0,-0.4,0.04,-0.19,0.02
0.0,0.13,-0.02,0.07,-0.03,0.36,0.02
0.6371735917000354,0.34,-0.28,0.01,-0.01,0.16,0.02
0.0,0.86,-0.5,-0.05,0.14,-0.04,0.02
-0.6331393946784947,0.41,-0.52,0.09,0.42,-0.41,0.02
5.732623910403145,0.46,-0.26,-0.17,0.5,-0.08,0.02
-2.4097127704510113,0.07,0.14,-0.1,-0.11,0.3,0.02
2.469213729008657,0.19,-0.21,0.18,-0.25,0.14,0.02
-1.204940194034132,0.28,0.09,0.13,0.23,0.03,0.02
2.439102496808765,0.63,-0.63,-0.32,0.26,-0.26,0.02
-1.7855734328667827,-0.32,0.04,0.12,-0.02,0.03,0.02
1.818035797059081,-0.44,0.4,-0.03,0.1,0.11,0.02
-3.5714574074446004,0.56,-0.42,0.32,-0.14,0.04,0.02
0.0,-0.46,0.3,0.12,0.05,-0.02,0.02
0.6172282888033287,0.05,-0.04,0.48,0.24,0.41,0.02
-0.6134419515430145,-1.04,0.97,0.52,-0.12,0.32,0.02
-1.23452098627711,-0.24,0.12,0.16,-0.32,0.28,0.02
1.5624344465972495,0.63,-0.37,-0.15,0.18,0.03,0.02
0.30765391310563217,-0.21,0.0,0.27,-0.12,0.42,0.02
-3.680982445988046,0.59,-0.29,0.78,-0.41,0.67,0.02
-5.095550008612082,0.24,0.08,0.06,0.0,0.33,0.02
1.3425352029168058,-0.13,0.39,0.13,0.04,0.29,0.02
0.66215616566494,0.2,-0.18,0.13,-0.04,0.08,0.02
6.578851625286086,-0.18,0.22,0.22,-0.21,0.02,0.02
6.1730128529648765,0.91,-0.28,-0.29,0.11,-0.48,0.02
2.325367896107844,-0.06,0.24,0.1,-0.34,0.33,0.02
0.0,0.56,-0.18,0.06,-0.02,0.47,0.02
-1.704432048990212,0.46,-0.12,0.17,0.03,0.1,0.02
-3.468244756916372,-0.83,0.46,0.3,-0.16,0.23,0.02
-0.8981223123730953,-0.8,0.36,-0.03,0.1,-0.08,0.02
2.7188585056218573,-0.1,-0.11,-0.04,0.07,-0.49,0.02
-1.764619351818686,-0.28,-0.11,-0.06,0.13,-0.18,0.02
1.796317518367907,0.37,-0.05,-0.29,0.08,-0.03,0.02
-0.588213270351623,0.39,-0.43,-0.2,0.17,-0.21,0.02
-0.8874839409407587,0.47,-0.25,-0.07,-0.05,0.15,0.02
-2.0896533343909285,0.89,-0.48,-0.29,0.13,-0.13,0.02
1.2196360793754746,0.72,-0.18,-0.23,0.02,-0.26,0.02
-0.6023129555008611,0.2,0.13,0.15,0.03,-0.01,0.02
-2.424377969659075,-0.38,0.07,0.66,-0.24,0.95,0.02
4.968872380432265,-0.3,0.12,0.21,0.04,-0.17,0.02
2.3669702774274715,0.71,-0.13,-0.45,0.36,-0.54,0.02
6.936228156289426,1.09,-0.34,-0.9,0.19,-0.63,0.02
0.5407649765305278,0.39,0.1,-0.26,0.21,-0.34,0.02
3.8975728815714428,1.32,-1.03,-0.03,0.1,-0.03,0.02
2.590539244456269,1.35,-1.08,-0.17,0.45,-0.29,0.02
-1.515059146883857,-0.22,0.01,0.26,0.24,-0.36,0.02
0.5127620489640439,0.61,-0.32,0.0,0.24,-0.38,0.02
0.0,-0.09,0.18,0.64,0.12,-0.16,0.02
1.0203721760791762,0.1,-0.27,-0.2,0.41,-0.36,0.02
-1.515059146883857,-1.4,0.51,0.13,0.11,0.15,0.02
2.564104162723635,0.12,0.17,-0.05,-0.11,0.1,0.02
3.5000438104667797,1.39,-0.51,-0.25,0.11,-0.07,0.02
2.415325138663982,0.3,0.03,-0.42,-0.02,-0.06,0.02
-1.41502435641927,-0.59,0.38,0.06,0.04,-0.07,0.02
-0.4784310473188169,0.81,-0.59,-0.35,0.34,0.09,0.02
0.0,-0.47,0.4,0.1,0.08,0.3,0.02
0.0,-0.82,0.67,0.07,-0.26,0.06,0.02
0.0,-1.11,0.8,-0.13,-0.17,-0.17,0.02
3.8461320078529315,0.71,-0.21,0.11,-0.19,0.45,0.02
-2.7778228949450923,-1.58,1.04,-0.06,-0.05,-0.1,0.02
-0.9523141588861805,-0.67,-0.1,-0.05,-0.01,0.13,0.02
-1.4424602392624997,-0.45,0.38,0.01,0.06,0.27,0.02
-1.4633259865707848,-0.91,0.61,0.23,-0.21,0.28,0.02
-1.2375304829999823,-1.26,-1.05,0.05,-0.24,-0.01,0.02
5.764277562021558,0.21,0.25,-0.02,0.1,-0.23,0.02
1.895849132144689,0.93,-0.11,-0.8,-0.13,-0.08,0.02
1.3952376978735748,1.34,-0.44,-0.51,0.16,-0.12,0.02
-2.752308415459026,0.21,-0.3,0.12,0.19,-0.38,0.02
-2.3583630041634662,-1.34,0.72,0.39,-0.26,0.47,0.02
0.0,-0.77,0.63,0.17,-0.2,-0.2,0.02
0.4830700618975836,-0.03,-0.1,0.18,-0.1,-0.01,0.02
-0.4807477136198335,-0.1,0.14,-0.11,-0.19,0.12,0.02
-2.8985881768780697,-1.28,0.46,0.82,-0.41,0.73,0.02
7.711397067559567,2.17,-2.36,-0.05,0.47,0.49,0.02
2.0785544915911336,0.58,0.06,-0.28,0.1,-0.11,0.02
2.2623585215488573,-0.25,0.46,-0.22,-0.18,-0.1,0.02
1.769987945453777,0.11,-0.07,0.02,-0.03,0.21,0.02
-3.043463946323288,0.73,-0.53,0.0,0.34,0.39,0.02
-2.2422239230106222,-0.31,0.03,0.3,-0.25,0.26,0.02
3.66970737497907,0.17,0.69,0.01,-0.04,-0.15,0.02
3.0973252063897228,1.43,-1.16,-0.03,0.23,-0.04,0.03
0.4291435361838847,0.3,0.04,-0.34,-0.27,-0.27,0.03
1.2821668016266496,0.05,0.27,-0.23,-0.2,-0.12,0.03
-5.907139137547601,-2.24,1.05,0.59,-0.23,0.13,0.03
-0.4484105161475793,-0.38,-0.37,-0.14,0.28,0.19,0.03
-2.252354872259288,-1.33,0.32,0.32,-0.17,0.18,0.03
-0.230368661090119,-0.82,0.28,0.32,-0.29,0.31,0.03
-1.6167693684780993,-0.74,-0.53,0.29,0.11,0.3,0.03
2.347529545623739,1.29,-1.34,0.2,0.19,-0.01,0.03
-2.2936846214517304,-2.44,1.07,0.55,-0.4,0.22,0.03
-2.3472196956310865,-2.26,0.92,0.49,-0.35,0.46,0.03
-7.211524652024659,-4.88,0.73,0.77,-0.02,0.24,0.03
-24.352335942473292,-17.44,6.08,1.17,0.71,-0.31,0.03
-5.479450180798362,0.75,-11.15,2.55,2.3,2.25,0.03
17.391172200986805,8.57,-1.3,-1.99,-0.02,-1.06,0.03
-9.259229478926855,-3.96,-0.53,1.47,0.06,1.06,0.03
-3.4014823902651314,-0.6,-1.93,1.09,-0.01,0.78,0.03
-21.126675636007832,-8.31,-0.57,2.6,0.82,0.74,0.03
8.035633012198007,1.56,-3.62,-0.38,0.3,-0.01,0.03
10.743862151691964,-0.19,-2.17,-0.95,0.55,-0.3,0.03
17.91059865175917,4.73,-0.69,-2.65,-0.04,-1.67,0.03
-2.2153266165116148,3.6,3.03,-0.95,-0.8,-0.29,0.03
0.32363860168787006,1.26,0.23,-0.04,-0.55,0.26,0.02
-6.451482237410088,-1.87,-0.08,0.93,0.14,0.52,0.02
-0.6896001156580067,-0.6,0.28,0.55,-0.09,0.01,0.02
5.55545270192892,2.11,-0.71,-0.27,0.24,-0.62,0.02
-0.6578082131988516,-1.13,1.65,0.32,-0.15,0.07,0.02
-1.3247420326674697,-2.48,1.17,0.94,-0.34,-0.02,0.02
-2.6843722115923008,-1.74,-0.01,0.66,-0.27,0.23,0.02
2.758418429390308,1.0,-0.51,-0.42,0.07,-0.24,0.02
4.026905092583144,2.4,-0.85,-1.04,0.18,-0.22,0.02
-3.871022683025349,-0.8,0.86,0.13,-0.37,-0.33,0.02
-1.3421890198734077,0.28,-0.44,0.04,0.28,-0.08,0.02
-4.55420185829275,-1.47,-0.09,0.58,-0.01,0.3,0.02
3.5715024011457874,0.87,-0.59,-0.1,-0.18,0.1,0.02
-4.827561849998863,-1.99,0.93,0.1,0.1,-0.46,0.02
2.8983667222924225,0.53,-1.1,0.09,0.1,0.27,0.02
2.1128325205982623,0.32,-0.38,-0.02,-0.38,0.07,0.02
2.0688347071004864,1.3,-0.4,-0.41,-0.19,0.18,0.02
-1.3512442250079193,-0.61,1.1,-0.15,-0.47,-0.21,0.02
-4.109638634589119,-1.2,1.0,0.47,-0.28,0.54,0.02
-5.714219400168464,-3.99,0.75,0.84,0.1,0.25,0.02
0.7574687873166841,0.51,-0.88,0.49,0.29,0.3,0.02
-2.2555054162737953,0.39,-0.68,0.04,0.06,0.06,0.02
-6.154095132629367,-3.06,1.39,1.0,-0.12,0.4,0.02
0.8199986718311347,-1.02,-1.07,0.37,0.37,0.25,0.02
7.316977465354491,1.64,-1.86,-0.7,0.4,0.1,0.02
4.545482295061509,2.28,-1.7,-0.15,-0.17,0.61,0.02
1.4491770821344119,1.65,-0.26,-1.34,0.37,-0.39,0.02
-0.7142534414153134,-1.67,1.41,-0.66,0.0,-0.46,0.02
-2.1584556875682392,0.55,-0.09,0.29,-0.12,0.56,0.02
9.558890569301326,2.71,-0.51,-1.39,0.21,-0.8,0.02
0.6711286841739605,0.41,1.25,-0.83,0.49,-0.92,0.02
4.666651339149386,2.02,-0.06,-0.67,0.22,-0.45,0.02
0.0,-1.41,1.76,-0.3,0.17,-0.56,0.02
3.1847443814293275,2.21,-0.12,-0.23,0.2,-0.21,0.02
3.0865665478698734,0.35,0.02,-0.05,0.35,-0.6,0.02
-0.5987905887080092,-0.05,-0.5,0.09,0.1,0.07,0.02
1.8071095496873246,1.2,-0.11,-0.06,-0.21,0.07,0.02
0.8875061270613882,-0.16,0.77,-0.16,-0.14,-0.05,0.02
-5.571777758262342,-2.36,0.38,0.57,-0.07,0.18,0.02
4.65840548466363,-0.35,-0.05,0.06,0.11,0.15,0.02
2.9674263144464863,1.2,-0.31,-0.65,0.48,-0.41,0.02
-3.1701365620492528,-0.19,1.08,0.0,-0.03,-0.24,0.02
6.5477972976388354,3.34,-0.88,0.01,-0.34,0.1,0.01
-0.2793143022670419,1.22,0.74,-0.49,-0.21,-0.03,0.01
-1.96093870145444,0.27,0.36,0.15,-0.04,0.06,0.01
1.7141843084582886,0.74,-0.07,0.27,-0.16,0.34,0.01
-10.112248516181943,-5.66,2.95,1.52,-0.26,0.72,0.01
6.249914026490133,0.9,-2.08,-0.38,0.45,-0.12,0.01
-1.176439046240596,-0.87,-0.13,0.51,0.06,0.31,0.01
0.5952580508896466,0.19,-0.1,0.36,-0.48,-0.16,0.01
0.0,0.08,0.31,0.03,-0.42,-0.02,0.01
1.479467422491365,2.31,-0.96,-0.42,0.31,-0.25,0.01
-0.29180196835216776,0.03,0.25,0.44,0.06,-0.02,0.01
0.0,-0.7,0.89,0.58,-0.1,-0.05,0.01
-7.017408554265225,-2.42,0.58,1.01,-0.26,0.47,0.01
0.9433671270039357,0.17,-0.12,-0.11,-0.03,-0.07,0.01
-2.180784285482451,1.2,-0.33,0.32,-0.26,0.18,0.01
4.140097050823699,1.94,-1.58,0.05,0.16,0.21,0.01
-2.7521388647810063,-0.75,0.62,0.45,0.11,-0.16,0.01
0.0,-0.05,0.23,0.3,0.04,0.26,0.01
3.7736973959636266,1.3,-0.68,0.04,0.25,0.07,0.01
0.6060062447064585,1.24,-0.76,-0.07,-0.01,0.14,0.01
0.6023976893785976,-0.3,0.84,0.21,0.27,-0.3,0.02
-1.1975396682420758,0.19,-0.09,0.3,0.1,0.3,0.02
-4.242432326606882,-1.11,0.83,0.91,-0.05,0.36,0.02
0.6328108024689083,0.0,-0.11,0.13,-0.21,0.07,0.02
-2.830264872403143,-0.21,0.55,0.07,-0.17,0.11,0.02
0.32361860586571645,-0.68,0.38,-0.15,0.25,0.41,0.02
2.5807317216338443,0.83,-0.73,-0.21,0.22,0.13,0.02
3.144440829468098,1.72,-0.47,-0.52,0.21,-0.27,0.02
-0.9145338550827664,-0.13,0.73,-0.13,0.01,-0.28,0.02
1.122095021023295,0.55,0.1,-0.35,0.18,-0.15,0.02
0.609979242692571,0.74,-0.43,-0.16,0.05,0.01,0.02
1.5150212792720996,-0.17,0.44,-0.12,0.04,0.24,0.02
-0.2984615352843001,-0.35,0.66,-0.17,0.0,0.12,0.02
0.0,1.13,-0.82,0.0,0.12,0.19,0.02
3.59283992234003,1.29,-0.33,-0.44,0.02,-0.12,0.02
-1.156240595941127,-0.06,0.35,-0.09,0.21,-0.12,0.02
-1.1695130387059383,0.01,0.6,-0.33,-0.05,-0.38,0.02
-1.183362734804505,-0.74,1.28,0.24,-0.17,-0.33,0.02
0.0,0.22,-0.09,-0.23,0.26,0.11,0.02
2.994047077777795,1.79,-0.56,-0.39,0.09,0.08,0.02
0.5813858776809067,-0.15,0.26,-0.11,0.23,-0.22,0.02
3.46825189730795,0.42,0.28,-0.24,-0.07,-0.12,0.02
3.9106558203909847,0.06,0.25,-0.28,-0.07,-0.39,0.02
0.8063913950201895,-0.14,0.55,0.13,-0.11,0.25,0.02
0.0,0.13,0.54,-0.27,0.07,0.16,0.02
-1.3334959307895522,0.69,0.23,-0.16,-0.16,-0.26,0.02
1.0812053494548168,0.06,0.93,-0.39,-0.16,-0.1,0.02
-3.208569553629792,-1.66,0.98,0.31,-0.07,0.72,0.02
1.104907069008676,0.17,-0.32,0.68,-0.13,0.52,0.02
1.0928511905262672,0.42,-0.16,-0.31,0.19,0.02,0.02
-2.7025318905419704,-0.05,0.13,0.11,0.25,0.32,0.02
2.499843375434274,0.81,-0.22,0.11,0.26,-0.21,0.02
-2.4388753124996443,0.86,-0.47,-0.31,0.14,0.06,0.02
-0.5555463737473398,-0.02,0.04,0.31,-0.22,0.13,0.02
-1.9553907167640383,-0.78,0.31,0.21,-0.18,0.36,0.02
0.28482680567047947,0.06,0.19,-0.16,0.03,-0.09,0.02
-3.409098614561712,0.14,0.38,0.39,0.03,0.24,0.02
-3.8235841425059425,-1.8,0.81,0.19,0.22,-0.15,0.02
-1.8347407800147542,-1.49,0.81,0.1,-0.07,-0.06,0.02
3.4268670471494955,-0.4,-0.48,0.12,-0.07,0.03,0.02
-1.2049975342827257,0.72,0.02,-0.18,-0.1,-0.07,0.02
-3.6583040514189147,-0.63,0.35,0.5,-0.02,0.35,0.02
1.2657137324313394,0.35,0.7,0.09,-0.22,0.25,0.02
-3.125080061448282,-0.93,0.05,0.29,0.07,0.08,0.02
1.2902696667955516,0.68,-0.52,-0.06,0.19,0.05,0.02
6.369576492600637,2.2,-1.46,-0.11,0.0,0.19,0.02
-2.3953060175698093,0.28,0.22,0.08,-0.07,0.28,0.02
0.61345592052926,1.09,-0.29,0.06,0.01,-0.16,0.02
1.2196948268723196,0.28,0.12,0.14,-0.17,0.11,0.02
0.6023685264242351,0.45,-0.11,0.11,-0.01,0.01,0.02
-1.197523547899404,-0.03,0.05,0.08,-0.01,0.13,0.02
-4.242405501163549,-3.76,1.59,0.44,0.15,0.15,0.02
0.0,-0.17,-0.28,-0.01,0.03,0.28,0.02
1.2657137324313394,-0.14,0.8,0.29,-0.3,0.22,0.02
0.6249143984346395,-0.28,0.73,-0.06,0.0,-0.22,0.02
-1.2421206559670717,-0.69,0.1,0.03,-0.01,0.24,0.02
-0.628855355979907,-0.04,-0.22,0.15,0.14,0.05,0.02
1.5821421655391577,1.09,-1.07,0.23,-0.2,0.39,0.02
1.8690326848759709,0.71,-0.46,0.25,-0.02,0.14,0.02
1.529252139943793,0.6,-0.06,-0.22,-0.1,-0.16,0.02
0.6023685264242351,0.01,0.35,-0.07,0.1,0.01,0.02
-0.8981271256182977,-0.39,0.56,0.01,0.04,0.04,0.02
-0.9065591718338428,-0.26,0.87,-0.06,0.09,0.05,0.02
0.0,0.03,0.02,-0.43,0.25,-0.25,0.02
1.8294104110520681,0.51,-0.22,-0.01,-0.03,-0.24,0.02
0.5987410602079857,-0.75,0.79,0.16,-0.14,0.04,0.02
-0.5951774882049898,-0.54,0.3,0.29,-0.06,0.14,0.02
-1.197523547899404,-0.38,0.35,0.47,-0.06,0.37,0.02
-1.2123000482190172,-0.43,-0.29,0.36,-0.12,0.31,0.02
0.3066908216327935,0.24,-0.48,0.34,0.07,0.33,0.02
-3.3636649835418253,-1.56,0.0,0.41,0.0,0.17,0.02
0.6328349725996052,0.25,-0.05,0.15,-0.05,-0.04,0.02
1.8866530916872515,0.93,-0.3,0.0,0.15,-0.17,0.02
2.0535682542075495,0.59,-0.55,-0.06,-0.11,-0.12,0.02
-1.8184005628395394,-0.92,0.69,0.2,-0.13,-0.09,0.02
-1.8516951771256895,-1.49,0.24,0.52,-0.11,0.37,0.02
-1.8869446485162866,0.25,-0.68,-0.1,0.13,-0.01,0.02
-0.6409898207125342,0.12,0.04,-0.09,-0.09,0.0,0.02
-1.9353861556717145,-0.75,0.19,0.2,-0.22,-0.05,0.02
2.302499784227252,0.86,-0.68,-0.18,-0.03,-0.08,0.02
-0.9645540538800623,0.2,0.0,0.0,0.12,-0.1,0.02
2.2728898029438893,0.33,0.03,0.11,-0.19,-0.06,0.02
0.9522925427259965,-0.36,0.2,0.18,-0.23,-0.04,0.02
4.402501725910324,2.7,-2.09,-0.19,0.06,-0.21,0.02
2.4095212870995475,1.66,-0.69,-0.4,0.42,-0.37,0.02
-1.7646067910311314,-0.4,0.5,-0.01,-0.27,-0.08,0.02
2.9940889112017866,0.44,-0.03,0.13,-0.1,0.09,0.02
2.325406583353007,0.27,0.16,-0.27,0.1,-0.44,0.02
0.0,-0.51,0.45,-0.07,-0.04,-0.03,0.02
2.272854552040071,1.96,-1.07,-0.18,-0.04,-0.02,0.02
-3.333362422692232,-0.18,0.78,-0.04,0.0,-0.27,0.02
2.298719212448219,0.3,0.13,0.12,-0.03,-0.17,0.02
1.1237557895063421,0.08,0.14,-0.19,0.19,-0.18,0.02
0.5554948728087039,0.87,-0.59,-0.01,0.31,-0.21,0.02
1.104928642846481,0.09,0.09,0.1,0.11,-0.02,0.02
-2.7322938375625494,-1.31,1.03,0.33,-0.23,0.2,0.02
0.5620088132384682,0.14,-0.36,0.15,0.02,0.16,0.02
-1.396846759404058,-0.51,0.45,0.12,-0.13,-0.12,0.02
1.6999150306546973,0.81,-0.62,-0.04,0.05,0.01,0.02
1.6711835869905878,1.25,-0.68,-0.14,0.25,-0.33,0.02
-1.369785401863477,-0.14,0.45,-0.01,0.16,-0.17,0.02
0.0,-0.21,0.46,0.04,-0.1,-0.31,0.02
-1.1112678526749797,-1.34,1.17,0.12,0.16,-0.25,0.02
3.932597345167066,0.93,-0.55,-0.32,0.28,-0.04,0.02
0.27046041532925447,-0.35,0.47,-0.17,0.13,-0.19,0.02
-0.2697309000167847,0.86,0.25,-0.54,0.21,-0.64,0.02
0.5407622083215102,-0.39,0.42,0.08,-0.22,0.07,0.03
1.6127258477425244,1.09,-1.05,-0.02,-0.08,0.19,0.03
-1.587129795296549,-1.11,1.12,0.14,-0.05,-0.03,0.03
-1.344323348864318,-0.06,0.15,-0.02,-0.06,-0.14,0.03
-1.362293599824882,-0.51,0.38,0.32,-0.09,-0.14,0.03
-0.2762083184080555,0.11,-0.12,0.06,-0.07,0.17,0.03
-0.8309487154622541,-0.78,0.58,0.07,0.21,0.12,0.03
0.0,0.3,-0.44,0.09,-0.04,0.11,0.03
0.5586075525908729,0.28,-0.06,-0.02,-0.01,-0.09,0.03
0.0,0.44,-0.31,-0.01,-0.02,0.03,0.03
1.1110856446027828,-0.42,0.45,0.13,0.01,0.13,0.03
-1.648276345452282,-0.76,0.33,0.43,-0.02,0.25,0.03
-1.1175140527032945,0.41,-0.24,0.14,-0.03,0.26,0.03
-2.824671366699072,-1.05,0.63,0.31,0.08,0.13,0.03
-1.1629642260040485,-1.04,0.49,0.34,-0.19,0.12,0.03
0.5881616475836848,0.28,-0.41,0.01,0.07,-0.01,0.03
0.0,0.13,-0.24,0.05,-0.01,0.1,0.03
0.0,-0.85,0.38,0.48,-0.2,0.2,0.03
-0.29236126694726083,0.98,-0.99,-0.13,0.2,0.04,0.03
4.105626298751397,1.75,-1.31,-0.26,0.02,0.01,0.03
1.4085658972814663,0.18,0.12,0.07,-0.07,-0.2,0.03
-0.8332087445681591,-0.01,-0.04,0.21,-0.11,-0.06,0.03
0.28003757946108987,0.3,-0.26,-0.12,0.0,0.11,0.03
-0.27925555895328413,-0.21,0.22,0.23,-0.09,0.16,0.03
-0.840605932545524,-0.32,0.1,0.23,-0.04,0.19,0.03
-0.5649498772653749,-0.33,0.22,0.18,0.03,-0.1,0.03
-1.1362703502123206,-1.12,0.39,0.18,-0.06,0.06,0.03
-3.7356964966833273,-1.66,0.32,0.41,-0.08,0.37,0.03
3.283685206803977,0.21,-0.46,-0.09,0.02,-0.25,0.03
-1.734233874669211,-0.1,0.22,0.06,-0.05,0.04,0.03
-2.75802566388782,-1.28,0.26,0.48,-0.13,0.38,0.03
3.0300853300732067,0.59,-0.57,-0.34,0.12,-0.03,0.03
-1.1763804470634853,0.1,-0.2,0.06,-0.11,0.04,0.03
1.190383890395097,0.13,0.0,-0.1,0.09,-0.22,0.03
-4.11765588216576,-0.17,0.29,0.04,-0.22,0.33,0.03
-2.453789361173153,-1.12,0.16,0.62,-0.23,0.37,0.03
-0.6288922439729783,-0.03,-0.17,0.0,0.02,0.11,0.03
3.164307121642951,1.25,-0.68,-0.31,0.12,-0.18,0.03
-1.5336460974112232,-0.63,0.17,0.17,-0.09,0.18,0.03
0.31145939563093084,0.15,-0.1,-0.04,-0.09,0.01,0.03
1.5527506299418015,0.89,-0.66,-0.29,0.28,-0.1,0.03
0.0,0.1,-0.01,0.23,-0.06,0.23,0.03
-2.4463384220912765,-0.22,0.64,0.29,-0.08,0.24,0.03
-2.5079333290340955,-1.1,0.3,0.41,-0.01,0.27,0.03
2.250974262106986,1.88,-1.31,-0.26,0.09,-0.21,0.03
-2.2014208454746886,0.37,-0.23,-0.31,0.17,-0.18,0.03
-1.607593416368136,0.12,0.12,-0.15,0.27,-0.08,0.03
1.3070873838230135,0.12,0.31,-0.22,0.06,-0.13,0.03
4.516058537123269,0.37,-0.07,-0.37,0.09,-0.51,0.03
1.2345904850715739,-0.1,0.19,-0.16,0.27,-0.2,0.03
0.0,0.23,-0.17,0.13,0.02,0.17,0.03
2.4391104858113133,0.56,-0.28,-0.12,0.16,0.12,0.03
-0.892798173360887,-0.35,0.33,0.29,0.0,0.35,0.03
1.5013945416007868,0.69,-0.62,0.0,-0.05,0.01,0.03
-1.183361131387628,-0.47,0.37,0.3,-0.13,0.09,0.03
-0.598776448332683,0.27,-0.2,-0.01,0.12,0.26,0.03
3.0118338576864856,0.17,-0.18,-0.42,0.31,-0.25,0.03
2.924086969050599,-0.35,0.19,-0.04,0.14,-0.17,0.03
-0.5681184651423199,0.19,-0.07,0.0,-0.13,-0.03,0.03
-2.285881318948768,-0.34,-0.1,0.39,0.04,0.09,0.03
1.4621694302517474,-0.23,0.06,0.06,0.07,0.09,0.03
0.28820175195125586,0.27,-0.19,-0.19,0.15,0.05,0.03
1.1493357148112393,1.08,-0.42,-0.29,-0.01,-0.17,0.03
-1.7044239212783086,-0.08,0.6,0.23,0.07,-0.11,0.03
-1.734267077010332,-0.32,-0.6,0.03,0.15,-0.13,0.03
-2.3528014338074166,-0.19,0.31,-0.17,0.18,-0.15,0.03
-1.506186785968422,0.37,-0.21,0.15,-0.18,-0.04,0.03
-2.752083304573816,0.15,-0.01,0.16,0.0,0.03,0.03
0.0,1.58,-1.51,0.09,0.25,0.21,0.03
-3.1447321212914714,0.07,0.05,0.05,0.04,0.04,0.03
1.2985667534734846,-0.13,0.01,-0.03,0.13,-0.02,0.03
-0.6409545599729949,-1.25,0.89,0.54,-0.19,0.35,0.03
0.645089289187939,0.3,-0.41,0.05,-0.19,-0.18,0.03
-0.6409545599729949,0.1,0.07,-0.19,0.17,-0.09,0.03
-0.6451004049009668,0.2,-0.18,0.12,-0.23,0.08,0.03
2.2728414400196684,0.8,-0.6,-0.14,0.19,-0.25,0.03
1.5872201506313743,-0.69,0.57,0.03,0.13,-0.11,0.03
3.7499979809368034,1.66,-1.43,-0.46,0.48,0.37,0.03
-1.2049535804228184,0.16,-0.24,0.36,-0.25,0.2,0.03
-2.4388898659198355,-0.32,0.16,0.16,0.41,0.12,0.03
-0.3125186763344834,-0.05,-0.15,0.37,0.01,0.08,0.03
-1.5675352955772048,-0.34,0.13,0.21,-0.17,0.2,0.03
-0.6369488262576661,-1.33,0.31,0.59,-0.01,-0.01,0.03
-1.2819201644123424,0.33,-0.09,0.12,0.08,0.11,0.03
0.32458295196629017,0.09,-0.07,-0.03,0.38,0.17,0.03
-1.6179986486382747,0.05,-0.16,0.14,-0.06,0.29,0.03
-1.9738247805724751,-0.04,-0.14,0.21,-0.12,0.27,0.03
-0.3355678699892839,0.08,0.06,0.29,-0.33,0.04,0.03
1.683709039800041,-0.77,0.3,0.03,-0.05,0.15,0.03
-0.6624847703010861,-0.9,-0.16,0.25,0.02,0.21,0.03
2.6668075646115508,0.38,0.01,-0.22,0.02,-0.2,0.03
1.9479228514699853,-0.54,0.22,0.03,-0.1,0.06,0.03
0.6371902568700794,0.08,0.07,0.15,-0.09,0.1,0.03
-2.531761931743093,-1.82,0.91,0.29,-0.12,0.23,0.03
0.9739390499627687,-0.2,-0.4,0.16,0.04,0.19,0.03
0.3214965233257594,0.16,-0.15,0.01,0.08,0.03,0.03
-2.5639397290218136,-1.56,0.43,0.47,-0.25,0.21,0.03
0.6579000315229067,0.11,-0.49,-0.19,-0.11,-0.11,0.03
-0.6535999969370265,0.58,-0.53,-0.17,0.13,-0.13,0.03
-3.3641077282538845,-0.22,-0.37,0.4,0.22,0.32,0.03
-1.3650896723123251,0.27,-0.44,0.24,-0.02,0.14,0.03
2.0759674610342893,0.62,-0.28,-0.19,0.13,0.01,0.03
-1.0168504617487861,-0.58,0.45,0.43,-0.09,0.41,0.03
0.0,0.36,-0.44,-0.11,-0.03,0.03,0.03
0.6848761240359158,0.8,-0.46,-0.45,0.29,-0.33,0.03
2.3810475692825017,0.91,-0.08,-0.32,0.11,-0.28,0.03
2.9898759510563533,-0.19,0.52,-0.15,-0.11,-0.34,0.03
1.2902418998463006,-0.2,0.34,-0.42,-0.14,-0.3,0.03
0.6371769868943833,0.86,-0.36,-0.21,0.29,-0.37,0.03
0.0,0.84,-0.57,0.01,0.3,0.02,0.03
-0.3164136724030375,0.13,-0.1,0.15,-0.11,0.2,0.03
-0.6351633666887957,-0.48,0.35,0.07,0.18,0.35,0.03
0.0,0.12,-0.07,0.03,0.1,0.13,0.03
-1.5973779275965438,-0.18,-0.12,0.33,0.01,0.15,0.03
0.6493322451617267,-0.17,-0.09,0.12,0.05,0.19,0.03
2.580738788210324,-0.33,0.37,-0.02,0.0,0.12,0.03
-0.6288693029794179,-0.3,0.3,-0.12,-0.06,-0.04,0.03
1.5821553695214208,0.6,0.23,-0.39,0.01,-0.07,0.03
1.5575559186739252,0.69,-0.63,-0.33,0.37,-0.1,0.03
0.6134904648213313,-0.31,0.3,-0.13,0.16,-0.24,0.03
1.8294062963916113,-0.1,-0.07,-0.08,0.06,0.12,0.03
-1.796540275474856,-0.1,0.27,0.07,-0.28,-0.04,0.03
0.3051001325264924,0.37,-0.16,-0.22,-0.23,-0.18,0.03
-1.5199516968265492,-0.3,0.13,0.07,0.06,0.08,0.03
-0.6172667299363832,0.11,0.05,-0.06,0.07,0.11,0.03
0.6211005771586287,0.67,-0.18,-0.3,0.07,-0.14,0.03
-0.6172667299363832,-0.23,1.36,-0.25,-0.13,-0.02,0.03
0.310614328369363,-0.82,0.59,0.28,-0.04,0.12,0.03
4.024737725861893,1.3,-0.4,-0.07,-0.12,-0.29,0.03
0.5952212302663851,0.22,0.04,0.28,-0.32,0.29,0.03
0.8875184613702736,0.29,0.29,0.42,-0.35,0.28,0.03
0.8799729087150654,0.12,-0.16,0.34,-0.28,0.16,0.03
-0.8722969320296592,-0.21,0.0,0.08,0.07,0.01,0.03
-1.1729377414455122,0.43,-0.38,0.05,0.07,-0.17,0.03
1.483555724256802,0.36,-0.08,-0.08,-0.04,0.01,0.03
1.1697899217805174,0.14,-0.04,0.06,-0.08,0.14,0.03
1.155995871869031,0.12,-0.13,0.15,-0.03,0.11,0.03
-7.714272247638199,-0.21,0.02,0.23,-0.2,0.4,0.03
-1.5479433091831418,0.88,-0.26,0.0,-0.13,-0.06,0.03
1.8866727541952955,0.14,0.14,-0.17,-0.23,-0.13,0.03
1.2345440672883568,-0.06,0.17,0.04,-0.14,0.05,0.03
0.0,-0.61,0.3,0.15,0.03,-0.13,0.03
1.5245681153491564,1.04,-0.9,-0.19,0.13,0.11,0.03
-0.30031210868369795,0.26,-0.02,-0.05,0.09,-0.12,0.03
0.6023816388039283,0.8,-0.31,-0.46,0.13,-0.19,0.03
-9.880179199217643,0.63,-0.55,-0.03,0.07,0.12,0.03
-0.6646490425610163,0.33,-0.18,-0.26,0.15,-0.46,0.03
1.0035810571215942,0.77,-0.29,-0.18,0.28,-0.12,0.03
3.9732312339597398,-0.01,0.45,-0.43,0.05,-0.21,0.03
1.2740584523828646,0.0,0.38,-0.12,-0.19,-0.09,0.03
-1.2580304096155959,0.1,0.33,-0.32,0.09,-0.02,0.03
-1.910731958363443,-0.17,0.11,0.35,-0.03,0.26,0.03
1.2986421734330067,1.04,-0.43,0.17,-0.05,-0.21,0.03
-1.9229023714382065,-0.22,0.31,0.18,0.1,0.13,0.03
0.0,-0.7,0.49,0.22,0.02,0.14,0.03
-2.614548950153972,-1.27,0.5,0.33,-0.09,0.5,0.03
-0.6711107528225013,0.04,-0.38,0.2,0.05,0.01,0.03
-3.3784343927275473,-0.1,0.37,-0.21,0.02,0.13,0.03
1.3988392975701647,0.74,-0.35,-0.1,-0.03,-0.09,0.03
0.34474618195674545,0.22,0.14,0.16,-0.3,0.17,0.03
1.3094557315527444,0.55,-0.23,-0.13,-0.1,-0.02,0.03
2.040683809944799,-0.23,0.08,0.11,-0.09,0.14,0.03
-1.9998727309057052,-1.47,0.68,0.2,-0.13,0.28,0.03
0.0,0.26,-0.27,0.03,-0.2,0.21,0.03
-2.0407071252507514,-1.37,0.8,0.12,-0.01,0.32,0.03
1.3888130231537454,0.07,-0.29,0.12,0.0,0.04,0.03
-0.6848711311013944,0.31,-0.01,0.11,0.04,0.17,0.03
-0.6896412348091463,-0.37,0.48,0.12,-0.01,0.09,0.03
-2.7778878574719057,0.84,-0.22,-0.2,0.01,-0.3,0.03
-0.7142475063274367,0.36,0.08,0.04,-0.03,-0.03,0.03
2.1581139521941184,0.99,-0.49,-0.03,-0.12,-0.04,0.03
0.7041764421180874,-0.17,0.44,0.07,0.02,0.01,0.03
-1.3984629987289443,0.07,0.17,-0.08,0.09,-0.05,0.03
-2.12758277325924,-0.1,0.04,0.04,0.01,0.11,0.03
1.4492219112359095,-0.25,0.37,-0.01,0.16,0.06,0.03
0.0,0.61,-0.52,-0.1,0.22,-0.03,0.03
0.7142597468632772,-0.07,-0.08,0.01,-0.04,0.07,0.03
-0.7091942577530763,0.39,-0.03,0.01,0.02,0.39,0.03
0.7142597468632772,0.8,-0.33,-0.13,-0.04,-0.03,0.03
-1.0638400015362537,-2.08,0.49,0.59,-0.3,0.41,0.03
0.0,-0.97,0.05,0.31,0.1,0.17,0.03
0.0,0.45,0.13,-0.12,-0.1,-0.1,0.03
-2.8675075675055894,-0.28,0.25,0.09,0.1,0.17,0.03
1.4763302835137493,-0.39,0.51,0.02,-0.04,-0.21,0.03
-1.8184308530344029,0.36,-0.48,0.1,-0.1,0.2,0.03
0.7406955598505904,0.35,0.18,-0.16,-0.03,-0.12,0.03
0.735596114412429,0.24,-0.14,-0.15,0.09,0.09,0.03
1.4597424875632425,0.06,-0.05,-0.08,0.02,-0.12,0.03
2.5177636524983837,0.76,-0.18,0.1,-0.04,-0.1,0.03
-1.7542110632049468,0.45,-0.25,-0.13,0.1,-0.02,0.03
-1.4285194937265544,-0.25,0.09,-0.05,0.15,0.12,0.03
1.4492219112359095,0.27,-0.04,0.15,-0.26,0.08,0.03
2.85725931709806,-0.26,0.24,0.03,0.01,0.06,0.03
3.8192655649414764,0.56,-0.11,-0.3,-0.02,-0.46,0.03
-1.003331523752582,-0.01,0.09,-0.15,0.04,-0.22,0.03
2.027232161155923,0.4,-0.01,-0.06,-0.18,-0.19,0.03
1.9865775193877555,0.19,0.26,-0.19,-0.02,-0.14,0.03
0.0,-0.75,0.34,-0.01,0.18,-0.14,0.03
0.6493160376754625,1.32,-0.69,-0.19,-0.04,-0.33,0.03
1.2902321356470736,0.07,-0.24,0.05,0.01,0.12,0.03
2.229450715072878,1.13,-0.78,-0.09,0.33,-0.09,0.03
1.8690267618366452,0.35,-0.2,-0.06,0.19,-0.06,0.03
-0.30577869751523545,-0.21,0.27,0.08,0.0,0.27,0.03
-1.533645937382655,0.72,-0.42,-0.09,0.11,-0.08,0.03
0.0,-0.16,0.19,0.04,-0.15,0.15,0.03
-0.31150446030611123,-0.45,0.55,-0.35,0.27,-0.05,0.03
-0.6249556854473481,0.1,0.07,-0.01,-0.1,0.02,0.03
-0.9433181380406053,0.71,-0.3,-0.1,0.02,0.32,0.03
-0.9526495443045846,0.05,0.22,0.0,0.05,0.06,0.03
0.0,-0.14,0.04,-0.09,-0.14,0.05,0.04
2.2437635336548523,-0.21,0.44,0.03,-0.02,0.15,0.04
0.9403397501387634,0.01,0.22,-0.29,0.33,-0.16,0.04
1.8632871985540422,-0.06,0.28,-0.22,0.08,-0.29,0.04
1.2196886855000644,0.01,0.21,0.13,-0.01,0.01,0.04
1.8071105082281935,-0.49,0.07,0.1,-0.09,0.24,0.04
0.59167451594484,-0.19,0.28,-0.08,0.32,0.07,0.04
1.76487529322773,0.15,-0.03,-0.26,0.22,-0.26,0.04
1.4449737352245418,0.3,-0.13,-0.26,-0.07,-0.09,0.04
2.564225246710694,1.82,-1.33,-0.33,0.01,-0.41,0.04
2.222034987504462,0.66,-0.68,0.01,0.1,-0.1,0.04
-1.3586476929113522,-0.18,0.04,0.35,0.03,0.18,0.04
-0.27543446879394473,0.62,-0.07,-0.32,0.1,-0.17,0.04
-1.1048376292771445,0.18,0.26,-0.17,0.04,-0.03,0.04
2.2344379119576097,0.78,-0.51,0.01,0.12,0.01,0.04
0.7667062123196233,0.25,-0.46,0.23,0.04,0.2,0.04
-1.0868745000312208,-0.92,0.67,0.3,-0.22,0.19,0.04
4.944983035531658,0.2,-0.02,0.02,0.01,0.29,0.04
1.0472919227645372,0.08,0.26,-0.21,-0.03,0.04,0.04
0.5180725133183905,0.66,-0.22,-0.1,-0.15,-0.02,0.04
-2.0618826574930083,-0.61,0.38,0.28,-0.13,0.0,0.04
0.5262350770466995,0.4,0.1,-0.02,0.03,-0.05,0.04
2.094360032683862,0.42,0.03,0.05,-0.09,0.02,0.03
0.5127679895839732,0.97,-0.48,-0.16,0.07,0.03,0.03
-4.0815831569896215,-0.87,0.45,0.36,0.07,-0.09,0.03
-0.5319058950136846,0.44,-0.5,0.01,-0.12,0.03,0.03
3.208602163122931,0.81,-0.34,-0.22,0.11,-0.02,0.03
-1.2954958035905073,0.0,0.22,-0.09,0.09,-0.09,0.03
-1.3122298950156708,-0.02,-0.03,0.11,0.14,-0.04,0.03
1.0637935993023317,-0.12,0.08,0.15,-0.05,0.1,0.03
2.105291293564737,-0.67,0.24,0.51,-0.13,0.35,0.03
2.3194648453285893,-0.1,-0.06,0.28,-0.22,0.27,0.03
-4.282027383005449,-1.06,0.45,0.11,-0.1,0.14,0.03
-6.315873880694111,0.25,-0.01,-0.16,0.05,-0.06,0.03
-1.1235779119656786,0.08,-0.39,-0.11,0.0,0.15,0.03
-2.272574695037388,-0.2,0.0,0.16,0.18,0.03,0.03
-1.1629692967635497,-0.21,-0.03,0.04,0.12,0.36,0.03
1.7648694795022069,0.39,-0.29,-0.14,0.0,-0.1,0.03
1.44498772262045,1.41,-0.96,-0.36,0.21,0.06,0.03
-0.8546334018669111,-0.29,0.12,0.26,0.13,-0.13,0.03
-2.0116125743007807,0.5,-0.12,0.07,0.11,0.07,0.03
-2.0526784878841187,-0.7,0.12,0.29,-0.26,0.13,0.03
-2.694703757982264,-1.83,0.29,0.7,-0.07,0.58,0.03
1.5386528887346929,-0.53,0.16,0.4,-0.11,-0.21,0.03
-1.2123069959011468,0.33,-0.26,-0.1,0.23,-0.02,0.03
-0.6135081951804344,0.31,-0.21,-0.02,0.05,0.26,0.03
1.852054940268033,0.35,0.42,-0.02,0.07,-0.09,0.03
0.0,0.91,-0.51,-0.32,-0.2,0.05,0.03
-1.818377588310982,0.52,-0.3,0.07,0.09,0.0,0.03
-1.8516855109065755,0.48,-0.32,-0.11,0.09,-0.07,0.03
0.6288660891414333,0.3,0.12,0.02,0.19,0.09,0.03
1.56240431748369,0.06,0.14,-0.08,0.01,-0.13,0.03
0.3076926962207738,0.37,-0.44,0.17,0.08,-0.01,0.03
0.0,0.19,0.07,-0.35,0.12,-0.2,0.03
-3.6810386807145323,-0.31,0.17,-0.04,-0.06,0.12,0.03
3.1847628374704007,1.09,-0.46,-0.65,0.22,-0.26,0.03
-1.2344640440207777,-0.58,0.37,0.04,0.03,0.13,0.03
0.0,0.42,-0.51,-0.25,0.04,-0.21,0.03
-1.8751502198807612,-0.59,0.13,-0.03,0.03,0.02,0.03
-1.273789687416993,0.02,-0.11,-0.02,0.18,-0.12,0.03
-1.290213401389273,1.0,-0.68,-0.45,0.47,-0.08,0.03
2.614166156668718,1.02,-0.59,-0.59,0.18,0.06,0.03
0.31877688308328267,0.1,-0.12,0.02,-0.13,-0.02,0.03
0.9522929616414322,0.94,-0.8,0.08,0.25,-0.04,0.03
0.31443304457070553,-0.5,0.3,0.43,-0.07,-0.13,0.03
1.567258751962819,0.18,-0.09,0.06,0.07,-0.13,0.03
1.852054940268033,0.23,0.33,-0.09,0.26,-0.4,0.03
3.636091932296015,-0.22,0.31,0.16,0.03,-0.07,0.03
2.3393159594984336,1.27,-0.75,-0.04,0.08,-0.01,0.03
0.8570750462438159,0.08,0.03,-0.03,-0.02,-0.09,0.03
-0.28327681521680415,-0.47,0.62,0.11,0.28,0.06,0.03
-1.7044115902553059,0.35,-0.03,0.16,0.19,-0.13,0.03
-3.1792299731145945,-0.8,0.58,0.12,-0.11,0.02,0.03
-2.6866598637039107,-0.5,-0.01,-0.05,0.12,0.21,0.03
1.5339121079198659,0.33,-0.34,0.15,-0.14,0.17,0.03
-2.4170207490100903,0.19,-0.2,-0.02,0.14,0.1,0.03
1.5478721337382595,-0.27,0.11,-0.2,0.07,-0.17,0.03
3.0488484501822732,0.31,-0.21,-0.06,-0.25,0.07,0.03
0.2372856352647057,-1.28,0.62,0.22,-0.34,0.15,0.03
1.479443769437827,0.01,-0.13,-0.46,0.27,-0.1,0.03
2.0407091444881065,0.87,-0.33,-0.15,-0.17,-0.09,0.03
0.8570834228514679,1.68,-0.99,-0.26,0.09,-0.09,0.03
1.4166553827153594,-0.17,0.3,0.09,0.15,-0.12,0.03
0.0,0.3,-0.32,-0.02,-0.13,0.08,0.03
-1.3968665968812966,-0.5,0.42,0.15,-0.05,-0.04,0.03
0.8498385887550919,0.24,0.05,0.16,-0.02,-0.07,0.03
0.0,0.13,0.15,0.18,-0.1,0.19,0.03
0.28111601515055096,0.59,-0.32,-0.03,0.07,0.05,0.03
0.2801368334589105,-0.22,0.23,-0.05,0.12,-0.16,0.03
0.0,-0.84,0.48,0.15,0.11,0.0,0.03
0.0,-0.18,0.32,0.27,-0.24,0.3,0.03
0.558565567864977,0.09,0.33,0.0,-0.05,0.02,0.03
1.6665499402515493,-0.29,-0.22,0.16,0.17,0.0,0.03
0.54643219459658,0.33,-0.05,-0.12,-0.14,0.22,0.03
-2.1737852635513977,-0.77,0.69,0.11,-0.2,0.12,0.03
-0.5554629431224534,-0.74,0.11,-0.23,0.14,0.04,0.03
0.558565567864977,0.19,-0.78,0.05,0.13,-0.09,0.03
-2.2223256280315296,0.34,-0.49,-0.15,0.21,0.2,0.03
-1.7044375703009873,0.06,-0.06,-0.17,-0.03,0.09,0.03
3.1792572105964867,-0.09,-0.05,0.04,-0.13,0.16,0.03
0.2801368334589105,-0.11,0.17,-0.13,0.12,-0.03,0.03
0.2792875489558533,0.26,-0.09,0.03,0.2,0.23,0.03
0.8355481250821084,-0.71,0.3,-0.02,0.0,-0.02,0.03
0.0,0.12,0.23,-0.22,0.16,-0.23,0.03
-1.10482647421567,0.11,-0.24,-0.5,0.41,-0.4,0.03
1.6758396542956744,0.89,-0.28,-0.49,0.41,-0.19,0.03
-2.1979054034801604,0.26,0.17,0.02,-0.04,0.26,0.03
-0.28090517574325125,0.45,-0.14,0.02,-0.1,-0.3,0.03
-1.6900346952491208,0.95,-0.67,-0.28,0.19,-0.16,0.03
1.4325487911220014,0.53,-0.44,-0.08,0.12,-0.08,0.03
2.8249802907903465,0.06,0.11,0.08,0.02,-0.23,0.03
5.769316567963045,0.47,-0.24,-0.24,0.02,0.06,0.03
2.856971193148672,0.2,-0.02,-0.18,0.22,-0.34,0.03
0.0,-0.2,-0.1,-0.15,0.02,0.09,0.03
-1.2625337105572787,-0.59,0.15,0.13,-0.12,0.21,0.03
-0.25575992091696476,-0.41,0.25,-0.13,-0.08,0.17,0.03
-6.153916273278925,-5.53,2.02,0.95,-0.38,0.14,0.03
2.185924535326622,1.64,-3.51,-0.61,0.76,0.01,0.03
1.0694223708881623,-0.43,0.29,-0.3,0.05,-0.35,0.03
2.1165384111674124,0.25,0.35,-0.38,-0.1,0.03,0.03
1.036175684329299,1.51,-0.2,-0.64,-0.26,-0.08,0.03
-1.538573110457253,-0.05,-0.02,0.13,-0.06,0.12,0.03
-2.6040030844489137,-0.68,-0.01,-0.02,0.17,-0.13,0.03
1.8714868684664765,-0.56,-0.84,-0.14,0.23,0.1,0.03
-2.3620160397734957,-0.26,0.54,0.18,-0.37,0.25,0.03
-2.6882639541841002,-1.14,0.29,0.21,-0.19,0.15,0.03
0.0,-0.99,-0.17,0.4,-0.22,0.36,0.03
1.104911297021749,-0.07,-0.4,0.0,0.12,-0.12,0.03
1.6395016624891179,1.34,-0.79,-0.24,0.09,-0.06,0.03
-0.8066607798546177,0.29,-0.09,0.2,0.1,-0.06,0.03
-4.606984004643699,-0.65,0.31,0.32,-0.3,0.34,0.03
-1.7044375703009873,-0.2,0.28,0.01,-0.12,0.25,0.03
0.0,-1.36,0.4,-0.03,0.02,0.24,0.03
1.7339923880287156,0.49,-0.5,0.01,0.34,0.08,0.03
2.272835432327125,0.97,-0.09,-0.71,0.48,-0.37,0.03
2.222088700260705,-0.34,0.36,0.0,-0.12,-0.17,0.03
1.630582314006901,0.59,-0.29,-0.33,0.1,-0.15,0.03
-0.5347339913224558,0.16,-0.23,-0.15,-0.07,0.17,0.03
-3.7633897765371516,-0.47,0.16,0.26,-0.26,0.15,0.03
-1.117569517878736,0.58,-0.39,-0.12,-0.19,-0.06,0.03
1.1302002918312182,0.02,-0.09,-0.05,0.03,0.03,0.03
0.24633264742413008,0.28,0.02,-0.25,-0.17,-0.08,0.03
1.1172475343607546,-0.64,0.02,-0.09,-0.03,0.0,0.03
0.0,-0.08,-0.24,-0.02,0.04,0.18,0.03
-1.10490303247337,0.54,-0.27,-0.24,0.03,0.06,0.03
0.0,0.54,-0.22,-0.16,0.1,0.04,0.03
-1.6761042139463056,0.37,-0.25,0.23,0.04,0.21,0.03
0.28404665837158394,0.08,0.12,0.15,-0.26,0.19,0.03
-0.2832421185986034,-0.56,0.22,0.06,-0.21,0.17,0.03
0.5681609975453972,0.45,-0.5,-0.23,-0.27,0.14,0.03
-0.5649511653685879,1.06,-0.91,0.0,0.2,0.11,0.03
2.8409693553896664,0.26,-0.27,0.05,0.17,0.07,0.03
-0.5524468154418316,-0.38,0.25,0.15,-0.08,-0.11,0.03
-5.000218383174159,-0.31,0.39,0.17,-0.33,0.15,0.03
0.0,-0.25,0.03,-0.26,-0.09,-0.04,0.03
-2.339009086432786,0.16,-0.09,0.15,-0.02,0.18,0.03
-5.988158493384543,-0.14,-0.34,0.01,0.01,0.45,0.03
-8.28003537781865,0.59,-0.82,0.34,-0.18,0.59,0.03
0.0,0.26,-0.12,0.11,-0.29,0.18,0.03
-3.125099708184431,-0.54,-0.21,0.17,-0.23,0.26,0.03
-3.225924894928389,-0.39,-0.18,-0.28,-0.02,0.36,0.03
2.963127903193752,-1.74,0.12,0.28,-0.05,0.48,0.03
0.7193363418922738,-0.43,-0.26,-0.07,0.2,0.1,0.03
2.1427727963872822,0.1,0.06,0.33,0.09,-0.12,0.03
1.398837067194969,0.53,0.04,-0.05,0.08,-0.39,0.03
0.6895702702008011,0.79,0.01,-0.35,0.28,-0.07,0.03
-2.739863098048567,-0.09,0.21,0.07,0.0,-0.21,0.03
-1.0562283390263216,0.5,-0.21,-0.12,0.13,-0.18,0.03
-1.4234047671012329,0.46,-0.31,-0.28,0.29,-0.3,0.03
1.8049369193262166,0.77,0.34,-0.29,-0.2,-0.26,0.03
5.6737203480714316,1.44,-0.68,-0.06,0.19,-0.44,0.03
0.6710938003225975,-0.06,0.71,-0.26,0.16,-0.45,0.03
0.33362205345237594,-0.71,0.44,-0.24,-0.05,-0.04,0.03
0.3322187388238529,-0.85,0.73,-0.21,0.01,-0.12,0.03
0.6621923231444171,0.3,-0.4,-0.27,0.04,0.3,0.03
-0.9867766642801756,-1.01,0.87,0.08,-0.12,0.17,0.03
-4.318990594146022,-0.76,-0.04,0.3,-0.23,0.38,0.03
-4.1667031032377455,0.23,-0.19,0.09,0.03,0.22,0.03
0.0,-2.33,0.25,0.41,-0.36,0.25,0.03
-0.7245733898449735,-0.95,0.04,0.5,-0.3,0.2,0.03
1.824685487768063,0.92,-0.7,-0.42,0.47,-0.35,0.03
-4.659508679341206,-0.76,0.94,-0.22,-0.07,0.03,0.03
-2.6314562197506386,0.05,-0.6,-0.03,0.08,0.16,0.03
5.791521240393838,0.31,0.1,-0.03,-0.56,0.09,0.03
-2.919844570246366,-2.31,0.78,0.48,-0.19,0.16,0.03
1.5036463149652235,-0.06,-0.44,0.04,0.07,0.33,0.03
0.7406953156503082,-0.44,-1.08,-0.45,0.22,-0.1,0.03
0.367984411509914,-1.07,1.0,0.35,-0.38,0.28,0.03
-4.02936622510115,-0.36,-0.54,0.41,0.0,0.02,0.03
1.526600994564209,-0.34,-0.71,0.04,0.13,0.33,0.03
2.2554790684344184,-0.9,-0.69,0.57,-0.29,0.14,0.03
0.0,1.67,-1.22,-0.16,-0.07,-0.04,0.03
-1.1028396279528119,0.08,0.56,0.01,-0.25,0.01,0.03
1.8589341403262294,0.73,0.27,-0.53,-0.15,0.09,0.03
2.1895977431918734,0.38,0.22,-0.29,0.0,-0.24,0.03
-0.714198850010761,-0.54,0.56,0.15,-0.17,-0.06,0.03
-4.316593442076044,1.07,-0.39,-0.3,-0.03,-0.22,0.03
-0.7517879721985032,-0.09,0.31,-0.12,0.11,0.1,0.03
3.787928840360455,0.24,0.02,0.08,-0.05,-0.22,0.03
-0.7302219849246727,-0.93,0.53,0.19,0.0,0.14,0.03
1.4708240394627259,0.14,-0.48,0.13,0.08,0.11,0.03
-0.7245733898449735,0.2,-0.1,0.13,0.03,0.13,0.03
0.0,0.78,-0.34,0.03,0.34,0.03,0.03
-1.142651024157193,-0.5,0.54,0.18,-0.19,0.1,0.03
-0.7407417645257652,-1.35,0.48,0.33,-0.15,0.06,0.03
1.4924634412723403,-0.21,-0.42,0.43,-0.03,0.16,0.03
-2.9409083170622297,-0.37,0.83,0.03,0.13,-0.38,0.03
0.7574596193086203,-0.55,-0.19,0.49,0.17,0.0,0.03
2.25547445208929,1.0,-1.26,-0.1,0.32,-0.04,0.03
-1.470516519816223,0.53,-0.16,-0.08,-0.02,-0.08,0.03
1.4924634412723403,0.53,0.14,-0.14,-0.17,-0.31,0.03
0.7356573721328585,0.26,-0.06,-0.13,0.1,-0.3,0.03
-1.460136612635854,0.81,-0.02,-0.24,0.23,-0.25,0.03
2.2223949161477297,-0.37,0.54,-0.11,0.12,0.03,0.03
2.1738386266445975,1.07,-0.46,-0.38,0.26,0.13,0.03
0.35459504093855454,-0.22,0.56,-0.28,0.03,-0.14,0.03
3.8869669674997276,0.84,-0.12,-0.54,0.33,-0.12,0.03
0.34012168962338496,-0.53,0.49,0.03,-0.21,-0.1,0.03
-0.6779375665408538,0.15,-0.15,-0.02,0.34,-0.24,0.03
0.6825649306215764,-0.69,0.5,0.26,-0.02,-0.12,0.03
0.33892278397837927,0.23,0.16,-0.32,-0.04,0.01,0.03
-0.6756017988236218,0.25,0.04,-0.22,0.08,-0.09,0.03
9.523776555419783,0.9,-0.38,-0.6,0.16,-0.14,0.03
5.279481903606009,0.38,-0.26,-0.74,0.46,-0.23,0.03
-2.3597434988318122,-0.55,0.34,0.16,0.07,-0.13,0.03
0.6041932865066935,-0.45,0.41,0.01,-0.13,0.09,0.03
-2.102246471245506,-1.22,0.33,0.36,0.06,0.31,0.03
3.6810064297341905,0.44,0.08,-0.37,0.15,-0.1,0.03
0.0,0.17,0.08,-0.13,0.35,-0.26,0.03
-0.5917114627259079,0.8,-0.73,-0.31,0.36,0.1,0.03
-1.785559231157885,0.09,-0.31,0.55,-0.38,0.38,0.03
-0.3030377794911332,-0.35,0.15,0.14,-0.08,0.23,0.03
-2.127774096614754,-0.18,0.32,0.02,-0.27,0.01,0.03
0.0,-0.42,-0.39,-0.05,0.35,0.01,0.03
3.7267625191352183,1.26,-0.65,-0.57,0.16,-0.21,0.03
-1.1975336304195783,-0.64,0.24,0.05,0.08,-0.09,0.03
-2.4243639167309206,-0.15,0.2,-0.43,-0.09,0.13,0.03
-0.9315958097995236,-0.29,-0.04,-0.24,0.13,0.02,0.03
3.1348323759688768,0.21,-0.71,-0.24,0.39,-0.15,0.03
0.3039588897612244,0.16,0.05,-0.21,0.3,-0.29,0.03
3.0301105114366678,0.01,0.14,-0.3,0.17,-0.55,0.03
1.7648425194572104,0.69,-0.39,-0.31,0.12,-0.24,0.03
1.1559514237046375,0.08,-0.06,-0.09,-0.03,-0.28,0.03
-1.1427418826429503,-0.08,-0.1,0.05,0.1,0.01,0.03
0.0,-1.07,0.47,0.2,-0.06,-0.24,0.03
-6.9364831180225295,-0.75,0.39,0.35,-0.16,0.25,0.03
0.0,-0.9,0.32,-0.25,0.11,0.12,0.03
-1.2421839360196918,-1.17,0.04,0.25,0.24,0.14,0.03
-2.515797812746745,-0.28,0.21,-0.04,0.01,0.13,0.03
0.0,0.45,-0.28,-0.18,0.02,0.1,0.03
0.3225671953889897,0.15,-0.01,-0.38,0.19,0.06,0.03
0.6429946406932396,-1.08,0.5,0.35,-0.31,0.24,0.03
0.6392768201294308,0.45,-0.3,-0.63,0.12,-0.2,0.03
0.6348821718525244,0.42,-0.23,-0.1,-0.03,-0.12,0.03
0.3153795641747559,0.55,-0.31,-0.16,-0.06,-0.36,0.03
0.628914781956369,0.31,-0.01,0.06,-0.15,0.08,0.03
0.0,0.75,-0.35,-0.12,0.04,-0.26,0.03
3.75007460733221,0.56,-0.31,-0.17,0.18,-0.24,0.03
0.6023530690844048,0.37,-0.43,0.12,0.12,0.0,0.03
0.2993884861176799,0.11,-0.19,0.12,-0.21,0.07,0.03
-1.1939489277741133,0.39,-0.07,-0.1,-0.05,0.12,0.03
3.0209459343811362,2.01,-1.18,-0.09,-0.01,0.22,0.03
-2.052661581638182,0.79,-0.36,-0.11,0.42,-0.01,0.03
0.0,-0.08,0.05,-0.08,0.21,-0.16,0.03
-0.29936817206651645,-0.11,0.15,0.03,-0.02,0.09,0.03
-0.30027726364743046,0.19,0.5,-0.3,0.07,-0.15,0.03
-4.216921084687176,0.09,0.22,-0.49,0.06,-0.07,0.03
-0.353145149985612,0.94,-0.16,-0.76,0.32,-0.42,0.03
4.746825787420006,0.15,0.2,-0.55,0.34,-0.23,0.03
1.5104075531927164,0.22,0.17,-0.57,0.43,-0.3,0.03
0.0,-0.08,0.29,-0.31,-0.12,0.0,0.03
-4.7618328430408585,-0.95,0.59,0.57,-0.27,0.12,0.03
2.4998387760086116,1.34,-0.95,-0.42,0.27,0.01,0.03
0.914882159452346,0.07,0.07,-0.01,0.01,0.2,0.03
-0.3021142169376101,0.07,0.03,-0.16,-0.01,-0.11,0.03
-1.2123136332410689,0.53,-0.06,0.11,0.07,-0.25,0.03
0.0,1.11,-0.62,0.26,-0.13,-0.02,0.03
-3.0672874901128355,-0.18,0.06,0.37,0.03,0.14,0.03
0.0,-0.36,0.28,0.14,-0.27,-0.07,0.03
-1.2660022099073465,-0.47,0.35,0.04,-0.07,0.01,0.03
-1.9229463882000641,-1.1,0.61,0.18,-0.26,0.1,0.03
1.960648609828053,0.67,-0.55,-0.07,-0.17,-0.05,0.03
3.8461530120651455,1.1,-0.63,-0.67,0.33,-0.23,0.03
-1.8517574911366852,-0.27,0.77,-0.49,-0.18,-0.13,0.03
0.0,-0.53,0.31,-0.2,-0.21,0.07,0.03
-0.628844973171161,-0.1,0.26,-0.3,0.0,0.07,0.03
-0.6331028107961711,-1.47,0.19,0.31,-0.15,0.19,0.03
0.9556186174968673,0.29,-0.43,-0.11,0.24,-0.2,0.03
0.946263498744937,0.06,-0.08,-0.13,0.19,0.12,0.03
4.6875056164095374,0.26,-0.25,-0.44,-0.01,0.1,0.03
-0.8954708998214378,-1.07,1.05,-0.01,-0.08,-0.04,0.03
-0.6023780865826667,-0.85,0.31,-0.05,-0.09,-0.07,0.03
-1.5152818358808773,-0.15,-0.05,-0.03,0.0,0.28,0.03
2.1539489028520764,0.65,-0.55,-0.12,0.07,-0.27,0.03
3.614462128286422,0.66,0.01,-0.77,0.09,-0.1,0.03
4.069780306723425,0.17,0.31,-0.03,-0.35,-0.03,0.03
-1.6761163927035194,0.3,-0.39,-0.13,0.39,-0.1,0.03
0.0,0.13,-0.18,-0.37,0.5,-0.24,0.03
-1.1362767007292218,-1.04,0.45,0.0,-0.07,0.14,0.03
2.8736179154419395,0.61,-0.39,-0.28,0.31,-0.15,0.03
4.1899271612427125,0.22,-0.33,-0.16,0.25,-0.36,0.03
0.8042338119953696,-0.67,0.4,-0.23,0.18,-0.23,0.03
0.0,1.04,-0.44,-0.5,0.18,-0.04,0.03
0.7978444864567891,1.02,-0.52,-0.53,-0.03,0.51,0.03
-1.3191619647465291,0.42,-0.14,-0.1,-0.01,-0.16,0.03
-2.406521306121001,0.37,-0.34,-0.46,0.11,-0.2,0.03
-3.013770544801808,-0.45,-0.25,0.51,-0.16,0.38,0.03
0.8476678740575005,-0.92,0.32,0.44,-0.22,0.18,0.03
-6.442658362856102,0.12,-0.64,0.06,0.01,0.53,0.03
-1.7965771938386221,-0.87,0.61,-0.02,-0.11,0.32,0.03
1.2197294227839217,-1.89,-0.48,0.73,-0.3,0.74,0.03
1.5059706912975201,0.0,-0.01,0.1,-0.27,0.9,0.03
0.29665526732503,0.35,0.11,-0.16,-0.02,-0.2,0.03
-2.0708451502835845,-0.25,0.41,0.0,-0.21,-0.43,0.03
0.0,-0.68,0.05,0.48,-0.24,0.56,0.03
2.4167604247240293,0.27,-1.11,0.31,-0.03,0.47,0.03
-0.884965378491398,0.07,-0.38,0.22,-0.31,0.65,0.03
0.8928669418023505,-0.2,-0.3,-0.07,0.01,0.35,0.03
2.6549560126959637,-1.21,-0.2,0.45,-1.04,1.42,0.03
-5.1723489276525925,-1.84,-0.75,0.62,-0.24,0.36,0.03
-4.242415978940572,-3.32,-0.25,1.34,-1.05,1.77,0.03
0.0,0.17,-0.07,-0.83,0.41,-0.43,0.03
1.5821574978136077,1.11,0.05,-0.73,0.78,-1.09,0.03
-1.5575151550090482,0.63,0.31,-0.95,0.46,-0.58,0.03
-1.8988694913840476,-1.19,0.18,0.55,-0.75,0.8,0.03
2.903322123393126,0.71,-1.06,-0.27,0.32,-0.06,0.03
-0.31352154594979087,0.21,0.21,-0.25,-0.25,-0.06,0.03
-1.2579665487666314,0.25,-0.15,-0.37,0.19,-0.32,0.03
-1.9107631750680643,-2.18,0.41,0.69,-0.6,0.82,0.03
-5.194713328900957,-1.55,-0.35,0.77,-0.28,0.98,0.03
0.9891159361403723,-0.11,-0.91,0.53,-0.12,0.65,0.03
-1.360424733635146,-2.0,-0.4,0.76,-0.27,0.34,0.03
-3.1035412401883233,-1.58,0.3,0.91,-0.32,0.3,0.03
-1.779283738534565,-3.24,-1.05,1.52,-0.01,0.3,0.03
2.8984031927834053,1.46,-0.36,-1.68,0.98,-1.57,0.03
6.338263938711619,3.2,0.07,-1.77,1.36,-1.56,0.03
0.9932744899131984,0.07,0.45,-0.09,0.24,0.04,0.03
-2.2952075998962873,0.74,-0.48,0.25,0.02,0.26,0.03
-2.684397249412984,-1.39,0.9,0.34,-0.33,0.31,0.03
2.0688452812404723,0.95,-0.8,-0.23,0.11,0.07,0.03
0.0,0.08,-0.36,-0.27,0.08,-0.01,0.03
-2.7025564177766803,0.35,0.17,-0.16,-0.19,0.72,0.03
-0.6946927409304804,-1.06,0.4,0.62,-0.86,0.57,0.03
1.7484684390596916,0.79,-0.47,-0.17,0.06,0.07,0.03
-1.7184223663345932,-0.38,0.62,0.0,0.24,-0.28,0.03
-4.895133759722514,-0.19,-0.15,0.03,-0.06,0.11,0.03
0.0,0.28,-0.38,-0.05,-0.07,0.34,0.03
-0.7352366752303108,-1.11,0.31,0.22,-0.18,0.39,0.03
0.740682444207108,-0.61,-0.09,-0.2,-0.08,0.24,0.03
-0.7352366752303108,0.18,-0.62,-0.14,-0.18,0.35,0.03
-1.1110236663106288,0.07,-0.6,-0.17,0.32,0.33,0.03
-2.621552095271029,-0.57,0.49,0.47,-0.13,0.44,0.03
-2.6925103134984307,-1.61,0.19,0.66,-0.35,0.61,0.03
-0.39517893036727925,-0.2,-0.64,0.13,-0.18,0.55,0.03
-3.9683981160132054,-2.19,-0.34,0.56,-0.2,0.68,0.03
-0.8263674362922524,1.03,-0.85,-0.77,0.73,-0.58,0.03
-0.8332953300032364,-1.07,-0.32,0.21,0.14,-0.01,0.03
-5.042068372699882,-1.51,-0.36,0.73,0.08,0.35,0.03
2.6551047891535173,1.5,-1.03,-1.1,0.87,-1.01,0.03
5.172057732630209,2.74,-1.5,-1.2,1.42,-1.54,0.03
-2.8686836907357294,0.2,0.5,0.16,0.24,-0.28,0.03
-8.860934415098631,-1.16,0.35,0.3,-0.19,0.82,0.03
3.703891374734858,0.19,-0.6,0.37,-0.3,0.25,0.03
0.0,-0.46,-0.22,0.34,0.26,0.36,0.03
4.017988525776084,0.53,-0.51,0.01,0.24,0.2,0.03
-3.8627823732434674,-2.55,0.56,0.72,-0.5,0.77,0.03
-5.357227689705546,-1.6,0.22,0.53,0.27,-0.08,0.03
4.717166120630223,-1.76,-0.41,0.79,0.23,0.25,0.03
1.8016565778263827,1.28,-0.96,-0.45,0.39,-0.62,0.03
-1.7697713754284972,0.91,-0.92,-0.17,0.46,-0.11,0.03
-9.910098728452876,-1.4,0.47,0.47,-0.39,0.52,0.03
6.000034909220431,-0.02,-0.15,-0.44,-0.06,-0.1,0.03
7.547139642801892,2.2,-0.78,-1.35,1.11,-1.48,0.03
10.087881051253023,1.77,-1.13,-0.48,0.13,-0.18,0.03
-0.7967422679221237,0.78,-0.95,-0.32,0.68,-0.45,0.03
-0.40156723039098674,-0.52,0.89,-0.18,-0.06,-0.44,0.03
-1.6132007861762276,-0.03,-0.04,0.01,-0.21,0.22,0.03
-1.6392231389033118,-0.66,0.6,0.1,-0.05,0.52,0.03
0.0,-1.68,0.5,0.08,0.03,0.38,0.03
-0.41665469181150216,-0.96,0.03,0.39,-0.06,0.32,0.03
1.6735424728092196,0.46,-1.23,-0.14,-0.01,0.05,0.03
1.2348735211328954,0.02,-0.09,0.39,-0.25,0.22,0.03
-0.8133463302753996,0.79,-0.7,0.13,-0.19,0.25,0.03
4.0985312935561735,1.55,-0.6,-0.31,-0.21,-0.3,0.03
4.724384616033261,0.96,-0.21,-0.5,0.4,-0.67,0.03
0.7518452822260047,-0.71,0.77,0.24,-0.34,-0.12,0.03
-0.7462347514528678,-1.59,0.85,0.33,-0.14,0.11,0.03
3.7594926901958647,0.44,-0.69,-0.14,0.16,-0.1,0.03
2.8984031927834053,1.81,-1.03,-0.19,-0.04,-0.64,0.03
2.112841739123028,1.92,-0.35,-0.62,0.33,-1.31,0.03
-0.6896228474582489,-0.34,0.66,-0.06,0.2,-0.53,0.03
2.777623253269579,0.82,0.12,-0.18,0.24,-0.53,0.03
-2.7025564177766803,-0.91,0.66,0.01,0.24,0.07,0.03
-2.1044910729792754,-0.05,-0.09,0.36,-0.43,0.1,0.03
3.558804944394356,0.58,-0.3,-0.38,0.32,-0.35,0.03
-2.4056422647242948,-1.09,0.53,0.01,-0.06,0.07,0.03
1.7607609786561396,0.07,-0.18,-0.18,0.23,0.09,0.03
0.6919945520739601,-0.25,0.45,-0.06,0.19,-0.18,0.03
1.0308179125940065,0.29,-0.49,0.17,-0.07,0.19,0.03
2.040749588629076,0.68,0.4,-0.81,-0.02,-0.21,0.03
-1.9999359048774368,0.04,0.37,0.05,-0.26,0.11,0.03
0.0,-0.39,0.48,-0.24,-0.06,-0.27,0.03
0.0,1.61,-0.67,-0.41,0.05,-0.21,0.03
3.741574342849896,0.68,-0.2,-0.24,0.56,-0.56,0.03
0.9835571222087447,0.72,-0.27,0.2,0.27,-0.33,0.03
4.220798356381583,1.18,0.46,0.22,0.33,-0.49,0.03
2.803849598850916,-0.22,0.61,-0.1,0.41,-0.45,0.03
3.0300974433212113,-0.39,0.29,-0.06,0.04,0.32,0.03
-1.76455013062905,0.22,-0.43,-0.08,0.27,-0.19,0.03
-4.1916763112129445,-0.61,-0.03,0.22,-0.26,0.19,0.03
-0.9374111006853925,0.93,-0.47,-0.5,0.25,-0.42,0.03
2.8388979722293817,-0.11,0.51,-0.39,0.24,0.2,0.03
-2.1470726625130387,-0.78,0.16,0.02,-0.28,0.06,0.03
0.6269065245383398,-0.39,-0.46,0.04,0.07,0.41,0.03
5.295863636425535,1.18,-0.64,0.03,0.04,-0.5,0.03
-0.8874806283505898,0.07,0.3,0.15,0.04,-0.08,0.03
5.074553387623149,0.06,0.03,-0.19,-0.03,-0.32,0.03
2.2728251611171313,0.3,-0.31,-0.11,0.19,-0.39,0.03
-2.222315808267339,-0.4,0.08,0.0,-0.01,0.25,0.03
-0.5681537648018042,0.24,-0.13,-0.07,0.01,0.32,0.03
-0.5713713825623801,-0.63,0.52,0.08,0.14,0.08,0.03
-1.149357890474323,-0.02,-0.13,-0.15,0.08,-0.01,0.03
0.0,0.43,0.69,-0.58,0.22,-0.02,0.03
1.162721724357496,-0.95,0.6,0.78,-0.55,0.1,0.02
-1.149357890474323,-1.25,0.37,1.14,-0.37,0.15,0.02
0.5813657482621526,-0.24,0.1,0.43,-0.35,-0.12,0.02
0.0,-1.72,0.34,0.24,-0.24,0.58,0.02
0.0,-0.29,-0.34,0.02,0.06,0.13,0.02
4.624257126720788,-0.95,0.46,0.03,-0.02,-0.07,0.02
4.143613906920995,0.94,-0.45,-0.53,0.53,-0.57,0.02
-0.26523869699371927,0.1,-0.11,-0.1,0.21,-0.31,0.02
-1.5958880141703324,-1.01,-0.77,0.14,-0.25,0.27,0.02
1.0812645589352021,0.32,-0.39,-0.36,0.17,-0.24,0.02
6.416895426543179,1.0,0.06,-0.92,0.43,-0.87,0.02
3.015080979465057,3.41,-0.87,-0.71,1.2,-1.12,0.02
-1.951034452393663,0.93,-1.18,0.05,0.09,-0.14,0.02
0.9949411698594979,-0.08,0.5,-0.2,0.03,-0.36,0.02
0.98511477066896,-0.65,1.1,0.3,-0.22,0.37,0.02
0.9758328917432113,0.59,0.56,-0.19,-0.13,-0.04,0.02
0.7245764879456384,1.45,0.31,-0.43,0.18,-0.56,0.02
2.6379506808102304,0.4,0.75,-0.22,-0.12,0.07,0.02
1.8690167676790548,0.14,0.78,-0.08,0.0,-0.09,0.02
-1.3760479362326383,0.1,0.78,-0.07,-0.06,-0.43,0.02
3.2558374067001905,1.52,0.4,-0.4,0.68,-0.62,0.02
0.0,0.95,0.64,-0.41,0.14,-0.09,0.02
0.4503822070635932,-0.03,1.06,0.31,-0.2,-0.09,0.03
-0.8967860193034305,1.59,0.52,0.2,-0.07,-0.27,0.03
4.524786629915933,1.05,0.3,-0.35,0.3,-0.32,0.03
-1.515054277942407,1.77,-0.55,-0.73,-0.34,0.24,0.03
1.5383612864225515,-0.44,-0.36,0.58,-0.16,0.59,0.03
3.679601517419062,0.63,-0.34,-0.03,0.14,0.12,0.03
2.5052782518059535,2.37,-0.61,-0.04,0.35,-0.34,0.03
-2.2403785180542646,-0.59,0.71,0.14,0.02,0.03,0.03
0.0,0.89,0.19,-0.12,0.14,-0.1,0.03
-4.791535469687069,-1.2,0.91,0.18,-0.03,-0.11,0.03
1.0874897413394091,1.2,-0.15,-0.19,0.42,-0.5,0.03
4.121368160599581,0.13,-0.04,-0.51,0.28,-0.52,0.03
1.6667542582802675,-1.06,0.28,0.18,-0.42,0.48,0.03
-3.278624291029242,-0.03,0.55,-0.07,-0.07,-0.08,0.03
1.2710896210326617,0.23,0.3,-0.62,-0.12,-0.37,0.03
-2.928841839438745,0.4,0.27,-0.46,0.42,-0.06,0.03
0.4309537409921127,-1.08,0.22,0.29,-0.33,0.47,0.03
0.0,1.17,-0.52,-0.23,-0.07,0.25,0.03
-1.7166123600293903,0.02,0.94,0.89,-0.28,0.21,0.03
0.8732789986102052,0.86,-0.16,-0.14,0.1,-0.32,0.02
1.082219366561188,0.03,1.36,-0.02,-0.2,-0.19,0.02
8.137084898680435,1.91,0.1,-0.83,0.32,-0.56,0.02
-0.1979794458488504,-0.14,0.3,0.07,0.12,0.32,0.02
6.7458988395054265,0.0,0.25,-0.35,-0.13,0.07,0.02
-3.3456569217973464,-0.23,0.46,-0.17,-0.14,0.43,0.02
-2.3076867994470507,-0.59,-0.25,0.43,-0.02,-0.07,0.02
-0.9842165462619956,-0.87,-0.18,1.04,-0.28,0.39,0.02
5.3677915434434675,1.1,-0.5,-0.44,0.02,-0.32,0.02
-1.5094867229930697,-0.15,0.4,-0.05,0.37,-0.04,0.02
1.5326214401458094,-0.19,-0.46,-0.14,-0.23,0.1,0.02
2.2641889435409457,-0.27,0.2,-0.04,-0.1,-0.03,0.02
2.583048623107498,-1.29,0.4,0.12,-0.58,0.43,0.02
-2.5180072709650836,0.36,0.5,-0.45,-0.02,-0.03,0.02
-4.428098384911472,-0.26,0.54,0.08,-0.26,0.2,0.02
-2.3166545997116983,0.15,-0.13,0.22,-0.1,0.32,0.02
1.9763468192656841,0.68,-0.17,0.18,-0.27,0.06,0.02
8.527115555381881,1.67,-0.54,-0.32,0.63,-1.03,0.02
-1.0713300309183604,-0.02,0.75,-0.45,0.32,-0.56,0.02
-1.8051265295524699,-0.08,0.76,-0.04,-0.01,-0.19,0.02
0.7352550783344514,-0.85,0.63,-0.16,0.03,-0.1,0.02
6.204481057968025,1.98,-0.69,-0.72,0.55,-0.3,0.02
-3.780148313395948,0.09,0.77,-0.08,-0.17,-0.42,0.02
2.1428757128013176,0.3,0.08,-0.21,-0.38,-0.19,0.02
-2.9720023603973966,-0.97,0.73,0.3,-0.06,0.39,0.02
0.9008559228301571,0.59,-0.62,-0.08,0.07,0.2,0.02
-1.7857277638995583,-1.09,0.79,0.29,-0.04,0.13,0.02
-2.727290636800661,-0.2,0.05,0.25,0.1,0.18,0.02
6.168367518090401,1.17,-0.31,0.03,-0.17,0.01,0.02
1.056239790126945,0.6,-0.08,-0.2,-0.14,0.1,0.02
-13.240331473631207,0.17,-0.25,0.12,0.38,0.07,0.02
3.2128331992741455,1.44,-0.67,-0.35,0.34,0.01,0.02
-1.5565520057181703,0.78,0.06,0.02,0.27,0.08,0.02
-3.5572386461822036,-0.51,0.01,0.75,-0.08,-0.1,0.02
-2.2541263783207977,-1.04,0.48,0.63,-0.44,0.4,0.02
3.144639093925594,-0.98,-0.48,-0.19,-0.08,0.11,0.02
0.0,0.13,-0.07,0.19,0.07,0.08,0.02
-1.2194070113943023,0.27,0.04,0.11,-0.13,-0.24,0.02
-3.7038910911386225,-0.79,0.67,-0.17,0.23,-0.02,0.02
0.21388992883071278,-0.14,-0.2,0.21,0.27,-0.05,0.02
-0.6398210249224268,-1.31,0.38,0.32,-0.08,0.28,0.02
-5.579409491625375,0.18,-1.03,0.41,0.15,0.17,0.02
-14.090859361449482,1.21,-0.5,0.07,0.09,-0.21,0.02
3.703694500491994,0.13,0.55,-0.35,-0.1,-0.21,0.02
0.0,0.09,0.18,-0.11,0.08,0.13,0.02
2.5510827562387206,-0.18,-0.02,-0.06,-0.12,-0.14,0.02
0.7462580701582233,-0.54,0.68,-0.04,-0.21,0.01,0.02
-1.72853914306077,0.21,0.03,0.03,-0.06,0.08,0.02
2.010156942657937,1.16,-0.41,-0.53,0.51,-0.25,0.02
0.9851283453786497,-1.67,0.9,0.25,0.06,0.08,0.02
2.9269310828997863,0.17,-0.21,-0.16,0.25,-0.27,0.02
1.4219165694477232,-1.24,0.41,0.06,0.19,-0.08,0.02
-5.607526518907402,-1.05,-0.68,0.88,-0.14,0.5,0.02
-2.970370691434676,0.94,-0.34,-0.28,-0.04,-0.29,0.02
-4.081562969918073,-0.03,-0.17,0.06,0.09,-0.12,0.02
-5.610292815468842,-0.04,-0.14,-0.02,0.18,-0.22,0.02
2.2600040076523387,0.74,-0.13,-0.35,0.39,-0.26,0.02
2.209816318036406,0.25,-0.07,-0.06,0.32,-0.27,0.02
-2.432270386708568,-0.14,0.5,-0.15,-0.01,-0.43,0.02
1.661899302631098,0.63,-0.25,0.05,-0.07,0.0,0.02
0.27247655809026217,1.04,-0.55,-0.2,0.13,-0.21,0.02
2.1740255127921992,0.25,0.25,0.44,0.19,0.03,0.02
1.3296821506144862,1.01,0.0,-0.3,0.33,-0.1,0.02
-1.3122336144685387,0.69,0.09,0.25,-0.06,-0.09,0.02
4.787193902577069,-0.29,0.46,0.43,-0.13,0.12,0.02
-0.2537956396915453,-0.05,0.14,-0.12,0.17,-0.12,0.02
-2.2901599162288844,-0.56,0.7,0.38,0.02,-0.12,0.02
-2.8644037520640264,-0.38,0.22,0.4,-0.18,0.55,0.02
-1.072578624623155,-0.95,0.39,0.09,0.06,0.12,0.02
-0.27099069337165327,-0.26,-0.04,0.03,-0.17,-0.21,0.02
-2.9889338852676306,0.44,-0.48,-0.02,0.39,0.06,0.02
-5.042176061519998,-1.11,0.06,0.02,0.47,-0.03,0.02
-0.5898848429580994,0.21,-0.1,-0.04,0.04,-0.01,0.02
-2.3737291749510336,1.06,-0.52,-0.24,0.52,-0.13,0.02
2.1275182733409004,-0.41,0.29,0.2,0.1,-0.13,0.02
0.2975954261682512,-0.4,0.15,0.17,0.14,0.0,0.02
-0.8902266299499639,-0.97,0.03,0.0,0.27,-0.2,0.02
0.5988452865966165,0.01,-0.11,-0.1,0.03,0.21,0.02
0.0,0.43,-0.5,0.05,0.1,0.07,0.02
-0.5952804775149811,-1.72,0.03,0.32,-0.09,0.19,0.02
1.4969379016962936,-0.22,-0.35,0.03,-0.01,0.09,0.02
1.475087176400569,0.11,-0.47,-0.05,0.12,-0.14,0.02
-1.1629896438226317,0.7,-0.41,-0.4,-0.09,0.37,0.02
-2.352777696587771,-0.65,0.8,-0.04,0.07,0.01,0.02
2.409467101150242,1.62,-1.11,-0.39,0.39,-0.56,0.02
-0.5881599799081871,-0.12,-0.01,-0.06,0.39,-0.13,0.02
2.071090618839455,-0.98,0.27,-0.13,0.05,0.09,0.02
5.79703861941252,0.17,-0.18,-0.11,0.1,0.02,0.02
2.465852379607858,0.82,-0.54,-0.21,0.29,-0.46,0.02
0.26729571564609866,-0.13,0.68,-0.1,0.2,-0.18,0.02
0.7999725181208728,0.01,0.54,-0.18,-0.01,0.04,0.02
-1.0580912293759015,0.3,-0.02,-0.2,0.16,-0.01,0.02
0.0,0.75,-0.26,-0.02,0.03,-0.22,0.02
-2.6738697033363623,0.6,0.01,0.22,0.23,-0.07,0.02
-3.8461899083671924,-0.21,0.17,0.48,-0.24,0.4,0.02
-2.857223980788959,-0.05,0.18,0.0,-0.2,0.19,0.02
5.58841043873004,0.9,-0.25,0.02,-0.02,-0.03,0.02
2.5068017595705427,-0.24,0.5,0.08,-0.12,0.06,0.02
0.0,-0.37,0.11,0.14,-0.15,-0.11,0.02
-2.1737527401151757,-0.91,0.14,0.25,-0.09,0.38,0.02
0.0,-0.3,-0.21,0.14,0.21,0.11,0.02
0.5555020607679095,0.55,-0.46,0.05,-0.02,-0.21,0.02
-0.8286822746530809,0.06,-0.04,-0.05,0.0,0.11,0.02
1.392712174774502,0.47,-0.56,-0.33,0.18,-0.3,0.02
2.1978858378936206,0.86,-0.29,-0.45,0.19,-0.24,0.02
-0.5378433163010676,0.39,0.34,-0.41,-0.04,-0.28,0.02
6.216320580505963,-0.12,0.24,-0.17,0.0,-0.35,0.02
1.781268600466701,0.09,0.08,-0.06,-0.07,-0.13,0.02
-3.0000285246968073,-0.53,0.21,0.17,-0.01,0.06,0.02
2.061760897999143,1.22,-0.9,0.01,0.53,0.04,0.02
1.7677408005226436,0.09,0.08,-0.07,-0.01,-0.11,0.02
0.24815253476671018,-0.16,0.21,-0.02,-0.1,0.13,0.02
0.4950185492194059,-0.43,0.57,-0.13,0.09,0.12,0.02
1.9704938130992389,0.2,-0.23,0.59,0.18,0.32,0.02
3.3816648062924948,0.42,-0.03,0.66,0.01,0.27,0.02
2.5699121696962646,0.21,0.2,-0.13,0.2,-0.33,0.02
-2.961334587592268,-0.16,0.15,-0.42,0.11,-0.06,0.02
0.0,-0.85,0.47,-0.05,-0.2,0.38,0.02
-4.950026579601197,-2.38,-0.58,-0.23,0.09,0.03,0.02
0.9899968201900311,0.72,0.19,-0.09,0.14,-0.01,0.02
5.392264479093822,2.76,-0.33,-0.35,0.35,-0.7,0.02
0.9301753581790084,0.2,0.24,-0.09,0.03,0.12,0.02
-2.304176320542506,0.62,-0.13,0.28,-0.18,0.01,0.02
0.0,-0.06,0.22,0.01,-0.36,0.17,0.02
1.8868827781888697,-0.13,0.25,-0.44,-0.01,-0.17,0.02
-1.3890584742265455,0.85,-0.2,0.02,0.02,0.03,0.02
-0.4694006378369142,-0.02,0.18,-0.06,-0.02,-0.24,0.02
0.0,-0.15,0.45,-0.17,0.05,0.09,0.02
-0.9433705252850699,-0.8,0.07,0.12,-0.19,0.23,0.02
-1.9048446473882152,-0.57,0.13,-0.04,-0.17,-0.05,0.02
-0.9708316975212239,-0.27,0.23,-0.01,-0.39,0.25,0.02
0.9803492386767143,-0.03,0.1,0.12,-0.08,0.11,0.02
3.398032487734959,-0.13,0.19,-0.11,-0.04,-0.07,0.02
-5.868358265450347,-1.04,-0.1,0.1,-0.09,0.12,0.02
0.7481001114432395,0.18,0.11,-0.19,0.07,-0.32,0.02
0.24750953447185697,0.65,0.03,-0.55,0.23,-0.63,0.02
-3.9505893183453322,-0.92,0.67,0.16,-0.22,0.31,0.02
-2.8278123859105997,0.42,-0.58,-0.23,-0.03,0.19,0.02
3.703671647053297,-0.05,-0.03,-0.15,0.08,-0.13,0.02
2.296017219703317,0.37,-0.03,-0.15,0.01,-0.08,0.02
-0.748324896136987,0.32,0.41,-0.27,-0.08,-0.17,0.02
1.758948813033534,0.22,0.36,-0.29,-0.27,0.09,0.02
-2.222283770977973,-0.47,0.13,-0.11,0.12,-0.21,0.02
1.5152450169081844,0.44,-0.35,0.0,-0.2,-0.03,0.02
0.4974983901435026,-0.17,0.09,-0.04,-0.08,0.1,0.02
-0.9900629285058193,-0.03,0.15,0.4,-0.32,0.06,0.02
-2.00010165637291,-0.21,-0.07,0.07,-0.04,0.28,0.02
1.0203972134658068,0.54,0.08,-0.07,-0.1,-0.08,0.02
2.525310005840642,0.27,-0.1,-0.6,0.27,-0.28,0.02
-1.970585770862321,-0.29,0.01,0.15,-0.27,0.12,0.02
-4.020061386009221,-0.94,0.07,0.38,-0.14,0.2,0.02
1.0472758531396398,-0.62,0.48,0.1,-0.11,0.11,0.02
-0.2590167637849805,-0.6,-0.3,0.16,0.24,-0.07,0.02
0.25968940287219855,0.26,-0.08,-0.07,0.15,-0.04,0.02
-0.5182843451921659,-0.89,0.53,-0.28,0.05,-0.11,0.02
-0.5208367294047611,0.73,-0.68,0.05,0.3,0.08,0.02
1.5708482337505103,0.24,0.06,0.19,-0.16,-0.08,0.02
2.835099867967017,1.22,-0.42,-0.21,0.1,-0.26,0.02
5.26300552570691,1.23,-0.15,-0.05,-0.07,-0.2,0.02
1.9048843911016577,0.64,0.68,-0.11,-0.31,-0.12,0.02
-2.1028837810676437,-0.29,0.13,-0.02,-0.24,0.14,0.02
5.011833245064379,0.18,0.18,0.16,-0.27,0.05,0.02
-0.45453321117555623,-0.6,0.41,-0.05,-0.09,-0.08,0.02
-0.4566315153871847,-0.43,0.5,-0.13,-0.38,0.06,0.02
-2.5229213789428107,-0.05,-0.1,-0.28,-0.01,0.12,0.02
-1.882231231299658,-0.81,-0.3,0.37,-0.07,0.44,0.02
-1.6787616120882976,-0.3,-0.22,0.32,-0.11,0.08,0.02
0.48774271612439524,1.18,-0.77,-0.3,0.02,-0.12,0.02
0.48561032301768225,0.57,0.04,0.01,0.07,-0.09,0.02
-3.8649229644249883,0.52,0.19,0.22,-0.45,-0.14,0.02
3.517612429664485,0.09,0.68,-0.42,-0.14,-0.08,0.02
-0.9708316975212239,-0.31,0.14,-0.27,0.14,0.46,0.02
-2.4510449298777437,-0.34,-0.11,0.02,0.26,0.01,0.02
-2.009879706673834,-0.26,0.29,0.02,-0.2,-0.13,0.02
-1.5385894143630563,0.27,-0.17,0.29,-0.09,0.01,0.02
3.645787554290414,0.92,-0.22,-0.14,-0.05,-0.17,0.02
7.035174530552046,0.01,0.37,-0.18,-0.2,0.05,0.02
0.9391382579505114,0.15,0.23,-0.63,0.06,-0.23,0.02
1.3952319817343906,0.87,-0.19,-0.24,0.07,-0.14,0.02
-0.6879859355306994,0.12,-0.19,0.07,0.48,0.04,0.02
1.1546560102883463,-0.1,-0.06,-0.08,0.18,-0.19,0.02
-8.675671042683742,-3.55,0.26,1.01,0.23,0.87,0.02
4.5006397758017735,0.5,-0.57,-0.85,0.41,-0.42,0.02
-1.6787283419165244,-1.59,-0.75,0.28,0.18,0.17,0.02
-1.4633084000719054,-0.13,0.48,-0.05,-0.28,-0.03,0.02
0.9899628661909299,0.43,-0.14,-0.38,-0.2,0.17,0.02
0.4902232080833402,-0.95,0.29,-0.28,0.43,-0.33,0.02
0.0,-0.33,-0.4,0.1,-0.22,-0.2,0.02
0.4877505128305426,0.5,-0.91,0.08,0.15,0.02,0.02
-0.9708469455344315,-0.22,0.09,-0.32,-0.16,0.14,0.02
-0.49011709032955597,-0.18,0.62,-0.34,-0.01,-0.26,0.02
1.9705344325499308,1.38,-1.28,-0.64,0.59,-0.49,0.02
-2.4154920093915844,0.07,0.38,-0.48,0.2,-0.51,0.02
0.0,-0.12,0.35,-0.57,0.23,-0.02,0.02
-0.9900617907572129,-0.55,0.24,-0.48,-0.12,-0.13,0.02
-2.5000757679455976,0.37,-0.06,-0.38,0.05,0.19,0.02
0.7692000265070664,-0.23,-0.15,-0.37,0.51,-0.34,0.02
0.0,-0.12,-0.35,-0.28,0.49,-0.37,0.02
-0.2544541337653028,-0.19,-0.43,0.08,0.29,-0.03,0.02
0.7652672832327623,0.92,-0.32,0.15,0.0,0.16,0.02
2.0254111879478787,0.72,0.21,0.05,0.01,0.1,0.02
0.24815653199674603,0.16,0.61,-0.81,0.23,-0.43,0.02
0.0,-0.49,0.11,-0.81,0.22,-0.56,0.02
2.4752822544579,0.1,-0.2,-0.39,0.36,-0.12,0.02
-1.9324547463790864,-0.4,-0.25,0.01,0.23,0.21,0.02
-0.9851687789672492,1.0,-1.23,0.6,0.03,0.33,0.02
2.487398308076383,2.28,-1.29,0.7,0.18,-0.08,0.02
1.4564078404338376,0.8,0.16,0.56,-0.01,0.1,0.02
5.023859418145871,1.43,0.17,-0.04,0.18,-0.14,0.02
0.22775371009207124,0.58,0.53,-0.44,0.24,-0.31,0.02
3.1818513832597928,2.04,0.08,-0.37,-0.35,-0.49,0.02
-0.6607671468869314,0.62,0.51,0.1,-0.29,0.12,0.02
5.543309803224239,-0.1,0.08,0.56,-0.17,0.28,0.02
-0.8402838644801403,0.55,0.61,0.2,-0.23,0.03,0.02
-1.6949641682737604,-0.01,1.1,0.06,-0.44,-0.11,0.02
1.9397067313293048,0.05,0.72,-0.02,-0.12,-0.05,0.02
2.325583360318517,0.38,0.87,-0.67,0.03,0.0,0.02
2.892559367509895,0.23,1.16,-0.71,0.36,-0.21,0.02
0.0,-0.63,0.11,0.46,-0.2,0.29,0.02
-0.40179523824490637,-0.14,0.54,0.01,-0.18,0.08,0.02
4.032422356828547,1.32,-0.05,0.29,0.07,0.32,0.02
-1.5505038258024406,0.31,0.5,1.57,-0.27,0.72,0.02
-1.181016927284284,-0.62,0.61,1.9,-0.07,0.66,0.02
3.1872521061523162,0.07,0.43,-0.16,0.28,-0.05,0.02
-1.158267794600254,-0.66,0.21,0.52,-0.43,0.61,0.02
-4.49221921093057,-1.15,-0.67,0.37,0.07,0.62,0.02
3.8853890660594637,1.39,-0.01,-0.83,0.33,-0.49,0.02
1.574923068228773,-0.44,0.89,0.02,-0.21,-0.03,0.02
0.1937863539011042,0.14,0.27,-0.04,0.4,-0.14,0.02
-0.19341154871284072,-0.15,0.03,1.05,-0.34,0.49,0.02
1.1626923058801308,0.0,-0.06,0.64,-0.01,0.39,0.02
-3.0651244193141136,-1.02,0.45,-0.14,0.0,-0.06,0.02
0.7904980945600215,0.43,0.27,-0.34,-0.16,-0.42,0.02
1.56870094911703,-0.52,0.82,-0.14,0.14,0.15,0.02
1.5444342130253252,0.25,0.09,0.37,0.13,-0.06,0.01
0.0,1.01,0.05,-0.02,0.51,-0.02,0.01
0.570325593705312,0.24,0.51,0.06,0.28,-0.21,0.01
-3.0245437378039197,0.04,0.27,0.64,-0.17,0.2,0.01
-0.1949455427533775,-0.59,0.45,0.24,0.02,0.3,0.01
-1.367232220543113,0.46,-0.37,0.73,0.12,0.19,0.01
-0.39604143227026656,0.02,0.07,0.42,0.06,0.25,0.01
3.777280658263571,0.89,0.14,-0.06,-0.34,-0.41,0.01
-1.5324537462649612,-0.83,0.36,0.47,0.02,0.32,0.01
-0.00787258617759301,-0.23,0.18,0.9,-0.07,0.52,0.01
-2.144298434813141,-1.2,0.24,1.81,-0.61,0.81,0.01
-1.1953306685962284,-0.01,-0.99,0.93,0.14,0.2,0.01
4.234012847145996,1.28,-0.08,-0.11,0.04,-0.04,0.01
0.5801994301719571,-0.52,0.36,0.07,0.03,-0.02,0.01
1.7308644586088606,-0.05,-0.59,0.16,0.26,0.16,0.01
3.591570851708026,-0.44,-0.27,-0.44,0.12,0.1,0.01
2.007371576723971,1.19,0.06,-0.43,-0.01,-0.29,0.01
-1.9678691311187713,-0.13,0.56,0.2,-0.09,-0.18,0.01
-1.4596777422301699,-0.27,0.23,0.3,-0.36,0.35,0.01
-0.3706158579928842,0.09,0.22,0.31,-0.25,0.07,0.02
-1.3009798685859053,0.03,0.1,0.43,-0.23,0.23,0.02
-2.0716174863244396,-0.74,0.47,0.29,-0.12,0.12,0.02
-2.3077233864398528,-0.88,-0.41,0.0,0.05,-0.03,0.02
0.7875258553440734,-0.56,-0.1,-0.24,0.01,0.03,0.02
-0.39072837534648297,0.15,-0.3,0.26,0.04,0.19,0.02
0.0,0.55,0.14,-0.09,-0.07,-0.2,0.02
-0.7843135209998464,-0.73,0.05,0.12,0.14,0.18,0.02
-0.7904544993475038,-0.13,-0.3,-0.13,-0.02,-0.38,0.02
0.5976024252944079,0.44,-0.13,0.05,-0.01,0.04,0.02
0.39599979514755024,0.04,-0.37,0.16,0.21,0.14,0.02
-0.788934654639073,0.74,-0.2,0.02,0.12,-0.06,0.02
1.391616227470882,-0.02,0.56,0.82,-0.46,0.29,0.02
-1.1763855458125305,0.17,-0.05,0.6,-0.19,0.23,0.02
0.39673920750433744,0.18,-0.27,0.29,0.07,0.24,0.02
-0.3951714075935642,-0.29,0.03,-0.15,0.2,-0.13,0.02
3.1745270620779253,-0.28,-0.15,-0.03,0.25,0.01,0.02
-0.7691665463758324,-0.15,0.27,0.05,-0.07,0.05,0.02
-0.7751672300701395,-0.11,-0.33,0.3,0.12,0.34,0.02
-4.687500405791356,-1.09,-0.04,0.1,0.15,0.1,0.02
-4.71321083362538,-0.21,-0.33,0.37,-0.07,0.28,0.02
0.21501795736300622,0.12,0.23,0.09,0.07,0.15,0.02
1.2877035450529206,0.02,-0.57,-0.25,0.39,-0.34,0.02
-0.4237282167045442,-1.0,0.06,0.18,0.12,0.09,0.02
0.42553131294842395,0.0,-0.67,-0.4,0.48,-0.31,0.02
2.9660763882726426,0.91,-0.57,0.03,0.01,-0.05,0.02
-5.761323853175426,-1.83,-0.17,0.81,-0.09,0.37,0.02
-2.401758626393591,-1.08,-0.48,0.17,0.32,-0.52,0.02
2.4608626063246986,1.63,0.09,-0.69,0.06,-0.08,0.02
-3.056721681927821,0.73,-0.18,0.18,0.06,0.23,0.02
1.8016567152791874,0.45,-0.35,-0.17,0.47,-0.02,0.02
3.9824326806974453,1.39,-0.57,0.54,0.18,0.27,0.02
2.9787050449267882,0.82,-0.48,0.33,0.22,0.13,0.02
-2.479322041255505,-0.3,-0.66,1.37,-0.32,0.48,0.02
-3.813687765182283,-1.52,-0.37,1.15,-0.01,0.48,0.02
-0.8810059493034705,-0.13,-0.31,0.54,0.13,0.41,0.02
2.4444725486794994,0.0,0.03,0.62,-0.17,0.51,0.02
-1.0845184396041097,0.22,-0.41,0.47,-0.1,0.46,0.02
-0.8773446017343756,-0.51,0.51,-0.01,-0.12,0.23,0.02
-1.3273231151485154,-0.22,-0.56,-0.18,0.15,0.02,0.02
-2.690624271191433,-0.09,-0.87,0.46,-0.05,0.37,0.02
5.069212067558149,0.79,0.22,-0.1,-0.03,-0.27,0.02
5.482301147847468,0.88,0.54,-0.7,0.01,-0.04,0.02
-1.455169842381654,-0.45,0.59,-0.11,-0.07,-0.04,0.01
2.1096733336185114,1.02,-0.41,-0.39,0.16,-0.33,0.01
0.0,0.16,0.18,0.01,-0.11,-0.01,0.01
2.0659757827527603,0.04,0.3,0.18,-0.26,-0.15,0.01
-1.6193055606585682,-0.19,0.09,0.24,0.21,0.05,0.01
2.05746713599142,-0.03,-0.19,0.27,-0.27,0.32,0.01
0.40339346737021664,0.51,-0.16,-0.09,0.12,0.01,0.01
0.0,-0.5,0.13,0.59,-0.14,0.09,0.01
0.8031583239864082,-0.05,-0.13,0.57,-0.14,0.26,0.01
-2.19123317341422,-0.81,-0.07,0.19,-0.02,0.3,0.01
-1.2219271475988225,-0.59,0.33,-0.11,-0.25,-0.16,0.01
-0.41237733804722065,0.5,-0.43,-0.13,-0.11,-0.11,0.01
-1.6563947817521463,0.72,-0.68,0.03,0.06,-0.1,0.01
1.0525468613530986,-0.06,0.24,0.01,0.06,0.11,0.01
-1.458195025014275,-0.63,0.45,0.2,-0.36,0.19,0.01
0.6342205571177928,0.27,0.06,-0.02,-0.12,-0.05,0.01
-0.42011178677685557,-0.7,-0.02,-0.06,-0.19,0.5,0.01
1.6875647403128635,0.21,-0.13,0.15,0.09,-0.24,0.01
-1.2446758575009098,0.88,-0.6,-0.52,0.48,-0.2,0.01
0.42011178677685557,0.01,0.63,0.06,-0.07,0.03,0.01
-3.5720480176855474,0.45,-0.15,-0.04,0.31,-0.15,0.01
-1.739200047311451,-0.62,0.93,0.41,-0.35,0.07,0.01
-4.2034963690197324,0.14,-0.09,0.29,-0.16,0.15,0.01
0.6928206692789374,-0.34,0.24,0.71,-0.21,0.13,0.01
0.6880080364366714,-0.08,-0.23,0.23,-0.01,0.25,0.01
-1.1388724269721817,-0.16,-0.28,0.54,0.05,0.18,0.01
-0.46079838799683026,-0.86,-0.3,0.59,-0.32,0.51,0.01
-0.46293156920522716,-0.72,-0.05,0.39,-0.12,0.13,0.01
0.2325307233889795,0.2,-0.83,-0.08,-0.2,-0.04,0.01
1.3920092134534379,0.25,0.07,-0.13,0.31,-0.05,0.01
-3.6612950575978576,-0.02,-0.44,0.22,0.05,0.18,0.01
-6.413308176522903,-0.49,-0.19,0.58,-0.28,0.38,0.01
-3.5533220603235494,-1.55,-0.36,0.11,0.19,0.24,0.01
-4.736761049875716,-0.43,-0.5,-0.08,-0.06,-0.2,0.01
-1.1049067047912309,0.65,-0.2,-0.28,0.15,-0.07,0.01
-1.1175014968440755,-0.27,-0.79,-0.34,0.31,-0.3,0.01
2.2600084138930443,0.29,0.03,-0.1,0.02,-0.2,0.01
1.6573646394662633,-0.13,-0.23,0.42,-0.12,0.16,0.01
-0.8151584253967448,-0.17,0.06,0.07,0.1,0.06,0.01
-0.8218851367711943,0.06,-0.07,0.22,0.02,0.0,0.01
3.31496755746179,1.35,-0.29,-0.48,0.19,-0.41,0.01
2.673649882607765,0.14,0.84,0.03,0.09,-0.1,0.01
2.083401549496866,1.05,-0.33,-0.55,0.44,-0.22,0.01
-5.612331818393779,-0.3,-0.2,0.57,0.53,0.05,0.01
0.0,0.38,-0.63,-0.31,0.17,-0.13,0.01
-4.324323548850428,-1.04,0.34,1.04,-0.19,0.3,0.01
3.3898579881423974,0.16,-0.57,0.0,0.19,-0.25,0.01
0.2732465809052842,0.96,-0.04,-0.15,-0.04,-0.04,0.01
-0.27250197856595326,0.19,0.42,-0.15,-0.03,-0.18,0.01
2.7322935852997166,0.16,0.13,-0.15,-0.12,-0.18,0.01
1.0637846380727956,0.62,0.02,-0.07,-0.22,0.02,0.01
1.0526222970946186,-0.12,0.41,-0.26,-0.05,-0.31,0.01
1.5625943596932146,0.08,0.02,-0.6,-0.1,-0.12,0.01
-7.6922546897046695,-0.53,0.0,0.15,0.15,0.16,0.01
-0.5555452649497861,-0.48,-0.31,0.32,0.14,-0.07,0.01
2.23447477753993,0.17,0.26,-0.44,0.19,-0.07,0.01
-3.278714231845803,-0.68,0.21,0.28,0.4,0.12,0.01
1.1301307246078585,0.24,-0.05,0.09,-0.16,-0.09,0.01
2.513826984376033,-0.05,0.04,0.21,-0.15,0.19,0.01
-1.3623290986824355,0.04,0.07,-0.07,0.23,-0.18,0.01
2.762546281022038,1.31,-0.59,-0.15,-0.18,-0.08,0.01
1.6127743435811137,1.05,-0.29,-0.36,0.2,0.05,0.01
0.0,0.37,0.09,0.27,-0.3,0.14,0.01
-1.058138321461921,0.16,0.36,-0.19,0.11,-0.05,0.01
-2.139175376614988,0.24,0.08,-0.37,0.34,-0.18,0.01
-0.5463843889138675,-0.11,0.2,-0.14,0.28,-0.11,0.01
-1.6482587034749585,-0.52,0.14,0.11,0.35,0.24,0.01
-1.6760947071166377,-0.35,0.03,-0.21,0.41,-0.07,0.01
-1.4203732287393578,-0.25,0.22,-0.17,-0.06,-0.21,0.01
1.7289985673263564,0.01,-0.34,0.14,0.07,0.13,0.01
-1.4163686411738596,-0.14,0.0,0.15,0.17,-0.13,0.01
1.436717862439596,-0.31,0.19,-0.08,0.26,-0.19,0.01
1.4165754020865284,0.04,-0.11,-0.12,0.21,-0.16,0.01
0.0,0.49,-0.19,0.01,0.05,-0.04,0.01
0.26876008302076926,0.19,-0.14,-0.07,0.32,-0.13,0.01
0.0,0.09,-0.22,-0.1,0.16,-0.03,0.01
-0.5588519597757635,-0.66,0.17,-0.09,0.07,-0.12,0.01
0.5619926668080089,-0.05,-0.21,-0.07,0.35,-0.26,0.01
-0.2792688640031682,-0.76,0.27,0.18,0.15,0.01,0.01
-3.0812927219744712,-1.15,-0.08,-0.27,0.38,-0.13,0.01
2.601020755150718,0.05,-0.44,-0.07,0.2,-0.06,0.01
-0.28174110016314646,0.49,-0.23,-0.22,0.14,-0.11,0.01
0.5649620880211925,0.22,0.39,-0.01,0.06,-0.16,0.01
1.123799452599017,0.23,-0.08,0.05,-0.02,0.1,0.01
2.22206046475677,-0.13,-0.05,0.24,-0.11,-0.08,0.01
1.0871713279803297,0.45,-0.18,-0.41,0.33,-0.27,0.01
4.300973319282764,0.52,0.2,-0.23,0.06,-0.04,0.01
-1.5465079729732212,0.11,0.44,-0.47,0.07,-0.22,0.01
-1.0470415586762094,-0.21,0.04,-0.13,0.27,-0.2,0.01
1.0581205202642607,-0.59,0.12,-0.23,0.21,0.0,0.01
2.6178853944003766,0.41,-0.21,-0.25,-0.14,-0.22,0.01
0.5101525773251625,0.83,-0.11,-0.18,0.05,-0.26,0.01
-3.2995262961522,0.04,0.3,-0.56,0.18,-0.18,0.01
3.937035020694024,1.39,-0.52,-0.39,0.21,-0.37,0.01
-2.5251244535769324,-1.12,0.49,0.24,0.23,0.01,0.01
-2.590753074304031,-0.08,-0.11,0.06,0.18,0.13,0.01
-2.1277266017919128,0.01,0.01,-0.2,0.19,-0.03,0.01
1.0871713279803297,0.52,-0.29,0.29,-0.3,0.22,0.01
0.0,-0.11,-0.08,0.2,0.09,0.1,0.01
-1.613111811111012,-1.04,0.57,0.32,-0.03,0.46,0.01
3.8251512342780014,-0.03,-0.03,-0.01,0.25,-0.06,0.01
-2.631619733038282,0.37,0.01,0.05,-0.34,-0.14,0.01
-1.6215132979489177,-1.03,-0.07,1.09,-0.14,0.54,0.01
-1.6482851731324688,0.31,-0.61,0.33,0.15,0.34,0.01
0.2793335587792267,0.1,-0.06,0.13,-0.02,-0.17,0.01
0.5570832707004314,0.38,0.54,0.12,0.07,-0.35,0.01
-1.939223375788246,-0.44,-0.38,0.23,0.14,-0.01,0.01
-1.1298494035727358,-1.28,0.4,0.33,-0.01,0.26,0.01
-0.5713993470180756,-0.82,-0.85,0.18,0.18,-0.27,0.01
2.873624581269252,0.16,0.5,-0.22,0.2,-0.03,0.01
-2.2347239228989957,-0.55,0.71,-0.27,0.24,-0.04,0.01
-0.5713993470180756,0.81,-0.07,-0.6,0.24,-0.48,0.01
-0.2873225258103185,-1.06,0.63,0.19,0.36,0.06,0.01
1.4408380505811946,0.94,-0.61,0.17,-0.08,-0.02,0.01
3.1250569854209376,0.48,-0.06,-0.27,0.14,-0.29,0.01
1.3773121890310325,0.02,0.21,-0.23,0.12,-0.22,0.01
-1.086874625638079,0.09,0.14,-0.28,0.03,-0.32,0.01
7.692303497027164,0.45,-0.06,-0.29,0.13,-0.04,0.01
0.0,0.92,0.23,-0.93,0.1,-0.53,0.01
0.2550720684099339,0.16,0.31,0.2,-0.45,0.3,0.01
-1.2721997209596325,0.17,0.29,0.02,0.13,0.09,0.01
0.515445807539705,-0.17,0.0,0.13,-0.1,0.03,0.01
0.0,-0.13,0.4,0.25,-0.28,0.16,0.01
5.640887855601173,0.82,-0.64,0.37,-0.19,0.2,0.01
0.0,0.03,-0.02,-0.19,0.15,0.12,0.01
1.4564383534361403,0.48,0.08,-0.23,0.1,0.11,0.01
1.913745465805583,0.28,0.07,-0.46,0.05,-0.08,0.01
-1.408341202455754,-0.32,0.77,-0.06,-0.04,0.08,0.01
-0.4761739327996284,0.79,-0.34,-0.13,-0.07,-0.28,0.01
-0.47841261996133255,-0.5,0.46,0.21,-0.27,0.16,0.01
0.9614645853187165,-0.47,0.45,0.3,-0.14,-0.04,0.01
4.76181810604801,0.44,0.25,-0.32,-0.2,-0.15,0.01
1.3637555513462019,0.03,0.45,-0.32,-0.05,-0.35,0.01
-0.8968146787749376,0.35,0.44,-0.56,-0.23,-0.31,0.01
1.8098305089820688,0.17,0.6,-0.54,0.13,-0.47,0.01
0.8888657199627836,0.87,0.41,-0.81,0.23,-0.59,0.01
0.2204280688902216,0.08,-0.18,0.14,-0.05,0.12,0.01
-1.0990399825360098,0.0,0.45,0.04,-0.13,-0.06,0.01
2.0000747026305943,-0.33,0.23,-0.04,0.08,-0.19,0.01
-3.7036567153097444,-0.4,-0.15,0.52,-0.01,0.38,0.01
4.524830785952627,0.81,0.01,-0.41,0.42,-0.19,0.01
0.8656917670657016,0.23,0.23,-0.33,0.21,-0.25,0.01
-1.2874460484446404,0.68,-0.11,-0.09,0.06,-0.16,0.01
-1.3044387990738815,-0.28,0.27,0.23,0.02,0.13,0.01
1.3216792966183055,0.6,-0.01,-0.2,0.15,-0.02,0.01
-1.739206177846997,0.41,0.06,0.3,-0.29,0.24,0.01
0.0,0.24,-0.02,0.02,-0.11,0.29,0.01
1.98648887441788,0.34,0.19,0.53,-0.24,0.22,0.01
1.3042679685134173,-0.06,0.12,0.08,-0.03,0.17,0.01
-1.7166344448176774,-0.21,0.39,0.22,-0.5,0.04,0.01
0.4366543705338177,0.05,0.27,0.03,-0.09,0.07,0.01
-1.0868469087156774,0.51,0.1,-0.1,-0.02,-0.01,0.01
1.5383656426980918,0.64,-0.06,-0.26,-0.07,0.1,0.01
0.6492679084836084,0.32,-0.14,0.14,0.18,-0.07,0.01
-0.8601416530985229,-0.29,-0.11,0.18,0.15,0.05,0.01
-0.6507408093362033,-0.32,-0.36,0.32,-0.17,0.23,0.01
0.4366543705338177,-0.16,0.08,0.18,0.1,0.28,0.01
-0.43475598950448724,-0.17,0.0,0.21,-0.19,0.13,0.01
-1.5284633092319866,-0.18,-0.4,0.26,0.33,0.03,0.01
-2.4390740284550017,-0.37,-0.33,0.48,-0.13,0.19,0.01
3.409313463961894,0.88,-0.07,-0.49,0.47,-0.34,0.01
2.417388186000302,1.1,-0.59,-0.18,-0.08,-0.03,0.01
2.3605636592948898,-0.08,-0.06,0.13,0.35,-0.25,0.01
1.677254341329637,-0.06,-0.05,0.61,-0.09,0.16,0.01
-1.4434205922277066,-0.15,0.37,0.46,0.02,0.1,0.01
-1.2551262858928047,0.19,0.26,-0.03,-0.08,0.01,0.01
0.8474122780172566,-0.06,-0.22,0.12,-0.06,0.07,0.01
0.21004340702861501,-0.05,0.44,0.1,-0.05,-0.2,0.01
-1.4674366189617816,0.2,0.45,0.07,-0.19,0.09,0.01
1.702036845455357,-0.18,1.54,0.02,-0.34,-0.02,0.01
-2.5104874175510217,-0.3,-0.36,0.55,-0.57,0.49,0.01
1.716868253081727,-0.19,0.37,0.25,-0.01,0.39,0.01
4.219239435932987,0.14,0.45,0.51,-0.52,0.37,0.01
-1.2144016685265768,-0.77,0.62,0.2,-0.21,-0.05,0.01
2.0492092206465307,-0.4,-0.02,-0.17,-0.2,0.07,0.01
3.012013565938365,0.41,0.05,0.34,-0.12,-0.17,0.01
-4.093655435516186,0.0,-0.28,0.17,0.1,0.11,0.01
3.2519822175026913,0.5,0.0,-0.09,0.3,-0.11,0.01
2.3622375792567984,0.73,0.29,-0.18,0.3,-0.33,0.01
-7.307756680200905,0.36,0.17,0.3,-0.27,0.26,0.01
-1.244683783409073,0.01,0.0,0.89,0.0,0.47,0.01
0.4201076227958289,-0.27,0.24,1.34,-0.27,0.61,0.01
0.41837082381199764,-0.27,0.62,0.15,-0.02,0.0,0.01
0.0,0.43,-0.16,-0.09,-0.21,-0.33,0.01
-0.8332349141641493,0.25,0.23,0.34,-0.21,0.09,0.01
0.8402360543302345,0.74,-0.04,0.15,-0.41,0.26,0.01
1.2501309485101864,0.02,0.38,0.25,0.29,0.51,0.01
-0.8232051529143858,-0.54,-0.58,0.65,0.08,0.24,0.01
-0.6223213419689677,-0.02,-0.32,0.08,-0.1,0.16,0.01
-0.6262597897680022,0.11,0.24,0.1,0.17,-0.17,0.01
2.9411556618496704,0.84,-0.55,0.23,-0.03,0.18,0.01
-1.6327621629390277,0.14,0.12,0.27,-0.11,0.33,0.01
-0.41490601098944646,0.95,-0.05,0.26,0.05,0.0,0.01
-0.8332349141641493,0.55,-0.41,0.69,-0.24,0.58,0.01
-3.7814957598727217,-0.33,-0.56,0.68,-0.2,0.89,0.01
-1.3101433328135625,-0.21,0.04,0.38,-0.2,0.43,0.01
0.6639031124681116,-0.66,-0.08,0.23,0.19,0.11,0.01
-1.9780946055467985,0.2,-0.21,0.02,-0.1,-0.12,0.01
-1.1210145873808197,0.3,0.16,0.29,-0.43,0.2,0.01
-2.054502384038537,-0.61,0.15,0.32,-0.06,0.23,0.01
-1.6242184811540383,-2.7,-0.75,0.89,0.04,0.55,0.01
1.651034895049741,-0.42,-0.76,0.58,-0.35,0.5,0.01
2.0880275677395366,-0.17,0.79,-0.01,0.39,-0.33,0.01
0.0,0.41,-0.04,1.53,-0.46,0.81,0.01
0.22743838681671402,-0.16,-1.25,2.13,0.09,1.22,0.01
-1.58737273440972,-0.06,-0.15,-0.48,0.42,-0.12,0.01
-1.1519939053837414,1.42,-0.54,-1.12,0.21,-0.81,0.01
2.09776118342766,0.42,0.21,0.04,0.16,-0.39,0.01
-3.1963364879523892,0.29,0.52,-0.41,0.2,-0.11,0.01
0.4715988260806103,-0.14,0.2,0.07,-0.07,-0.01,0.01
1.878082189238306,1.18,-0.59,-0.42,0.28,-0.17,0.01
0.6911705340243657,0.49,0.22,-0.04,0.05,-0.25,0.01
0.6864789305345953,-0.41,0.36,0.3,-0.18,0.04,0.01
0.0,-0.17,0.46,0.03,-0.19,0.18,0.01
2.727306420739284,1.57,-0.96,-0.23,0.14,0.05,0.01
0.4424503985289929,0.09,0.16,0.45,-0.29,0.17,0.01
0.0,0.49,0.03,-0.27,0.44,-0.1,0.01
0.22043211283058195,-0.37,0.73,-0.1,0.28,-0.26,0.01
-1.099005092810934,-0.72,0.43,-0.16,0.35,-0.17,0.01
1.333440415811915,0.31,0.03,-0.15,-0.02,0.11,0.01
-0.8773323432594404,-0.05,-0.07,0.38,-0.08,0.25,0.01
-2.4334990578687044,-0.73,0.08,0.6,-0.39,0.31,0.01
-1.1339091702791904,0.65,-0.74,0.4,-0.45,0.18,0.01
-1.3760460984132528,-0.49,-0.1,0.72,-0.39,0.54,0.01
-0.9304265914097942,-0.42,-0.56,0.69,-0.2,0.3,0.01
-0.9388554904497415,-0.06,-0.14,0.12,0.03,0.06,0.01
1.8958193250036226,-0.16,-0.08,-0.06,0.24,0.06,0.01
1.860355181910145,0.67,-0.06,-0.22,-0.06,-0.04,0.01
-2.739811547226545,-0.38,0.6,0.21,-0.17,0.02,0.01
-4.225286650172643,0.44,-0.37,-0.15,0.14,-0.08,0.01
2.451095060609809,0.39,-0.16,-0.65,0.29,-0.32,0.01
-1.4355526383487471,0.15,0.6,-0.31,0.03,-0.06,0.01
0.4856468929521851,-0.37,0.14,0.31,0.05,0.09,0.01
-3.140119530231422,-2.01,0.31,0.77,-0.16,0.25,0.01
-0.24936074198296243,0.12,-0.64,0.4,-0.52,0.43,0.01
-2.5000387099792354,-0.43,-0.44,1.13,-0.7,0.51,0.01
3.589744846016596,0.31,-0.18,0.32,-0.24,-0.13,0.01
-1.4853074492560459,-0.22,0.04,0.78,-0.16,0.28,0.01
0.5027133874796696,1.28,-0.94,-0.12,0.4,-0.31,0.01
-3.0000480992082412,0.33,0.08,0.52,-0.01,0.53,0.01
0.5154738527503477,-0.06,0.02,0.47,-0.39,0.22,0.01
-3.0769736310811036,-0.16,-0.16,0.35,-0.07,0.11,0.01
1.8519798409851962,-0.01,-0.33,0.91,-0.67,0.9,0.01
0.7791367422976148,-0.37,0.0,-0.42,0.08,-0.11,0.01
3.0928346256053674,-0.52,0.16,-0.72,0.15,-0.53,0.01
-0.7501252720817253,-0.17,0.62,-0.82,-0.31,-0.6,0.01
0.7557946789737535,-0.74,0.96,-0.31,-0.31,-0.29,0.01
-1.5001270016765433,-0.59,0.14,-0.16,-0.44,-0.03,0.01
-0.5075909535176226,-1.03,-0.36,-0.2,-0.13,0.58,0.01
2.5510878137562365,0.91,-0.87,-0.68,0.3,-0.61,0.01
2.238680901717083,0.13,0.17,0.2,-0.48,0.17,0.01
-1.2164776486930817,0.19,0.11,-0.06,0.0,0.04,0.01
0.9851924148655655,0.38,0.33,-0.05,-0.13,-0.08,0.01
1.2196370361466036,0.56,-0.17,-0.54,0.02,-0.26,0.01
2.8915649834272417,0.58,0.65,-0.43,0.26,-0.23,0.01
2.107586623633373,0.31,0.58,-0.67,-0.05,-0.41,0.01
-1.3760460984132528,-0.31,0.38,-0.07,-0.08,0.13,0.01
1.860355181910145,-0.14,0.23,-0.28,0.13,-0.09,0.01
0.45658511371418076,0.2,-0.09,0.01,-0.04,-0.11,0.01
-0.9090497281873278,0.33,-0.14,0.36,-0.09,0.07,0.01
-2.2936695910133476,0.0,-0.04,0.43,-0.38,0.53,0.01
4.225572789933829,-1.15,0.62,0.12,-0.37,0.61,0.01
0.0,-0.03,0.26,-1.16,0.21,-0.5,0.01
0.45039964704682856,0.15,-0.16,-0.57,0.21,0.0,0.01
-0.44838014445875984,0.06,0.17,-0.44,0.25,-0.26,0.01
3.153094328159467,1.46,-0.88,-0.79,0.46,-0.41,0.01
2.6201457924776683,0.68,-0.21,-0.34,0.11,-0.51,0.01
-2.1277140099804304,-0.81,0.8,0.12,-0.32,0.5,0.01
0.217377650051076,0.29,-0.35,0.14,-0.08,0.18,0.01
-2.169240104568315,0.26,-0.02,0.07,0.08,-0.14,0.01
2.4390917370582743,1.0,-0.29,0.14,0.11,0.0,0.01
-0.4329088603092557,-0.16,0.36,0.46,-0.51,0.26,0.01
-1.3159612647809737,-0.4,0.16,0.06,-0.02,-0.36,0.01
0.662418575675594,0.75,-0.49,0.15,-0.45,0.29,0.01
0.0,0.05,0.27,0.13,-0.27,0.11,0.01
-1.0966143768636472,-0.21,0.31,0.42,-0.56,0.2,0.01
-2.6607965186161486,-0.58,0.31,0.28,-0.68,0.63,0.01
-7.517017070578302,-0.69,0.0,0.3,-0.52,0.5,0.01
-2.463082149596041,-0.76,-0.13,0.11,0.36,-0.29,0.01
-10.606097713550422,0.26,-0.08,0.09,0.18,0.15,0.01
0.5649005510536265,-0.13,-0.19,-0.14,0.23,-0.16,0.01
-1.6852743988283625,0.39,-0.08,-0.35,0.66,-0.46,0.01
2.000127370921412,0.13,-0.01,-0.15,0.18,-0.24,0.01
-5.88247157405829,-0.16,0.5,0.22,-0.15,-0.16,0.01
0.595201927471467,0.16,-0.28,-0.08,0.21,0.1,0.01
-2.366691761355344,0.22,-0.22,0.28,-0.24,0.27,0.01
-0.6062919149421808,-0.92,0.5,0.69,-0.51,0.46,0.01
-3.3534728939836,0.37,-0.74,0.43,-0.09,0.04,0.01
4.416431790352293,-0.1,-0.14,0.64,0.02,0.25,0.01
-2.1149356560362875,-0.44,0.28,0.0,0.08,-0.28,0.01
3.086486146427969,0.68,-0.48,-0.07,0.39,-0.06,0.01
-4.191605803492315,0.34,0.29,-0.38,0.33,-0.12,0.01
0.3124962115600205,1.06,-0.36,0.13,0.17,-0.16,0.01
-2.803858059857789,-0.22,0.43,-0.33,0.06,-0.04,0.01
1.2822797226657023,0.13,0.42,0.25,-0.26,0.12,0.01
-3.7975330158518172,-0.22,0.52,0.53,-0.41,0.3,0.01
1.3157082229763306,-0.48,0.64,-0.16,-0.06,-0.23,0.01
-1.9479118689188168,-0.79,0.55,0.63,-0.16,0.34,0.01
-3.3113456550549536,0.13,-0.52,0.29,-0.15,0.31,0.01
0.0,1.03,-0.64,-0.29,0.2,-0.11,0.01
0.6848894016936891,0.05,0.34,-0.08,-0.1,-0.02,0.01
3.4014324304407983,0.16,0.1,-0.03,0.02,0.03,0.01
-1.9738651392042228,-0.06,0.34,-0.2,-0.2,-0.23,0.01
0.0,0.43,0.16,-0.21,-0.19,-0.14,0.01
-4.026935376146712,-0.19,0.1,0.38,-0.06,0.3,0.01
-23.076665763150473,-0.72,0.23,0.83,-0.41,0.33,0.01
-6.818160421660602,-0.13,-0.5,0.45,0.07,0.56,0.01
4.877711611653579,0.27,-0.27,-0.48,0.04,-0.1,0.01
-2.325428128006357,-0.1,-0.03,0.38,-0.09,0.04,0.01
0.952322953502116,-0.57,0.02,0.3,-0.16,0.13,0.01
-0.9433393166601411,0.47,-0.31,-0.3,-0.11,-0.13,0.01
2.3807917285308733,0.54,-0.08,0.05,0.17,0.17,0.01
-1.3952507603344544,-0.24,0.02,0.25,0.29,0.24,0.01
1.4149934674477116,-0.07,0.39,0.0,0.01,0.0,0.01
1.3957018499490825,0.54,-0.47,0.04,-0.17,0.13,0.01
1.8347245145921232,-0.38,0.37,0.45,-0.36,0.12,0.01
2.702521792906376,0.4,-0.18,-0.17,-0.05,-0.21,0.01
1.754713814326725,-0.03,0.23,0.01,-0.22,-0.17,0.01
4.310038204068678,-0.01,0.2,0.14,-0.12,-0.25,0.01
-2.479169758697619,-0.07,-0.05,-0.21,0.01,-0.32,0.01
-0.847461050712428,0.15,0.08,-0.2,-0.26,0.09,0.01
1.709359500712715,0.46,-0.41,0.02,-0.08,0.19,0.01
-4.2018307627119,-0.16,0.28,0.37,-0.31,0.32,0.01
-3.508519212567618,0.15,-0.02,0.3,0.04,0.24,0.01
-3.636555457874202,-0.3,0.08,0.27,-0.08,-0.09,0.01
3.3021063119574867,0.17,-0.09,0.02,-0.2,-0.06,0.01
0.8987135682450242,0.5,-0.37,-0.23,-0.32,-0.06,0.01
3.1815975460022683,0.31,0.07,-0.45,0.35,-0.4,0.01
0.44048975926376244,0.57,0.05,-0.41,0.39,-0.31,0.01
-3.508528253563592,0.01,-0.06,-0.07,-0.17,0.12,0.01
1.8180769950355335,0.0,0.29,0.23,-0.06,0.08,0.01
1.3391733483959056,-0.14,0.06,0.1,-0.13,0.2,0.01
-1.3214764874703744,0.88,-0.26,-0.29,0.03,0.17,0.01
-2.678427065312028,0.04,-0.02,0.62,-0.41,0.55,0.01
-1.3764722204121393,0.07,-0.26,0.26,0.13,0.23,0.01
-1.395257138137651,-0.08,0.27,-0.15,0.08,-0.12,0.01
-1.8866718492231205,0.29,-0.02,-0.08,-0.11,-0.06,0.01
1.9229516364216659,0.44,0.22,0.1,0.01,-0.09,0.01
-1.4150077468153888,0.03,0.27,-0.08,0.02,-0.15,0.01
-1.4353254326758713,-0.21,0.6,-0.27,-0.14,-0.26,0.01
0.0,0.06,0.18,0.21,-0.17,0.12,0.01
1.9416519287141165,-0.75,-0.29,0.56,0.06,0.28,0.01
1.9046309028980524,-0.66,-0.73,0.34,0.34,0.19,0.01
-2.803568211094787,0.37,0.27,-0.3,-0.01,-0.12,0.01
0.9614915546989566,0.87,0.02,-0.32,0.04,-0.18,0.01
-3.8097060245808945,0.01,-0.08,0.31,0.01,0.38,0.01
-3.960171671093604,-0.57,-0.22,0.32,0.09,0.1,0.01
1.0308775665961445,0.34,0.0,-0.37,0.2,-0.15,0.01
1.0203672654157225,-0.26,0.48,-0.03,-0.13,-0.32,0.01
2.0200557434610467,-0.09,0.28,0.3,-0.11,-0.15,0.01
-1.4850431089799665,-0.58,0.57,0.2,-0.19,-0.08,0.01
-1.5074619770846787,-0.61,-0.39,-0.07,0.22,0.0,0.01
4.081861510611118,0.84,0.26,-0.6,0.02,-0.49,0.01
-2.941429179649402,0.47,0.23,-0.97,0.16,-0.56,0.01
1.0100196060927713,0.07,0.26,-0.07,0.03,0.24,0.01
-0.9999202158672227,0.79,-0.3,-0.15,-0.07,-0.13,0.01
0.0,0.06,0.24,0.28,-0.05,0.12,0.01
-3.535180207434463,-0.19,0.49,0.16,-0.04,0.63,0.01
-2.094548139150554,-0.1,0.86,0.3,-0.05,0.34,0.01
-2.6736680407675295,0.33,-0.38,0.27,-0.14,0.51,0.01
0.0,0.05,0.2,-0.01,0.02,-0.06,0.01
3.296509616666876,-0.06,-0.07,-0.07,0.16,-0.01,0.01
0.5324171162526925,-0.05,0.49,-0.03,-0.09,0.06,0.01
-2.6458224407653885,-0.31,0.28,-0.18,0.03,0.05,0.01
-1.6303526047324102,0.15,-0.07,-0.11,0.18,-0.14,0.01
4.972536847353437,0.19,0.23,-0.43,-0.08,-0.17,0.01
1.052596126994776,0.23,0.37,-0.45,0.07,-0.17,0.01
0.0,0.2,0.43,-0.44,0.43,-0.15,0.01
-1.0416319494374715,0.9,-0.4,-0.85,0.07,-0.15,0.01
18.94713512725714,0.47,0.05,-0.41,0.08,-0.18,0.01
0.44240228816387894,-0.32,0.19,-0.43,-0.16,-0.01,0.01
-2.202492054393035,-0.79,-0.58,0.94,-0.08,0.51,0.01
0.0,-0.13,-0.2,0.15,0.09,0.23,0.01
9.008826700259643,-0.07,0.1,-0.15,0.08,-0.05,0.01
0.0,-0.26,0.54,-0.01,-0.41,0.08,0.01
-0.8264005063442825,0.03,-0.13,-0.12,0.42,0.21,0.01
-0.8332458777029927,-0.16,-0.09,-0.04,0.08,0.18,0.01
6.722589627136166,0.25,0.27,-0.2,-0.15,-0.22,0.01
-2.3620084829831134,0.53,-0.15,-0.16,-0.11,0.15,0.01
-0.8064115921493142,0.25,0.76,-0.04,0.12,-0.14,0.01
2.438835839704101,0.28,-0.18,-0.33,-0.02,-0.19,0.01
3.968322520544465,-0.09,0.48,-0.49,0.36,0.18,0.01
-3.43521218356021,-1.26,0.4,-0.78,0.55,0.04,0.01
1.9761609370594124,-1.35,-0.15,0.29,-0.29,0.4,0.01
-1.1627015949728703,0.46,-0.63,-0.15,0.21,-0.24,0.01
-3.52917022038155,0.27,0.22,-0.11,-0.23,-0.38,0.01
-2.032761259907645,0.18,0.38,-0.35,0.19,-0.43,0.01
2.0749398329992452,0.65,-0.12,-0.45,0.14,-0.5,0.01
2.032362090950768,-0.07,0.35,-0.01,0.15,-0.06,0.01
1.1951318398108368,0.46,-0.31,0.21,-0.14,0.12,0.01
0.7873189788770718,-0.42,-0.08,0.02,0.18,0.01,0.01
6.250033563045254,0.38,-0.88,0.06,0.54,-0.17,0.01
-1.4704828510154533,-0.55,-0.16,0.4,-0.14,0.6,0.01
0.0,-0.39,-0.31,0.25,-0.02,0.02,0.01
-1.1385149298141273,-0.3,-0.01,-0.02,0.17,0.06,0.01
-1.5150085076191977,-1.08,-0.69,0.84,0.27,0.49,0.01
1.53831409706362,0.54,-0.14,0.1,-0.17,-0.16,0.01
0.0,0.49,0.12,-0.09,-0.16,-0.21,0.01
-1.1362702790249646,0.25,-0.06,-0.06,0.13,-0.62,0.01
-2.6821818365396433,-0.19,0.11,0.12,0.4,-0.34,0.01
-0.7873312556634371,-0.08,0.33,-0.24,0.11,0.31,0.01
0.0,0.32,0.58,-0.27,-0.1,-0.45,0.01
0.7935793539556313,0.23,-0.14,-0.08,0.02,-0.17,0.01
-0.7873312556634371,0.4,0.0,-0.28,0.13,-0.07,0.01
2.3807833600776096,0.29,-0.27,0.18,0.3,-0.13,0.01
0.0,0.02,-0.06,0.2,0.05,0.03,0.01
-1.1627037514249317,-0.07,0.21,0.05,-0.07,-0.09,0.01
-5.882329994245095,-0.43,0.17,0.23,-0.08,0.25,0.01
-5.833293754000824,-0.06,-0.2,0.26,-0.1,0.43,0.01
4.424864390972516,0.19,-0.53,0.16,0.34,0.21,0.01
-1.2711160241975938,-0.6,-0.3,0.29,0.16,0.06,0.01
2.1457930126369096,-0.21,0.14,-0.17,0.11,-0.26,0.01
-1.2604556343036255,0.24,0.04,-0.05,0.32,-0.19,0.01
0.4255384407846341,0.65,-0.03,0.29,-0.06,0.13,0.01
-3.390027381827543,-0.08,-0.06,0.12,0.02,0.06,0.01
-3.5085251107149773,-0.24,-0.36,0.17,0.28,0.2,0.01
1.8180752140282141,0.29,-0.39,0.01,-0.05,0.03,0.01
-2.678424462194018,0.14,0.21,-0.19,-0.1,0.04,0.01
4.586840001098125,0.58,-0.32,-0.03,0.18,0.07,0.01
2.193263594022965,0.23,0.18,-0.03,-0.03,-0.31,0.01
-2.146191947383169,0.1,0.74,-0.2,-0.12,-0.02,0.01
4.386119503609143,-0.25,0.44,-0.23,0.16,-0.08,0.01
-1.6806029445187831,-0.09,1.34,-0.2,-0.23,-0.09,0.01
2.1366381021042047,-0.44,-0.22,0.37,-0.18,0.59,0.01
5.439357465451411,0.24,-0.05,0.14,-0.5,0.37,0.01
7.142705994745802,0.21,0.23,-0.08,-0.11,0.0,0.01
-2.9627729115351276,-0.07,0.25,-0.2,0.02,-0.01,0.01
1.1450060492788072,0.48,-0.11,0.18,0.32,0.0,0.01
1.5093469742385013,0.88,-0.74,-0.19,0.1,0.01,0.01
-5.204474668507331,-0.16,0.12,-0.15,-0.02,-0.08,0.01
-4.313778581620897,0.03,0.13,-0.09,0.11,-0.11,0.01
0.41015059395277387,-0.17,0.36,0.12,-0.1,0.16,0.01
1.2244405954717097,0.47,-0.21,-0.06,0.07,-0.14,0.01
-2.0163755884202383,-0.25,0.38,0.01,-0.29,0.11,0.01
-3.292002749034273,0.1,0.03,-0.07,-0.01,0.02,0.01
-0.4255106836011602,-0.08,0.19,0.07,-0.03,0.08,0.01
2.1366381021042047,0.21,0.11,-0.14,-0.33,-0.04,0.01
11.71552131116087,-0.05,0.26,-0.1,-0.24,0.06,0.01
4.868844592197363,-0.47,0.15,0.48,-0.08,0.32,0.01
-3.2143447036823813,-0.26,-0.13,0.1,0.09,-0.12,0.01
-1.1068976705607025,0.41,-0.14,0.01,0.16,-0.23,0.01
1.8658353647045933,0.78,-0.6,0.19,-0.15,-0.01,0.01
-0.3665804150281393,0.42,-0.02,0.23,-0.1,-0.02,0.01
-3.6763000290954695,0.56,-0.07,0.27,-0.26,0.38,0.01
1.5266664334674385,-0.28,0.32,-0.15,0.08,-0.04,0.01
-0.7518549003417974,0.43,-0.04,-0.05,0.06,0.07,0.01
1.5151196941037393,-0.21,0.21,-0.18,0.17,-0.01,0.01
0.0,-2.32,0.17,0.18,0.28,0.27,0.01
9.346822843271529,0.33,-0.41,-0.11,0.18,0.07,0.01
-2.0550254179292793,0.05,0.72,-0.14,-0.21,-0.2,0.01
1.3988565480887782,0.44,0.29,0.03,0.0,-0.14,0.01
0.6896391746338937,-0.67,0.38,-0.07,0.29,0.0,0.01
1.369753548977748,0.02,-0.46,-0.09,0.19,0.1,0.01
0.0,0.11,0.01,-0.25,0.19,-0.27,0.01
0.33781395101681877,0.47,0.02,-0.33,0.08,-0.16,0.01
-1.0100298313706402,0.05,0.6,-0.12,0.02,-0.1,0.01
0.6802236830324437,-0.46,0.19,-0.07,0.17,-0.01,0.01
-2.026905664172396,-0.48,0.2,0.0,0.15,0.12,0.01
2.758455842966545,0.63,-0.5,0.09,0.01,-0.23,0.01
0.0,-0.14,0.12,-0.34,0.14,-0.06,0.01
-1.6777561403419017,-1.25,0.24,0.29,0.23,0.03,0.01
-1.7063296642842007,0.36,-0.1,-0.08,0.15,-0.17,0.01
1.3887763624903293,0.37,0.7,-0.19,-0.05,-0.24,0.01
-0.684915727464086,-0.52,-0.03,0.1,0.05,0.06,0.01
-1.7243052508098544,-0.13,-0.62,-0.05,-0.01,0.35,0.01
0.3507955329785206,-0.24,0.34,-0.15,-0.23,0.01,0.01
2.797383571131129,0.46,0.12,-0.13,-0.16,-0.25,0.01
3.0613602926140127,0.56,0.18,-0.02,0.1,-0.22,0.01
-2.310406735192516,-0.23,0.21,0.27,0.24,0.15,0.01
1.3512338459957585,0.16,-0.05,-0.24,0.25,-0.03,0.01
-0.6665878048933704,-0.62,0.31,0.02,-0.14,0.08,0.01
0.0,0.44,-0.4,0.25,-0.17,0.49,0.01
2.3491443167778847,0.29,-0.01,0.1,-0.03,-0.02,0.01
-1.3114025362647608,0.03,0.19,0.19,-0.27,-0.07,0.01
-2.325714972380555,0.56,0.09,0.1,-0.19,0.05,0.01
-0.6802126293146804,0.3,0.0,-0.39,0.14,-0.03,0.01
-0.3424745578642807,0.05,0.45,-0.11,-0.14,0.07,0.01
-2.4056720138577403,-0.5,-0.21,0.27,0.28,0.24,0.01
-1.4083064586170702,0.04,0.11,0.42,-0.15,0.22,0.01
0.357117364511228,0.03,0.24,0.09,0.15,-0.03,0.01
-1.4234325588108665,-0.98,-0.2,0.27,0.38,0.03,0.01
-5.415132108126752,-0.62,0.56,-0.01,-0.11,0.07,0.01
1.526682050248085,-0.47,-1.13,0.45,0.28,-0.1,0.01
-1.5037249513310091,-1.8,-0.28,0.52,0.13,0.36,0.01
-0.7633162175640362,-1.52,-0.3,0.21,0.17,0.2,0.01
2.3076126494035787,-0.13,-0.65,-0.44,0.07,-0.15,0.01
0.0,-1.58,-0.14,0.01,0.08,0.15,0.01
0.7517769548366138,2.37,0.47,-0.68,-0.34,-0.67,0.01
0.0,0.03,0.2,0.07,0.0,-0.03,0.01
-0.3731504135394026,0.6,-0.01,-0.04,-0.09,-0.11,0.01
0.3745480411036839,-0.81,0.37,0.17,0.28,-0.08,0.01
0.0,0.33,-0.51,0.37,0.05,0.12,0.01
-4.477701890622676,-0.54,-0.22,0.6,0.2,0.46,0.01
-0.7811447743060085,-0.61,-0.74,0.38,0.29,0.21,0.01
-0.7873330689996627,0.04,0.02,0.44,-0.2,0.52,0.01
-3.9683831329595742,0.03,-0.1,0.12,-0.22,0.2,0.01
-2.066004442283853,-0.82,0.05,0.55,0.14,0.17,0.01
-2.1095200762124455,-0.26,-0.89,0.3,0.62,0.37,0.01
-2.586445027476103,-0.42,-1.12,0.82,0.26,0.39,0.01
4.867315269124339,1.47,-0.43,-0.56,0.26,-0.81,0.01
0.4219245835517249,-0.05,0.74,-0.54,-0.13,0.14,0.01
4.201805342155107,1.0,-0.05,-0.39,-0.11,0.07,0.01
0.8063998838461872,0.05,0.62,-0.03,-0.13,-0.12,0.01
-3.200160357695403,-0.56,0.86,-0.27,0.06,-0.19,0.01
-0.8264353491919674,0.47,-0.08,0.3,0.02,0.29,0.01
3.333546149847977,0.5,0.05,-0.55,0.3,-0.37,0.01
-2.419566563256559,-0.01,0.15,0.04,0.06,0.05,0.01
9.09109770607337,-0.15,0.24,-0.21,0.02,-0.33,0.01
-0.37882222037162183,-0.1,-0.02,-0.08,-0.4,0.23,0.01
-1.7112194004430314,-0.91,-0.02,0.31,-0.2,0.71,0.01
-3.287985130632176,-1.24,0.15,-0.06,0.41,0.21,0.01
-0.7999490952711019,0.59,-0.52,-0.27,0.39,0.0,0.01
-2.419566563256559,-1.06,-0.09,0.1,-0.1,0.29,0.01
-1.8593872119162524,0.37,-0.15,-0.09,0.16,0.14,0.01
1.0525223282992435,0.04,-0.36,0.4,0.07,-0.12,0.01
-1.6665090289832318,-0.16,-0.51,0.22,0.06,0.31,0.01
-0.4237328104474858,0.81,-1.12,0.48,0.17,-0.12,0.01
4.255449346543072,1.14,-0.22,-0.04,-0.22,-0.35,0.01
4.897628060014392,0.61,0.07,-0.29,-0.13,-0.06,0.01
-3.3072125078502435,-0.24,0.12,0.17,-0.34,0.42,0.01
-1.8110360818372029,-0.33,0.1,-0.01,0.05,-0.01,0.01
0.8199677111367487,0.4,-0.29,-0.03,0.13,-0.25,0.01
1.6258976877101983,0.27,-0.34,0.35,0.12,0.2,0.01
-2.4001722649302337,0.17,0.11,0.24,0.33,-0.03,0.01
-1.4566215710730246,0.08,0.14,-0.04,-0.06,-0.09,0.01
-2.296312805488876,-0.16,0.02,-0.03,-0.21,-0.23,0.01
-3.4189658131085543,0.27,-0.09,0.28,-0.21,-0.19,0.01
-3.097177882371216,0.15,0.7,-0.34,0.28,-0.25,0.01
0.9132059006377258,0.47,-0.37,-0.33,0.31,-0.18,0.01
-0.9049419176484275,0.0,0.21,0.44,0.11,0.07,0.01
0.4566177311793318,-0.25,-0.11,0.07,0.25,0.04,0.01
-5.000052601388827,-0.45,-0.27,0.64,0.0,0.54,0.01
3.3490356729380277,0.02,-0.27,0.0,0.05,0.25,0.01
-1.8517391778693049,0.25,0.26,-0.04,-0.06,0.15,0.01
1.8866754870217495,0.06,-0.19,0.34,-0.05,-0.02,0.01
0.23145428431330384,0.57,-0.35,0.07,0.05,0.11,0.01
2.7716357897672017,-0.31,0.37,0.11,-0.11,-0.06,0.01
-5.168618050457063,0.22,-0.05,-0.29,0.09,0.15,0.01
0.4738925695210394,-0.71,0.24,0.18,-0.03,0.15,0.01
2.3587909751429326,-0.93,-0.47,0.28,0.27,0.22,0.01
-4.1476399400452895,-0.95,-0.28,0.19,0.27,0.42,0.01
0.9615011263785389,0.35,0.12,0.13,-0.04,0.18,0.01
-4.285896285058655,-0.89,-0.22,0.51,0.08,0.4,0.01
1.927982467279321,-1.41,0.14,0.0,-0.01,-0.12,0.01
2.50159776967942,0.89,-0.66,-0.43,0.03,-0.38,0.01
1.9046578212489784,-0.24,-0.15,-0.19,0.2,-0.28,0.01
-2.3363006225128213,0.36,0.03,-0.11,-0.03,-0.08,0.01
1.4352810894321166,-0.51,0.84,0.32,-0.37,0.41,0.01
-2.8299979615971416,0.42,-0.29,0.29,-0.05,-0.32,0.01
2.9124193704129997,-0.04,-0.22,0.13,-0.07,0.19,0.01
-1.414972260161318,-0.04,-0.15,0.31,-0.13,0.18,0.01
2.631387384178163,0.49,-0.15,-0.14,0.13,-0.27,0.01
0.9323210803334536,0.18,-0.22,-0.41,-0.08,-0.21,0.01
-0.23091981051852617,-0.3,0.2,0.0,-0.07,0.18,0.01
5.092698606044133,0.07,0.2,-0.23,0.08,-0.07,0.01
4.625629970136735,0.38,0.19,-0.29,0.05,-0.36,0.01
-3.5791066186680265,0.98,-0.22,0.07,-0.26,0.05,0.01
-1.309932004252501,0.08,-0.02,0.39,-0.2,0.41,0.01
0.4424539831958896,0.18,-0.31,0.04,-0.04,-0.24,0.01
-2.422770103216554,-0.27,0.15,0.01,-0.27,0.36,0.01
-3.8376254286663802,-0.54,-0.01,0.11,-0.01,0.25,0.01
5.164414927321759,0.19,-0.18,0.1,-0.07,0.0,0.01
10.714417321138093,0.05,-0.16,0.16,-0.08,-0.07,0.01
2.217592371728161,0.17,-0.23,0.04,0.23,-0.02,0.01
-0.9861589906034918,-0.17,0.1,0.12,0.15,0.15,0.01
-0.9959551533234579,-0.25,-0.19,0.3,-0.1,0.41,0.01
2.615549867738487,0.24,-0.33,0.01,0.09,0.12,0.01
5.686279823934326,0.95,0.02,-0.4,0.09,-0.64,0.01
-0.9276058793554309,0.53,-0.33,0.09,0.14,0.17,0.02
-2.4342765044716996,0.1,0.1,-0.01,0.04,0.04,0.02
1.7272820638165154,0.01,0.07,0.29,-0.16,-0.04,0.02
0.37741124615153776,-0.52,0.27,0.32,0.13,0.2,0.02
0.0,-0.32,0.11,-0.09,0.18,0.02,0.02
1.503609845259346,0.2,-0.06,-0.01,0.17,0.09,0.02
-0.37034457193224624,0.09,0.05,-0.17,-0.08,-0.22,0.02
2.9741247590063358,0.55,0.09,-0.57,0.24,-0.33,0.02
-0.9024714514975885,-0.26,0.24,-0.28,0.14,-0.16,0.02
1.2750039740322405,0.55,-0.22,-0.13,-0.11,-0.03,0.02
-0.014589831853661916,-0.02,0.31,0.04,-0.02,-0.12,0.02
0.36101419368064214,0.61,-0.47,-0.34,0.5,-0.46,0.02
0.7193499127399638,0.17,0.37,-0.47,0.08,-0.43,0.02
-1.0713586645396345,-0.35,0.42,-0.19,0.0,0.12,0.02
0.7219585136463591,0.12,0.1,-0.06,-0.1,-0.06,0.02
0.0,-0.2,0.28,-0.19,0.04,-0.19,0.02
0.35841494088160175,0.55,0.11,-0.24,-0.05,-0.23,0.02
-0.3571349159836035,0.71,-0.33,-0.32,-0.12,0.19,0.02
0.5376628788307913,-0.07,0.29,-0.15,-0.28,-0.12,0.02
1.9606077501064911,1.07,-0.58,-0.42,0.12,-0.36,0.02
-1.0488727651871477,0.17,0.01,0.12,0.06,0.3,0.02
2.4736612390852564,0.35,0.01,-0.01,0.01,-0.06,0.02
-0.17242647013836487,-0.09,0.55,0.34,-0.01,0.24,0.02
-3.2816055592685744,-0.49,0.1,0.05,0.08,0.36,0.02
1.0713701853924062,-0.32,0.5,0.0,0.04,-0.07,0.02
0.529983960846736,0.03,-0.22,-0.12,-0.07,0.27,0.02
1.5819893457628798,-0.02,0.39,-0.28,-0.26,-0.15,0.02
0.0,0.46,0.06,-0.27,0.01,-0.12,0.02
-1.0383501411553198,-0.93,0.59,0.09,-0.02,0.15,0.02
0.0,-0.44,0.17,-0.1,0.05,0.13,0.02
0.17483844559924577,0.3,0.25,-0.32,0.16,-0.23,0.02
-1.9196185286103562,0.26,-0.02,0.02,-0.12,0.01,0.02
2.4913123323151876,1.14,-0.32,-0.56,0.24,-0.05,0.02
1.0415743766722274,-0.52,0.6,0.06,-0.17,-0.19,0.02
-2.4057307693075125,-0.13,-0.07,-0.07,0.03,0.03,0.02
-2.6406481946237848,-1.44,0.55,0.14,0.1,0.26,0.02
-1.2656947466924473,-0.55,-0.21,0.22,0.02,-0.01,0.02
-0.7328902953362304,-0.1,0.05,-0.04,-0.17,0.15,0.02
0.184456273590472,-0.33,0.06,0.11,-0.04,0.18,0.02
0.0,0.2,-0.43,-0.13,0.27,0.12,0.02
-0.18411665886248763,0.15,-0.1,-0.44,0.35,0.09,0.02
0.0,0.59,-0.1,-0.19,-0.06,0.27,0.02
0.738301233426375,-0.37,0.24,0.19,0.07,-0.01,0.02
-1.2823039677388404,0.21,0.66,-0.24,0.05,-0.15,0.02
-1.6696749579159453,-0.27,-0.29,0.0,-0.26,0.04,0.02
1.8866832405773026,-1.47,0.17,0.37,-0.06,0.34,0.02
12.222457390065845,-0.38,-0.4,-0.22,0.22,-0.27,0.02
-4.290445662407127,-0.23,0.37,0.09,-0.09,0.25,0.02
2.0688617995334724,0.6,-0.28,-0.17,-0.1,0.16,0.02
5.0675202933595065,0.75,-0.14,-0.43,-0.04,-0.26,0.02
1.9294051312019667,1.28,-0.57,-0.78,0.36,-0.42,0.02
6.309032411100501,-0.01,0.23,-0.09,-0.01,-0.19,0.02
-2.3737198826751738,0.35,-0.27,0.18,0.1,0.19,0.02
0.0,0.17,-0.39,0.15,-0.11,0.21,0.02
-3.343552068386868,-0.07,0.08,-0.08,0.12,-0.09,0.02
3.7736505554728073,-0.2,-0.19,0.08,-0.03,0.12,0.02
0.0,0.49,-0.12,-0.23,-0.11,-0.19,0.02
-0.6062907096650028,-0.67,0.27,0.12,0.12,-0.21,0.02
3.9634189519003327,-0.41,0.13,-0.03,-0.1,0.13,0.02
-0.8797372102465784,-0.77,0.39,-0.22,0.26,-0.15,0.02
0.8875452762999725,-0.02,-0.46,0.17,0.09,0.36,0.02
1.4664998688851405,0.27,-0.21,-0.27,0.05,-0.2,0.02
-1.1562939298554564,0.63,-0.16,-0.16,-0.16,-0.11,0.02
-1.4619006831145032,1.52,-0.7,-0.22,-0.18,-0.31,0.02
2.522366935090936,-0.19,0.31,0.05,0.15,-0.13,0.02
-0.1447471210933693,-0.77,0.28,-0.36,0.18,-0.51,0.02
-4.0579154550299705,-0.24,0.42,-0.08,-0.27,-0.19,0.02
0.30205897917434665,0.25,-0.1,0.23,-0.05,0.14,0.02
-2.710936674108111,-0.93,0.62,-0.05,-0.09,-0.02,0.02
0.9287721625419687,-0.04,-0.46,0.02,0.31,-0.02,0.02
3.680960833351321,0.5,-0.31,-0.27,0.26,-0.21,0.02
-1.4791244189668706,-0.09,-0.11,-0.07,0.27,-0.02,0.02
-0.7507672015256817,-0.26,-0.08,-0.03,0.02,-0.18,0.02
-0.4537838715225284,-0.42,0.1,-0.23,0.12,0.12,0.02
3.3432285045251087,0.67,-0.44,-0.51,0.19,-0.37,0.02
-2.64686898445875,-0.11,0.23,0.08,-0.19,0.1,0.02
-1.0576449847041092,0.02,-0.08,-0.4,-0.04,0.01,0.02
-2.289924752664041,-0.46,0.1,-0.27,-0.02,0.17,0.02
0.30078920118579155,-0.44,0.19,-0.39,0.02,-0.15,0.02
-4.687448177048193,-0.75,0.09,-0.08,0.14,0.18,0.02
-1.9674054103016259,-1.84,0.07,0.57,0.14,0.38,0.02
-1.3377109077694183,-0.15,-0.86,1.01,-0.06,-0.07,0.02
2.3730614833850083,0.62,-0.02,-0.2,-0.19,-0.15,0.02
0.1655044472464562,0.35,-0.26,-0.19,-0.01,-0.16,0.02
1.1569358365598692,0.25,0.15,0.01,-0.16,-0.14,0.02
-2.614426621940258,-0.21,0.56,0.43,-0.1,0.51,0.02
-2.8521890976279107,-1.04,0.08,0.14,-0.05,0.22,0.02
1.0361815336810798,0.71,-0.45,-0.14,0.04,-0.04,0.02
1.7092838609271688,0.08,-0.12,0.16,-0.1,-0.32,0.02
1.0083198740775678,-0.17,-0.33,0.23,0.06,0.24,0.02
-2.495683856784192,-0.54,-0.35,0.31,-0.2,0.17,0.02
-2.0476653221340513,-1.43,-0.34,0.33,0.08,0.83,0.02
1.0452748092099062,0.16,-0.68,0.11,0.32,-0.02,0.02
0.6896449235268776,0.39,-0.51,0.0,0.06,-0.04,0.02
-0.3424662060652395,0.22,-0.22,0.29,0.23,-0.42,0.02
4.123694705080716,1.02,-0.32,-0.22,0.01,-0.19,0.02
-1.9803707927841363,0.33,0.76,-0.03,-0.37,-0.02,0.02
0.33676640362310106,0.46,-0.67,-0.09,-0.03,0.23,0.02
5.033494537373895,-0.22,-0.04,0.42,0.02,0.18,0.02
-1.5973258742891239,-0.07,0.2,0.09,-0.08,-0.06,0.02
-0.3246968530145167,0.62,0.42,-0.47,-0.08,-0.17,0.02
0.6514672312590397,-0.04,0.31,-0.7,0.11,0.03,0.02
0.6471881558530734,0.22,0.28,-0.32,0.09,0.05,0.02
0.6430472468370141,0.46,0.0,-0.36,0.2,-0.22,0.02
0.0,-0.41,0.09,0.06,0.02,-0.05,0.02
0.958685287972405,0.27,0.28,-0.2,0.23,-0.66,0.02
-1.2660378053648391,-0.14,1.55,0.29,-0.15,0.59,0.02
-1.602466141324843,-0.26,-0.89,0.94,-0.33,0.61,0.02
2.606005114435761,0.32,-0.15,0.47,0.28,0.13,0.02
-1.2700362976906798,-0.05,0.06,0.05,-0.15,-0.01,0.02
8.038638678223652,0.18,0.01,0.13,-0.28,-0.07,0.02
-1.8973556994661966,0.08,0.02,0.13,-0.29,-0.38,0.02
6.029659665432807,0.2,0.01,-0.13,-0.3,-0.32,0.02
7.010059737831575,-0.09,-0.17,-0.23,0.04,-0.1,0.02
-2.9412581645600344,0.01,0.03,0.02,-0.27,-0.17,0.02
-1.1018423134488975,0.87,-0.33,0.46,0.07,-0.04,0.02
-0.8358618433306098,0.8,-0.41,0.09,-0.06,-0.4,0.02
1.123807250636899,0.22,0.36,-0.43,0.15,-0.01,0.02
1.3887836687552557,-0.15,-0.04,0.04,-0.15,0.26,0.02
0.5479113117137002,-0.57,0.09,-0.13,0.21,0.17,0.02
-7.084479768337825,-0.51,0.15,0.17,0.19,0.23,0.02
-0.8797208102629073,0.0,-0.65,0.25,0.32,0.11,0.02
-1.4791889324308416,0.16,0.27,-0.11,-0.12,-0.23,0.02
-1.5391028393597073,0.19,-0.32,0.4,0.16,0.24,0.02
-3.621703106233931,0.04,-0.28,0.15,0.12,-0.01,0.02
0.9492764553180377,0.39,-0.29,0.12,0.27,-0.36,0.02
0.626960448641789,-0.45,-0.31,0.23,0.26,-0.26,0.02
0.6229940303585924,0.39,-0.2,-0.09,0.02,-0.03,0.02
-0.6191368447758805,0.15,-0.01,-0.02,-0.4,-0.22,0.02
3.738364950263673,0.45,0.03,-0.19,0.22,-0.18,0.02
-2.70283217406605,1.22,-0.63,0.44,-0.28,-0.33,0.02
0.0,0.62,0.01,-0.19,0.31,-0.23,0.02
0.7715822667702987,-0.07,0.18,0.14,-0.16,0.34,0.02
3.6754048578808707,0.13,0.19,-0.13,-0.16,-0.37,0.02
3.101970507237306,-0.09,0.42,-0.28,-0.05,-0.21,0.02
0.28651507505552676,0.23,0.25,-0.32,0.42,0.05,0.02
0.2749269540061716,0.02,0.02,0.07,0.12,0.32,0.02
-1.857017207691103,0.09,-0.23,0.37,-0.01,0.07,0.02
-0.8735830734467487,0.48,0.23,0.02,-0.04,-0.05,0.02
1.4686083332132283,-0.05,-0.5,-0.11,-0.03,-0.03,0.02
-1.592058856948897,-0.58,0.09,0.28,-0.22,0.32,0.02
-3.529461817116364,-0.05,-0.31,0.34,-0.03,0.33,0.02
-0.4572431231895657,0.4,-0.34,0.11,0.26,-0.2,0.02
-1.5313347178471104,0.45,-0.14,0.29,0.14,-0.16,0.02
-2.95495917191988,0.17,0.13,0.23,0.22,0.07,0.02
-1.9229598896343014,-0.82,-0.01,0.09,0.04,0.22,0.02
3.268033114475699,0.82,0.13,-0.2,0.24,-0.15,0.02
1.2657536632478372,-0.31,0.18,-0.2,0.05,-0.31,0.02
0.0,-0.13,0.18,-0.41,0.06,-0.15,0.02
0.6249412404288224,0.14,0.14,-0.29,-0.16,0.01,0.02
-1.2421498430840172,-0.13,-0.2,-0.29,0.07,0.13,0.02
-3.6164120828535817,-0.75,0.15,-0.28,0.32,0.06,0.02
3.2627975219402083,0.21,0.01,-0.04,-0.18,0.07,0.02
0.47384547098523466,0.05,-0.05,-0.17,-0.01,0.09,0.02
-0.628891678897614,1.12,-0.68,-0.36,0.13,-0.14,0.02
-3.4810433325271006,0.09,-0.03,-0.17,-0.3,0.0,0.02
-8.196794233089799,0.56,-0.13,-0.28,0.44,-0.26,0.02
0.0,-0.18,0.18,0.26,0.13,-0.08,0.02
0.7142303220966539,0.57,-0.31,0.0,-0.05,0.03,0.02
-0.35453713012135735,-0.07,-0.13,-0.32,0.1,0.02,0.02
0.35579856815390887,0.1,0.15,-0.38,0.11,-0.15,0.02
2.8370476970270175,-0.24,-0.06,0.08,0.07,-0.1,0.02
4.9999607376933985,0.04,-0.25,0.03,-0.15,0.24,0.02
-2.4632300856292755,0.08,0.1,-0.03,-0.06,0.12,0.02
1.6837617359864776,0.93,-0.49,-0.06,-0.09,-0.1,0.02
-1.490320198948647,0.49,-0.11,-0.07,-0.25,-0.09,0.02
-7.5628244477508595,0.15,0.15,-0.24,0.31,-0.3,0.02
0.0,-0.17,-0.04,0.42,-0.16,0.47,0.02
2.9088622281543186,-0.08,0.13,0.52,-0.37,0.47,0.02
-0.35329589837662656,-0.27,0.58,0.2,-0.13,0.2,0.02
0.7091993695854004,0.14,-0.08,-0.06,0.45,-0.24,0.02
-4.577497237613981,0.47,-0.55,0.59,-0.04,0.6,0.02
2.583183400553546,0.09,-0.01,0.25,-0.01,0.03,0.02
5.755350613618249,0.05,-0.05,0.75,-0.06,0.15,0.02
0.0,-0.04,-0.38,0.18,0.01,0.01,0.02
-0.34015330899457297,0.25,0.33,-0.31,-0.02,-0.45,0.02
3.0718396545259763,-0.17,0.5,-0.08,0.15,0.1,0.02
3.311039119378578,0.33,-0.13,-0.37,0.12,0.18,0.02
-1.9229598896343014,0.34,0.14,0.05,-0.19,-0.23,0.02
0.3267823484075949,-0.53,0.49,0.32,0.09,0.11,0.02
-2.2802973491445333,-0.34,-0.07,0.28,0.23,0.28,0.02
-2.999792698208681,-0.3,-0.58,0.45,-0.17,0.56,0.02
3.436520540725163,0.16,-0.02,0.1,-0.18,0.51,0.02
3.9864375282374187,0.51,-0.09,-0.06,0.02,-0.09,0.02
-0.3194643295573396,0.73,-0.33,0.0,0.12,-0.18,0.02
-3.2049228694259635,-0.09,0.24,0.09,-0.04,-0.02,0.02
1.3244092755485104,0.14,0.22,-0.19,-0.04,-0.27,0.02
-0.9803470452228513,0.2,0.11,-0.09,-0.11,-0.16,0.02
0.9900530005599872,0.16,0.05,-0.28,0.08,-0.1,0.02
0.0,-0.13,0.0,0.24,-0.2,0.48,0.02
-0.3267718668876318,0.08,-0.04,-0.03,0.03,0.16,0.02
0.0,0.94,-0.7,-0.29,0.15,-0.41,0.02
0.9835189824831669,-0.1,-0.51,0.58,0.07,0.14,0.02
0.9739505102180912,-0.1,-0.08,0.47,0.13,0.05,0.02
4.180094219758113,0.64,-0.23,0.1,-0.25,-0.15,0.02
1.8519765087456674,0.05,-0.3,0.44,-0.12,-0.19,0.02
0.45456820637026496,0.15,0.21,-0.03,0.07,-0.01,0.02
-1.0560337008152842,0.23,0.23,-0.43,-0.03,-0.29,0.02
6.402596702862473,0.23,0.05,-0.01,-0.31,-0.13,0.02
0.0,0.42,-0.18,0.26,-0.06,0.01,0.02
0.2865198902811672,0.12,0.25,0.09,0.1,0.22,0.02
0.571402598464199,-0.21,0.45,-0.02,-0.07,-0.23,0.02
-1.420381237015711,-1.3,0.73,0.32,-0.12,0.05,0.02
-1.4410778307179961,-0.08,0.05,-0.28,0.35,0.11,0.02
3.21643791474584,0.76,-0.32,-0.01,-0.02,-0.2,0.02
-0.5665376700803471,0.85,-0.45,0.06,0.08,-0.31,0.02
-0.8546347036991309,-0.05,-0.13,0.25,-0.26,0.01,0.02
-0.28736153923074603,-0.04,-0.08,0.12,0.37,-0.02,0.02
-1.3122571614383682,-0.82,0.41,0.34,-0.15,0.06,0.02
-1.6104233570954363,-0.21,-0.36,0.49,0.21,0.62,0.02
-1.0416087577344135,1.46,-1.14,-0.46,0.44,0.03,0.02
1.5036872886060593,0.15,0.24,0.31,0.01,-0.2,0.02
-0.14819137717051456,0.0,0.16,0.6,-0.29,-0.73,0.02
3.2641946254358123,0.61,0.05,-0.03,0.05,-0.4,0.02
1.1493464769848138,-0.03,0.21,-0.19,-0.18,0.16,0.02
-1.9884992904285248,-0.34,0.54,-0.51,0.17,-0.12,0.02
-0.43474209872714775,-0.09,0.61,-0.44,-0.24,-0.18,0.02
1.309939697390039,-0.73,0.63,-0.29,0.05,0.12,0.02
1.544551226757851,0.5,-0.03,-0.33,-0.05,-0.06,0.02
-0.3891934574515199,0.92,-0.4,0.13,-0.04,-0.17,0.02
-0.8522217701140922,0.07,0.18,-0.42,0.17,-0.05,0.02
0.0,0.22,0.36,-0.22,0.13,-0.08,0.02
0.5730405093000934,0.43,-0.16,-0.53,0.06,-0.04,0.02
1.1395327052046378,0.92,-0.48,-0.15,0.07,-0.69,0.02
6.7606575136696545,0.05,0.1,0.14,0.11,-0.42,0.02
4.221575606712613,-0.04,0.25,0.05,0.19,-0.31,0.02
-0.5063069946594334,1.15,-0.71,-0.25,0.01,-0.43,0.02
-0.7632723601469493,-0.29,0.25,-0.17,-0.18,0.22,0.02
-1.2819897729173135,-1.0,0.1,0.42,0.01,0.5,0.02
-3.636364693710059,-0.39,0.1,0.05,-0.16,0.66,0.02
0.5390677097769192,0.32,-0.43,0.16,0.07,0.21,0.02
1.3403576270688111,-0.03,0.53,-0.52,-0.05,-0.25,0.02
-1.7194693268973382,0.28,0.83,-0.24,-0.14,-0.07,0.02
1.0766588542971522,0.33,-0.3,-0.32,0.17,0.17,0.02
-0.9320383949972033,0.18,0.17,0.09,-0.11,-0.23,0.02
1.0752031761879444,1.12,-0.68,-0.01,0.1,-0.11,0.02
3.4574421479877326,0.59,0.41,-0.03,0.02,-0.29,0.02
0.0,0.17,0.4,0.33,0.44,-0.13,0.02
-3.084844065235448,-0.34,0.58,-0.15,0.27,0.1,0.02
-0.2652360115216412,1.1,-0.16,-0.52,0.07,-0.74,0.02
1.3296813994490009,0.07,0.3,-0.17,-0.06,-0.35,0.02
2.362349950595677,-0.14,0.31,-0.4,-0.13,-0.18,0.02
0.512740140885426,0.4,0.06,-0.64,0.14,-0.17,0.02
-1.7855745563071124,-0.8,0.05,0.79,0.07,0.55,0.02
-5.454675810256282,-1.65,-0.64,0.85,0.29,1.01,0.02
3.4340751194047003,0.59,0.26,-0.27,-0.07,0.31,0.02
-7.03851858434128,0.06,0.41,-0.49,-0.15,-0.1,0.02
3.7143003097862115,0.69,0.22,-0.4,0.01,-0.41,0.02
0.8264229785626354,0.76,-0.35,-0.2,-0.24,-0.41,0.02
-0.8196492091545715,0.24,0.18,-0.16,-0.12,-0.27,0.02
3.168078108390837,0.7,0.03,-0.15,-0.15,-0.32,0.02
-2.803786448745571,-0.28,0.52,0.28,-0.31,0.09,0.02
-1.098843934953142,-0.11,0.29,0.05,-0.05,-0.01,0.02
-3.3333357025744914,-0.51,0.11,0.25,-0.13,0.6,0.02
2.0113724190117255,-0.21,-0.02,0.78,-0.37,0.58,0.02
1.408574303470278,-0.11,-0.14,0.35,0.09,0.17,0.02
-1.666796678774085,0.15,0.24,-0.17,0.09,-0.13,0.02
-1.977274891626668,0.24,0.06,0.09,-0.13,0.05,0.02
-2.0174362088458797,0.05,-0.11,-0.02,0.15,-0.01,0.02
1.4708023896035094,0.01,0.39,-0.44,-0.06,-0.29,0.02
-0.8697715965343522,-0.26,0.22,0.24,-0.02,0.12,0.02
0.7312081333425979,-0.34,0.32,-0.09,-0.01,-0.17,0.02
0.7256217595726255,0.75,-0.38,-0.67,0.08,-0.15,0.02
1.5849414660522143,-0.11,0.21,0.07,-0.21,0.0,0.02
1.2684936675127378,0.45,0.07,0.07,-0.48,-0.38,0.02
0.2811570563978849,0.0,0.42,0.08,-0.18,0.06,0.02
0.560156789934263,0.07,0.26,0.12,-0.18,0.1,0.02
-1.6714382867019983,-0.22,0.62,0.36,-0.04,0.49,0.02
1.4166021031530418,0.18,-0.46,-0.2,0.09,-0.37,0.02
1.6758569958173153,-0.28,0.41,-0.22,0.0,-0.13,0.02
0.5494116451152609,-0.07,-0.14,0.28,0.24,0.3,0.02
-2.1856384284152486,0.4,-0.31,0.42,-0.34,0.37,0.02
-3.9106181090351355,-0.3,-0.08,1.14,0.25,0.56,0.02
0.2907045749413584,0.03,-0.71,0.37,0.31,0.07,0.02
0.5796776375831758,0.32,0.34,0.05,-0.12,-0.41,0.02
-0.864528094589212,0.32,0.35,-0.24,-0.19,0.02,0.02
-0.14531056087224714,0.27,-0.07,0.24,-0.17,0.24,0.02
1.3099767597499312,0.96,-0.44,-0.4,0.17,-0.81,0.02
0.5746164533708464,0.36,0.37,-0.37,-0.13,-0.09,0.02
2.2858442721198635,0.08,0.43,-0.3,-0.19,-0.02,0.02
0.0,0.51,0.27,-0.1,-0.19,-0.16,0.02
-1.1174874761569198,0.24,-0.08,-0.26,-0.13,-0.22,0.02
-2.9659022387153455,0.25,-0.12,0.05,-0.27,0.52,0.02
-1.3102181975977345,0.41,-0.2,-0.14,0.37,-0.04,0.02
-5.604634746750059,0.59,-0.47,0.24,0.18,0.19,0.02
-10.312420847647019,-0.18,-0.4,0.71,0.31,0.77,0.02
2.2646778386994804,-0.14,-0.2,-0.56,0.01,-0.25,0.02
0.1703347747251227,0.3,-0.19,-0.14,0.0,-0.66,0.02
-0.34014450526826945,0.44,-0.07,-0.19,-0.01,-0.3,0.02
1.0238618779321529,-0.62,0.36,-0.27,0.09,-0.05,0.02
0.16891779032470744,-0.32,-0.06,-0.22,0.29,0.17,0.02
1.2226560478657111,-0.19,-0.36,0.23,0.29,0.4,0.02
-0.3749712907457292,-0.12,-0.3,0.3,0.19,0.29,0.02
-3.0098020996178088,-0.31,-0.93,0.86,0.55,0.28,0.02
4.137973438268561,0.89,-0.2,-0.07,-0.57,-0.41,0.02
-1.3247451911392538,-0.11,0.86,0.26,0.16,0.51,0.02
1.006983353990143,-0.63,-0.5,0.62,0.1,0.58,0.02
0.0,-0.17,-0.94,0.55,0.35,0.15,0.02
-3.322356377169977,-0.46,-0.63,0.73,0.81,0.68,0.02
0.3436069777197348,0.29,-0.33,-0.17,-0.22,-0.44,0.02
-2.22621792890092,0.0,0.24,0.07,0.1,0.06,0.02
-2.451679664858053,-1.07,-0.69,1.13,0.57,0.82,0.02
-0.35902943509930063,-0.25,-0.66,0.28,0.02,0.33,0.02
0.5405248829498888,0.62,0.43,-0.31,-0.25,-0.52,0.02
1.2543793579212759,0.8,0.07,-0.41,-0.07,-0.77,0.02
1.9470818556410086,0.33,0.24,-0.15,-0.3,-0.04,0.02
0.3472525646882829,-0.2,0.21,0.13,0.15,-0.05,0.02
1.3839166078381204,0.6,-0.54,-0.57,0.07,-0.52,0.02
2.0476802095102276,0.22,0.16,-0.26,0.09,-0.31,0.02
-7.023252062738061,0.31,-0.53,-0.59,0.15,0.31,0.02
1.0790595507911505,-0.57,0.5,0.06,0.21,0.53,0.02
0.0,-0.38,-0.3,0.08,0.06,-0.34,0.02
0.0,0.11,-0.1,-0.65,0.21,-0.1,0.02
-1.0675401567709852,-0.86,-0.2,-0.22,0.06,0.27,0.02
0.3596979909165299,-0.94,-0.1,-0.05,0.47,-0.27,0.02
-0.35840880165769473,0.41,-0.66,0.18,-0.17,-0.26,0.02
1.4387690156937971,0.64,-0.21,-0.79,-0.34,-0.34,0.02
3.0143219571256097,-0.28,0.32,-0.19,-0.09,0.07,0.02
0.8604573279530348,0.51,-0.31,0.41,-0.2,-0.16,0.02
0.0,1.04,-0.15,-0.11,-0.26,-0.42,0.02
-0.34122923083859114,0.31,0.33,-0.28,-0.25,-0.11,0.02
4.452086294155655,-0.28,0.3,0.03,-0.19,0.15,0.02
3.934489081897108,-0.49,0.03,0.3,0.16,0.46,0.02
-1.8929094131787672,0.73,-0.47,0.1,0.16,0.14,0.02
1.286328899004996,0.45,0.1,-0.36,0.02,-0.7,0.02
0.9523425691062792,-0.12,0.36,-0.21,-0.05,-0.03,0.02
2.829975384627703,-0.14,-0.12,-0.03,-0.03,0.37,0.02
1.5292282279168345,-0.67,0.01,0.23,0.37,0.66,0.02
-1.2049925636127945,0.55,-0.54,-0.43,0.44,0.03,0.02
-2.5913313425125706,0.58,-0.27,0.27,-0.17,0.38,0.02
0.46948014645586955,0.38,-0.12,0.15,-0.12,0.34,0.02
-3.7383303871853513,-0.58,0.2,0.4,0.13,0.44,0.02
0.3115238749118676,0.22,-0.83,0.35,0.39,0.22,0.02
0.0,-0.23,0.14,0.37,-0.18,0.29,0.02
4.045311722882183,0.33,-0.09,-0.14,-0.19,-0.32,0.02
-2.021641668222829,0.17,-0.09,0.12,-0.2,0.15,0.02
1.5872142593380545,0.79,-0.35,-0.71,0.18,-0.54,0.02
-1.87514489489512,0.4,0.16,-0.01,-0.19,-0.05,0.02
-2.866062687734938,-0.05,0.69,0.06,-0.39,-0.34,0.02
-1.3113747071139437,0.14,0.29,0.08,-0.09,0.57,0.02
4.983291484573127,1.03,-0.38,-0.3,-0.02,-0.21,0.02
0.0,0.43,-0.34,-0.06,-0.04,0.16,0.02
-1.8988397734570395,0.18,-0.45,0.43,0.44,0.42,0.02
-0.48388301218074137,-0.69,0.2,-0.12,0.0,0.01,0.02
2.107131853883737,0.19,0.09,-0.25,0.21,-0.31,0.02
-1.9048973672580294,0.24,-0.23,-0.35,0.03,0.35,0.02
-1.6180464789078752,-0.26,0.05,-0.04,0.0,0.2,0.02
0.9867821318983561,0.44,-0.06,-0.14,-0.03,0.2,0.02
-0.32571329668651394,-0.83,0.8,0.34,0.07,0.64,0.02
-7.843204087848587,-0.29,-0.45,0.52,-0.3,0.36,0.02
-8.510745181066815,-1.75,-0.44,0.95,0.72,0.61,0.02
1.5506297033632155,0.99,-0.47,-0.3,-0.71,-0.58,0.02
-0.38164402097811134,-0.57,1.54,0.05,-0.59,0.12,0.02
-0.3831304893323062,0.7,-0.07,-0.44,-0.64,-0.01,0.02
-0.7695138049631844,0.32,0.2,-0.11,-0.34,0.11,0.02
-0.5813613474015766,0.31,-0.15,-0.18,0.06,0.18,0.02
0.9749300599581678,0.13,0.2,0.13,-0.09,0.05,0.02
-1.1585614022810442,-0.05,0.0,0.32,0.14,0.05,0.02
-0.3905833690447502,0.4,0.32,-0.32,-0.26,0.04,0.02
0.7842734545211894,0.59,-0.37,-0.19,0.06,-0.01,0.02
0.0,-0.08,-0.24,0.5,0.15,0.72,0.02
-1.7508696380568511,-0.81,-0.42,0.23,0.25,0.61,0.02
8.51503370467006,-0.15,0.69,-0.12,-0.1,0.24,0.02
1.0948114337971715,0.24,-0.22,-0.1,-0.18,0.19,0.02
-5.415160154800702,-1.67,0.11,1.18,0.04,1.46,0.02
4.580231932032031,-1.62,0.24,0.14,-0.02,-0.41,0.02
2.1896460782419247,0.87,-0.01,-0.67,-0.24,-0.55,0.02
-3.2144212234954006,-0.13,-0.04,0.32,0.3,0.02,0.02
0.7382924558057002,-0.58,-0.39,0.57,-0.04,0.8,0.02
1.2819488408542634,1.02,-1.34,0.26,0.45,0.12,0.02
-1.6277096244692757,-0.09,0.24,0.46,-0.23,0.1,0.02
-6.066073231443514,0.37,0.1,-0.51,-0.21,0.03,0.02
-6.457895751818155,0.57,-0.24,-0.49,0.16,-0.31,0.02
2.0919249541381024,0.41,0.22,-0.66,-0.3,-0.38,0.02
3.688621050154084,-0.02,0.38,-0.13,0.12,-0.19,0.02
1.9761731314709818,1.05,-0.45,-0.36,0.09,-0.24,0.02
-6.20148350735823,-0.4,0.5,0.35,-0.03,0.37,0.02
1.2399442472175393,0.63,-0.38,-0.46,0.17,-0.08,0.02
-4.898025853412213,0.37,-0.22,0.26,-0.04,0.1,0.02
-6.223115767445231,0.91,-0.39,-0.2,0.11,-0.27,0.02
1.1440576094220445,0.83,-0.4,0.06,-0.26,-0.09,0.02
2.714752693475675,0.43,0.14,-0.63,0.04,-0.37,0.02
3.0839175988615075,-0.28,0.38,-0.29,-0.21,-0.14,0.02
0.0,0.75,-0.53,-0.45,0.34,-0.4,0.02
1.281966088557196,0.68,-0.38,-0.02,-0.06,0.1,0.02
-4.641452679447089,0.36,-0.62,0.19,0.57,0.17,0.02
-1.3273479619378303,0.79,-0.51,-0.04,-0.02,-0.22,0.02
-0.4483536327695381,0.08,0.15,-0.04,0.04,0.07,0.02
2.2520650118306174,0.55,-0.55,0.07,-0.04,0.1,0.02
-0.8809632223174213,-0.2,-0.28,0.54,0.1,0.26,0.02
-1.7776993882436698,-0.46,0.84,0.01,-0.26,-0.26,0.02
1.3573691524813247,-0.31,0.37,0.12,-0.29,-0.11,0.02
-1.785579045147756,-0.39,0.77,-0.03,-0.07,-0.13,0.02
5.454580143927701,-1.05,0.24,-0.17,-0.03,-0.09,0.02
2.1550466349622432,1.04,-0.33,-0.5,0.1,-0.38,0.02
0.843837670547809,1.56,-0.54,-0.65,-0.02,-0.44,0.02
0.0,0.08,0.11,0.16,-0.12,-0.3,0.02
-1.2551616249186437,-1.05,1.06,0.18,0.03,0.02,0.02
-2.966272374995238,-0.44,0.33,0.19,0.09,0.26,0.02
-3.0565679715811145,-0.19,0.42,0.32,-0.09,-0.17,0.02
-0.9008675434584945,-0.6,0.64,-0.01,0.07,0.19,0.02
-2.272978409400761,0.25,-0.45,0.52,0.3,0.56,0.02
-2.3254450170096974,0.92,-0.56,-0.01,0.16,0.06,0.02
1.4284780876723246,0.68,-0.39,-0.42,0.35,-0.35,0.02
-1.643072951516411,-0.38,0.42,0.28,-0.33,0.38,0.02
-1.4319172774242217,0.18,-0.14,-0.2,-0.04,-0.37,0.02
0.7263479568432096,-2.91,0.57,0.0,0.21,-0.27,0.02
-0.4807248373531192,0.91,-0.05,-1.1,-0.06,0.33,0.02
-0.2415465245120263,-0.49,0.27,0.02,0.1,-0.07,0.02
-0.2421159856143884,0.43,0.24,0.04,-0.47,-0.28,0.02
-0.48535319295026635,0.41,0.21,-0.08,-0.27,-0.14,0.02
0.975510520326317,0.17,-0.08,-0.35,0.38,-0.49,0.02
0.96609392817113,1.48,-0.63,-0.09,0.28,0.1,0.02
-1.4353052189777338,-0.15,0.24,0.22,0.09,0.2,0.02
-1.942030220404467,-0.29,0.32,0.42,0.42,-0.18,0.02
-0.4950364126538931,-0.09,0.32,-0.05,-0.04,0.12,0.02
0.9954255764303754,0.2,-0.01,0.05,-0.03,-0.05,0.02
-5.418796491694156,-0.3,-0.32,0.95,0.34,0.22,0.02
-0.5208095689245296,0.29,-0.33,0.08,0.24,0.03,0.02
5.7587899357318895,-0.34,0.6,0.14,-0.29,-0.13,0.02
-4.207675701169123,0.04,0.13,0.02,0.15,-0.17,0.02
1.5502851111332872,-0.21,1.16,-0.08,-0.06,-0.42,0.02
3.8170187807007983,1.05,-0.65,-0.22,0.62,0.11,0.02
-1.961107067444079,0.21,0.18,-0.17,0.01,0.14,0.02
-1.7498893803375326,0.13,0.25,-0.05,0.02,-0.04,0.02
-1.7810558881826588,0.04,0.19,-0.02,-0.42,0.2,0.02
1.0362309719104346,-1.68,0.6,-0.44,-0.15,-0.11,0.02
6.666662318137395,-0.14,0.55,0.2,-0.2,-0.03,0.02
0.0,-1.18,0.95,-0.48,0.05,-0.11,0.02
-0.9614802503040587,-0.54,0.27,-0.14,0.19,0.36,0.02
-0.9707912850834388,0.83,-0.45,0.26,0.06,-0.07,0.02
0.9803080300057054,0.81,-0.03,-0.37,0.13,-0.35,0.02
0.48542265591808853,0.49,0.15,-0.91,0.04,-0.33,0.02
-2.415726393105433,-0.49,0.49,0.21,0.3,-0.01,0.02
-1.9800984248312226,0.47,0.39,-0.26,0.01,-0.3,0.02
1.2625835578110367,0.22,0.16,-0.24,0.0,0.02,0.02
0.24933016604773428,0.58,0.18,-0.57,-0.16,-0.31,0.02
-1.4924501840289928,0.6,0.07,-0.12,-0.46,-0.16,0.02
-2.020050180858868,-0.02,0.37,-0.28,-0.03,-0.52,0.02
2.5771300768165695,0.45,0.13,-0.23,-0.09,-0.18,0.02
-0.5024829329816738,0.14,0.38,0.15,-0.18,-0.14,0.02
0.0,0.08,0.18,-0.22,0.13,-0.06,0.02
-1.5150215757136487,0.03,0.16,0.09,-0.03,-0.06,0.02
0.0,0.22,0.53,-0.02,-0.22,0.18,0.02
-2.5639716900958454,-1.61,0.66,-0.02,0.17,0.33,0.02
0.5262999342271701,-0.11,0.55,-0.14,-0.28,-0.13,0.02
7.329864679549325,-0.16,0.32,-0.28,-0.28,-0.01,0.02
4.87769996088776,-0.41,0.04,0.16,0.15,-0.03,0.02
-0.4650890034019195,0.61,-0.96,0.42,0.58,0.08,0.02
-2.3363332310773033,0.25,0.57,-0.16,-0.13,0.33,0.02
4.306410133327554,1.09,-0.18,0.03,-0.17,-0.3,0.02
-0.6884683843003891,1.31,-0.46,-0.57,0.14,-0.6,0.02
1.6169604448351915,0.71,0.16,-0.12,-0.12,-0.29,0.02
3.6361193652970636,-0.02,0.24,-0.14,0.06,-0.05,0.02
-0.43857765083104017,0.04,0.33,-0.48,0.13,-0.27,0.02
-2.6430017327472966,0.54,0.11,0.23,0.07,0.26,0.02
1.1311601450851416,0.58,0.11,-0.18,-0.23,0.36,0.02
-2.9080952632984047,-0.06,0.16,0.21,-0.08,0.18,0.02
-3.9171886016621027,0.62,-0.18,0.54,-0.16,0.57,0.02
0.7193655954344624,-0.26,0.37,-0.04,0.08,-0.1,0.02
1.9046475450354095,0.25,-0.02,-0.33,0.25,-0.2,0.02
-1.4018088541622897,-0.88,0.11,-0.03,0.29,-0.27,0.02
-5.6872570737311445,-0.68,0.01,0.59,0.15,0.28,0.02
2.5128700730234987,0.51,-0.12,-0.18,-0.32,-0.2,0.02
2.450789559436184,-0.18,0.8,-0.35,0.0,-0.49,0.02
-5.263237171114287,-0.25,0.13,0.03,0.23,-0.13,0.02
-2.272576528379422,0.68,-0.53,0.12,-0.01,0.12,0.02
3.8757168861811797,0.72,-0.49,-0.04,0.41,-0.11,0.02
-3.482352122246146,-0.77,0.12,0.55,0.45,0.48,0.02
0.5154407672972372,-0.21,-0.48,-0.66,0.23,-0.07,0.02
-1.0256033523247,-0.12,0.39,0.12,0.0,0.15,0.02
-0.5180784150387474,-0.11,0.07,0.12,0.01,-0.23,0.02
1.041594295200432,-0.08,0.28,0.03,0.22,0.09,0.02
1.5462895198163462,-0.29,-0.38,0.32,0.47,0.15,0.02
-2.791719277686522,-0.44,-0.13,0.46,0.16,0.18,0.02
-1.3053696117367064,-0.21,-0.27,0.32,0.12,0.2,0.02
-3.7039429873751195,-0.77,-0.95,0.79,0.53,0.23,0.02
1.6482438417224632,-0.12,-0.48,-0.04,-0.15,0.2,0.02
-1.6215172829635582,-0.31,-0.75,-0.13,0.42,0.35,0.02
-0.5494262617594003,0.58,-0.26,-0.48,-0.06,-0.07,0.02
-1.6573409723827148,0.32,0.16,0.0,0.13,-0.34,0.02
-7.303439383714727,-0.26,-0.47,0.42,0.46,0.11,0.02
-3.6366436043208106,-0.81,-0.77,0.75,0.27,0.23,0.02
3.7738864028234342,0.61,-0.1,-0.12,-0.14,-0.25,0.02
1.818080903573982,0.73,1.17,-0.18,-0.17,-0.08,0.02
2.380781580407798,0.75,-0.3,-0.03,-0.08,-0.3,0.02
-2.325418446369232,-0.29,0.14,0.34,-0.09,0.21,0.02
-7.738086675534972,-0.35,-0.22,0.52,0.11,0.59,0.02
0.6451123846068496,-2.05,0.76,0.42,0.12,0.29,0.02
-1.9229830402064607,-0.86,-0.11,0.28,0.26,0.18,0.02
-0.6535553099186853,0.32,-0.46,0.14,-0.02,0.16,0.02
-1.3156781289862307,-0.21,-1.06,0.95,0.4,0.76,0.02
-4.666960768185802,-1.87,-0.93,1.58,0.71,1.25,0.02
1.048855998136533,0.0,-0.35,0.36,-0.15,0.25,0.02
-4.843966277966905,-2.69,-0.34,2.15,0.46,0.96,0.02
-1.8180703916893748,-0.53,-1.22,0.15,0.36,-0.17,0.02
0.0,1.42,1.55,-1.84,-0.77,-1.81,0.02
23.703437189007136,1.6,-0.04,-1.22,-0.24,-0.58,0.02
-0.5987472672457028,-0.79,0.5,0.33,0.39,0.54,0.02
-2.4094632671905702,-0.94,-0.37,0.86,0.54,0.52,0.02
1.2344709691944233,-1.46,-0.67,1.66,0.42,1.2,0.02
1.524305947382687,-0.26,-1.52,0.15,0.22,-0.14,0.02
0.9007983552573373,0.92,0.44,-0.81,-0.15,-0.75,0.02
4.762159385407916,0.9,0.16,-0.84,-0.03,-0.75,0.02
1.1362929067242122,-0.79,0.3,0.66,-0.01,0.63,0.02
-3.93282458566927,0.48,-0.41,0.03,0.54,-0.39,0.02
2.9243060568004298,0.72,0.12,-0.42,0.11,0.1,0.02
-3.4093665391080497,1.57,-0.67,-0.43,0.01,-0.44,0.02
1.7646010788162414,1.85,-0.52,-0.7,-0.17,-0.98,0.02
-2.8900323142710405,-0.3,0.37,0.09,0.24,0.15,0.02
2.380781580407798,0.31,-0.17,-0.3,0.0,-0.42,0.02
4.070048464358589,0.39,0.37,-0.51,0.04,-0.65,0.02
-1.1171971601885433,-0.17,0.11,0.21,-0.34,0.19,0.02
4.519457537901195,-0.28,0.21,0.37,-0.05,-0.52,0.02
-0.5404828430279451,0.54,-0.59,-0.05,0.23,0.15,0.02
-2.1738093522251534,-0.79,0.32,0.25,0.29,0.35,0.02
1.1110525192145282,0.39,-0.06,0.0,-0.25,-0.24,0.02
-2.19766136759294,0.08,0.16,0.17,-0.04,-0.01,0.02
1.1235084920546257,0.41,-0.09,0.4,0.01,0.34,0.02
5.000200066300087,0.07,-0.17,0.29,-0.13,0.27,0.02
-0.5295637406274145,-0.16,0.14,0.4,0.06,0.29,0.02
-2.127494031188615,-0.09,0.01,0.0,0.0,-0.08,0.02
1.0868830737681856,0.85,-0.05,-0.57,-0.01,-0.51,0.02
2.688466766239883,-0.37,0.58,-0.1,0.09,0.06,0.02
1.0470390941099694,-0.37,0.27,0.2,-0.17,-0.28,0.02
3.0440824272652156,0.41,0.26,-0.43,0.13,-0.12,0.02
0.06261385336301384,0.0,0.59,-0.22,-0.24,-0.28,0.02
-1.507424830096804,-0.95,0.71,0.2,0.09,0.18,0.02
-1.0203387154957277,-0.63,0.68,-0.04,-0.17,0.14,0.02
-0.515448962816123,0.15,-0.41,-0.01,0.22,0.23,0.02
0.0,0.15,0.21,0.27,-0.05,-0.07,0.02
-5.181459664865717,-0.98,0.19,0.59,-0.12,0.67,0.02
0.5464328000775343,0.99,-0.23,-0.46,-0.01,-0.07,0.02
-4.3475754997615805,0.98,-0.59,-0.23,-0.08,0.03,0.02
-2.2731278344877315,0.04,0.07,-0.12,0.31,-0.03,0.02
-1.7440199266910983,0.42,-0.38,0.06,-0.27,0.1,0.02
-3.550064613339765,0.62,-0.08,-0.31,0.15,-0.63,0.02
3.0672352432697947,1.29,-0.61,-0.7,0.26,-0.66,0.02
6.547729008919512,0.48,-0.25,-0.02,0.19,-0.26,0.02
2.7931705463489997,-0.12,0.15,-0.41,0.19,-0.5,0.02
2.173740224723142,-0.18,0.16,-0.09,0.13,-0.03,0.02
-0.5318925362773896,0.18,-0.28,-0.47,0.27,-0.35,0.02
-2.1388790261911983,0.5,-0.12,-0.14,-0.04,-0.15,0.02
-2.185687759536936,-0.2,-0.13,0.19,0.08,0.29,0.02
0.5586429915637181,-0.03,0.28,-0.26,0.0,-0.29,0.02
-0.5555395090311444,0.15,0.3,-0.24,0.04,-0.23,0.02
0.0,0.2,0.19,-0.44,-0.15,-0.32,0.02
-0.2792948489001579,0.07,0.1,0.04,-0.08,-0.08,0.02
-0.5601898082544521,0.2,0.06,0.09,0.2,0.3,0.02
10.98572314965125,0.02,-0.51,0.67,0.09,0.5,0.02
-4.060646634327314,0.73,-0.03,-0.08,0.05,-0.01,0.02
-5.291170466173567,-0.18,0.0,0.09,0.02,0.1,0.02
1.955206059003478,1.1,-0.73,-0.05,-0.01,0.11,0.02
1.3697810258277432,0.18,-0.35,0.12,0.0,-0.14,0.02
0.5405258142027414,-0.44,0.07,0.25,0.14,0.34,0.02
-1.0751969402153172,-0.51,0.35,0.1,0.3,-0.33,0.02
5.1631676917411,-0.24,0.41,-0.04,0.04,-0.05,0.02
0.2583986546968564,0.69,-0.37,-0.15,0.34,-0.11,0.02
4.123444183189506,0.44,-0.15,-0.26,0.2,-0.09,0.02
0.0,-0.17,0.13,0.12,0.2,-0.13,0.02
1.9804919730334714,0.09,-0.33,0.05,0.06,0.66,0.02
2.42702066230005,0.24,-0.4,0.48,-0.12,0.65,0.02
0.710865690473117,0.35,-0.48,0.26,0.0,-0.06,0.02
-3.5291430274768443,-0.27,-0.37,0.79,-0.04,0.65,0.02
-2.9271209980037294,-0.67,-0.4,0.56,0.19,0.44,0.02
-0.5024829329816738,-0.03,-0.14,0.05,-0.04,-0.23,0.02
0.0,-0.49,0.62,0.24,-0.18,-0.08,0.02
-1.0100170604641634,-0.21,0.16,0.49,-0.32,0.23,0.02
0.0,-0.62,-0.35,0.62,0.22,0.42,0.02
-5.102155955596476,0.25,-0.99,0.78,0.3,0.71,0.02
-1.6128167803995952,-0.03,-0.05,0.18,-0.15,-0.16,0.02
0.5464328000775343,0.62,0.1,-0.36,0.12,-0.43,0.02
5.434907902293151,-0.18,-0.25,0.22,0.09,-0.1,0.02
0.5154407672972372,0.27,-0.36,0.47,0.36,0.22,0.02
4.615528994919815,0.86,-0.99,-0.11,0.39,-0.37,0.02
0.0,1.39,-0.69,-0.55,0.3,-0.2,0.02
1.4704893231992422,0.41,0.13,-0.51,0.03,-0.31,0.02
1.449179296372094,0.34,-0.31,-0.1,-0.24,-0.06,0.02
-0.9523313436218928,0.16,0.1,-0.01,0.11,-0.17,0.02
-2.884838233684406,-0.23,0.23,0.33,0.12,0.28,0.02
1.2379767088728455,0.19,-0.11,-0.23,-0.05,-0.04,0.02
0.24452255786875376,0.6,-0.33,0.05,0.11,-0.04,0.02
-2.4393463484647437,0.06,-0.35,0.29,-0.01,0.54,0.02
-0.9999413314330741,-0.17,-0.18,0.78,0.03,0.3,0.02
0.5050205751800041,0.54,-0.45,0.52,0.46,0.19,0.02
0.5024829329816738,0.2,-0.1,0.11,0.09,-0.15,0.02
-1.9998588138551265,-0.2,0.05,0.21,0.08,0.22,0.02
3.061032370280836,0.75,-0.09,-0.13,-0.13,-0.52,0.02
-0.9900570833796363,0.99,-0.5,0.14,0.08,0.26,0.02
-2.9997921956178453,-0.19,-0.09,0.07,0.19,-0.14,0.02
1.0308569480379282,0.02,0.39,-0.06,0.01,-0.42,0.02
-1.5305283529856162,0.27,0.25,-0.15,-0.11,-0.13,0.02
4.144808555901602,0.06,0.15,-0.18,-0.05,-0.08,0.02
0.0,-0.74,1.48,-0.07,-0.38,-0.21,0.02
-0.4974833946763013,-0.33,0.37,0.05,0.0,0.16,0.02
0.0,-0.08,0.37,-0.14,-0.47,-0.01,0.02
0.4999706657164982,-0.74,-0.29,0.36,0.2,0.0,0.02
-0.4974833946763013,1.38,0.04,-0.66,0.34,-0.5,0.02
-1.9998588138551265,-0.29,0.56,0.47,0.07,0.35,0.02
-2.0406774309915,-0.91,-0.01,0.05,0.22,-0.12,0.02
-0.5208095689245296,-1.3,1.2,-0.01,-0.11,0.05,0.02
-2.6180805409821817,-0.3,-0.47,0.45,-0.1,0.42,0.02
-2.688030816676268,-1.12,0.14,0.79,-0.16,0.9,0.02
-0.5524528468951129,0.47,-0.76,0.3,0.39,-0.04,0.02
2.777609215663235,0.83,-0.03,-0.46,-0.18,-0.48,0.02
-3.783543191659966,1.56,-1.06,-0.09,0.27,0.36,0.02
5.617596053401974,0.29,-0.18,0.52,0.19,0.31,0.02
-1.0637343299408353,-0.37,-0.11,0.17,0.12,0.39,0.02
-0.537619840184278,0.48,-0.41,-0.11,0.17,0.06,0.02
-0.5404828430279451,0.58,-0.27,-0.06,0.0,-0.19,0.02
0.5434199345397239,0.17,0.2,-0.14,0.22,0.47,0.02
-5.946058971749634,-0.26,0.22,0.38,0.01,0.12,0.02
-4.022755813064183,-1.02,2.03,-0.36,-0.49,-0.48,0.02
0.5987567877937527,-0.75,0.12,-0.09,0.18,0.5,0.02
3.5712244219649802,1.39,-0.37,-0.69,0.07,-0.56,0.02
-17.81601176405979,0.02,0.21,-0.12,0.01,0.05,0.02
-2.097756469946699,0.72,-0.08,-0.55,0.1,-0.13,0.02
0.7142199268154847,-0.44,0.58,0.65,-0.15,0.04,0.02
0.7091550004899583,0.73,-0.45,-0.11,-0.22,0.26,0.02
2.816746389143443,0.5,-0.23,-0.44,0.17,-0.13,0.02
-0.6849247938528702,-0.06,0.09,0.38,0.24,0.12,0.02
-1.3791870822648877,1.12,-0.8,0.18,0.3,-0.28,0.02
-3.4962867262206654,-0.23,0.11,0.43,-0.1,0.57,0.02
-2.898385253005098,0.25,-0.26,-0.37,0.12,0.04,0.02
0.0,0.72,-0.34,-0.12,0.24,-0.08,0.02
1.1193564542811618,0.26,0.24,-0.44,0.15,-0.58,0.02
1.8448917599121595,0.58,-0.5,-0.37,-0.03,-0.28,0.02
-0.3622967164713997,0.44,-0.38,0.1,-0.22,-0.33,0.02
0.3636140783378483,-0.85,0.94,0.43,-0.21,0.15,0.02
-2.1737802988285426,-0.97,0.37,0.1,-0.18,0.29,0.02
-1.481412562787432,-0.72,0.1,0.38,-0.16,0.35,0.02
0.0,0.01,0.35,-0.16,0.27,-0.08,0.02
0.0,0.68,-0.74,-0.06,0.13,0.35,0.02
0.7518441957623745,1.22,-0.71,-0.33,0.58,-0.04,0.02
-0.7462336811438597,0.31,-0.07,-0.23,-0.17,-0.35,0.02
-1.8802201606567093,-0.02,0.1,0.42,0.23,0.37,0.02
-5.746757643462352,0.12,-0.51,0.38,0.22,0.28,0.02
-0.8129902645273357,-1.28,0.51,0.88,-0.62,0.53,0.02
4.917715313843507,0.24,-0.27,0.02,-0.13,0.02,0.02
-1.1718060032419708,0.97,-0.75,0.0,0.36,-0.37,0.02
-1.1857001082913765,-0.65,-0.06,0.79,-0.24,0.66,0.02
0.4000076825489085,0.32,-0.88,0.41,0.04,0.7,0.02
0.3983633208535897,1.52,-0.84,-0.77,0.29,-0.45,0.02
2.3808033623782032,1.01,-0.48,0.24,0.16,-0.29,0.02
1.1627226948031533,-0.22,0.36,0.37,-0.32,-0.01,0.02
9.57865431885856,0.71,-0.43,0.37,0.45,0.57,0.02
-1.3985191378556472,-0.31,0.37,0.36,-0.12,-0.24,0.02
-3.5458877636200925,-1.17,0.47,0.36,0.0,0.48,0.02
-3.6768920535231064,-0.26,0.0,0.58,-0.04,0.56,0.02
1.5272912813069528,0.85,-0.77,0.06,0.61,-0.01,0.02
1.5036883915246602,0.24,-0.17,0.27,-0.06,-0.2,0.02
1.4814007855422417,-0.75,0.1,0.18,0.06,-0.03,0.02
-0.7299052367282566,-1.27,0.6,0.76,-0.13,0.72,0.02
-4.4121173166534415,-0.49,0.03,-0.01,-0.02,0.22,0.02
-0.769198264940707,0.39,-0.44,0.18,0.33,-0.02,0.02
2.3254823648239276,-0.29,0.58,0.37,-0.61,-0.29,0.02
3.03074905915246,1.17,-0.6,-0.46,0.03,-0.16,0.02
-2.2057576239726817,-0.31,0.15,0.42,-0.19,0.39,0.02
-0.7524359355059018,0.67,-0.46,0.26,-0.1,0.25,0.02
0.7581404567440497,0.85,-0.46,0.06,0.17,0.14,0.02
-1.5043159942829565,-0.24,0.34,0.22,-0.07,-0.03,0.02
-0.7632906358657765,-0.8,-0.04,0.66,-0.13,-0.15,0.02
0.7691615741358238,-1.66,0.57,-0.07,0.08,-0.37,0.02
1.144984501461943,0.31,-0.4,-0.18,-0.16,0.13,0.02
-0.3773010060580617,-0.11,-0.81,0.54,0.42,0.63,0.02
-1.5150884615641513,-0.77,0.14,0.22,-0.17,0.23,0.02
-0.769198264940707,-0.65,-0.63,1.02,-0.08,0.45,0.02
6.977020210345808,-0.2,0.48,-0.24,-0.1,-0.7,0.02
-3.622990207181731,0.09,-0.3,0.12,-0.18,0.19,0.02
-0.7524359355059018,0.47,-1.34,0.69,0.44,0.85,0.02
0.0,-0.08,0.31,-0.21,-0.04,-0.16,0.02
1.5156846875261643,0.23,0.35,-0.95,0.25,-0.48,0.02
11.193967957264594,-1.9,1.23,0.01,0.04,-0.07,0.02
-2.0138844501904396,-2.26,0.8,0.9,0.47,0.77,0.02
-4.109320073703393,0.17,-0.86,0.47,0.29,0.1,0.02
2.8569364905283834,-1.17,0.42,0.02,0.32,0.13,0.02
4.861446027901661,-0.02,-0.36,-0.29,0.5,-0.88,0.02
1.9866117400399785,1.15,0.16,-1.36,0.16,-1.19,0.02
1.2986335878256483,0.77,0.29,-0.19,-0.3,-0.2,0.02
-1.9229830402064607,0.43,-0.32,0.31,0.15,-0.25,0.02
-0.6535553099186853,-0.58,0.98,0.23,0.1,0.27,0.02
-0.6578233743873119,-0.42,0.03,0.41,-0.25,0.47,0.02
-3.311644307272954,-2.48,0.92,0.38,-0.32,0.44,0.02
2.7401783341827413,0.55,-0.72,-0.26,0.31,-0.19,0.02
-1.666552898419249,1.19,-0.98,0.22,0.42,0.48,0.02
0.677901792090374,0.81,-0.95,-0.12,0.67,0.89,0.02
2.3567338272995064,-0.11,0.17,0.35,-0.14,-0.46,0.02
-3.2892528528534415,0.42,-0.18,-0.16,0.11,0.37,0.02
-2.0412825108994226,-0.99,-0.07,0.37,0.32,0.37,0.02
2.7782451891227966,1.4,-1.56,-0.03,0.88,0.3,0.02
-2.0275442034737967,-0.03,-0.14,-0.29,-0.21,-0.7,0.02
-1.3791870822648877,-0.22,0.37,-0.02,-0.11,-0.05,0.02
-2.097756469946699,-0.95,0.19,0.46,-0.16,0.63,0.02
0.7142199268154847,0.82,-1.04,0.29,0.51,-0.32,0.02
0.35456622412797234,2.41,-1.51,-0.34,0.16,-0.47,0.02
-3.886673157489362,0.93,-0.55,-0.43,-0.1,-0.72,0.02
0.0,-0.1,1.03,-0.29,-0.2,-0.62,0.02
0.0,1.93,0.5,-0.68,0.13,-0.63,0.02
0.0,2.16,0.04,-1.47,0.33,-0.34,0.02
-0.7352369537848791,-0.31,0.21,0.48,-0.26,0.23,0.02
-2.222701817817818,-1.18,1.13,-0.18,-0.08,-0.23,0.02
3.03074905915246,0.41,-0.56,-0.07,0.0,0.0,0.02
0.3676360128741951,0.51,0.02,0.09,0.13,-0.02,0.02
2.9302103784986766,1.29,-0.77,-0.19,0.04,0.05,0.02
0.0,-0.45,0.4,-0.06,-0.15,0.29,0.02
0.7116785326906738,0.35,-0.17,0.59,-0.17,0.09,0.02
0.3533359663675295,0.58,-0.17,-0.82,0.34,-0.57,0.02
-2.8167016022835,-1.13,1.09,0.35,-0.43,0.45,0.02
-1.4491983871194214,0.28,-0.04,-0.27,-0.02,0.06,0.02
1.4705089795332693,0.91,-0.55,-0.22,0.31,-0.77,0.02
-2.1737802988285426,-0.13,0.71,-0.72,-0.13,-0.11,0.02
-1.481412562787432,-0.27,0.63,0.41,-0.13,0.05,0.02
1.5036883915246602,1.26,-0.17,-0.52,0.08,-0.27,0.02
2.222083512445594,0.3,0.16,-1.0,0.2,-0.62,0.02
-1.4491983871194214,-0.11,0.51,0.01,-0.18,-0.17,0.02
-2.2057576239726817,-0.28,0.48,0.19,-0.34,0.34,0.02
0.0,0.55,-0.18,0.6,-0.36,0.18,0.02
1.8796164665749293,-0.05,0.87,-0.2,-0.27,-0.22,0.02
-1.4759579963242508,-0.16,0.08,0.87,-0.06,0.82,0.02
-0.3745082837001923,-0.44,0.46,0.35,-0.26,0.12,0.02
0.3759161207120387,0.42,0.05,0.22,-0.21,-0.26,0.02
0.3745201932685127,1.41,-0.84,-0.3,0.42,-0.15,0.02
-0.7462336811438597,0.48,-0.34,0.12,-0.44,-0.31,0.02
-2.2561243270305398,0.14,-0.47,0.54,-0.29,0.53,0.02
0.3845807870679563,0.41,-0.35,0.1,0.11,0.24,0.02
-1.532460176534045,1.29,-1.01,0.16,0.15,0.52,0.02
-1.5563533132114782,0.99,-0.42,-0.35,0.64,0.34,0.02
-1.9761668471523386,0.04,-0.03,-0.06,0.12,-0.38,0.02
5.443256013977038,0.13,0.14,-0.11,0.29,-0.52,0.02
-2.485533718419908,-0.38,0.3,0.59,-0.33,0.04,0.02
-1.1764070642658275,0.95,-0.12,-0.26,0.04,-0.19,0.02
-1.190392217307945,-0.04,-0.34,-0.03,0.04,-0.21,0.02
-1.2047268831100855,-1.84,1.41,0.21,-0.14,-0.31,0.02
-0.4064854375733673,1.62,-0.91,-0.18,0.37,0.19,0.02
-1.2244204774017997,-0.71,0.45,0.37,-0.03,-0.01,0.02
-2.8930838600845,-0.5,0.39,0.09,0.14,0.09,0.02
0.0,0.42,0.29,-0.12,0.13,0.25,0.02
-2.978566440327368,-0.1,1.48,-0.63,0.12,-0.14,0.02
-7.4556596760719245,0.55,-0.97,0.53,-0.23,0.35,0.02
-0.9486656003867555,1.16,-1.14,-0.19,0.38,-0.36,0.02
4.785273124017331,1.2,-0.83,-0.22,0.4,0.08,0.02
0.9131640060878299,-0.35,0.4,0.04,0.09,-0.36,0.02
-0.452446791818395,0.69,-0.33,-0.31,0.06,-0.25,0.02
-0.4545104038154446,-0.95,0.85,0.14,-0.27,-0.3,0.02
-3.1961429908504924,0.57,-0.1,0.16,0.08,-0.16,0.02
14.622482920106282,0.44,0.36,-0.31,-0.23,-0.35,0.02
2.880452832519498,0.23,0.22,-0.4,0.21,-0.67,0.02
1.999898498773911,0.74,0.06,-0.55,0.16,-0.49,0.02
3.1370938180846464,1.13,-0.4,-0.55,0.01,-1.01,0.02
6.464152001224033,-0.55,0.19,0.33,0.14,0.54,0.02
-0.8928600834191669,-1.41,1.01,0.35,-0.07,0.42,0.02
-6.847024295643145,-0.4,-0.06,0.01,0.16,0.26,0.02
2.514359999682658,1.99,-1.42,-0.6,0.32,-0.22,0.02
-2.641359032392032,0.29,-0.05,0.29,-0.32,-0.31,0.02
-1.93787732054157,0.31,-0.16,-0.08,-0.25,0.14,0.02
2.766652438969186,-0.12,0.22,0.24,-0.08,0.1,0.02
1.1538035125453039,-0.23,0.25,0.55,-0.1,0.24,0.02
0.3802061850185279,0.53,-0.41,0.42,-0.09,0.07,0.02
5.30335766156087,1.09,-0.41,0.06,-0.2,0.19,0.02
0.719392284922904,0.18,0.11,0.2,0.02,-0.27,0.02
9.6428434743137,-0.57,0.61,0.13,-0.05,0.0,0.02
2.931419670178781,0.3,0.01,-0.07,0.04,-0.1,0.02
0.0,0.34,0.49,-0.62,0.11,-0.49,0.02
33.22802869167427,0.74,-0.15,0.03,0.19,0.04,0.02
10.926520356646318,-0.77,0.87,0.24,0.01,0.01,0.02
-8.137289061056785,-1.81,0.64,0.11,-0.22,0.12,0.02
-8.391495030362206,0.16,-0.51,0.54,0.18,0.63,0.02
-10.177921108126952,-0.93,0.72,0.61,-0.31,0.35,0.02
7.082218506483029,-0.26,0.3,0.06,-0.17,-0.48,0.02
-2.6457913348428397,0.26,-0.11,-0.18,0.25,0.06,0.02
1.0868830737681856,-2.05,1.39,0.6,-0.37,0.13,0.02
1.6132783740551604,0.81,-0.85,-0.34,0.42,-0.01,0.02
3.4389466029887794,1.38,-0.26,-0.51,-0.07,-0.46,0.02
0.7671844094699898,1.36,-0.16,-0.48,0.16,-0.43,0.02
-2.537903137614317,-1.23,0.92,0.27,-0.22,0.21,0.02
-1.5623955832420489,-0.28,-0.03,0.08,0.1,0.31,0.02
-2.3812660401846486,-0.12,0.75,0.16,-0.42,-0.14,0.02
-3.5228260510813847,-0.61,0.71,0.33,-0.43,0.18,0.02
1.9661353950015004,0.18,0.59,-0.14,-0.1,0.15,0.02
-3.0300861550391467,-0.81,1.0,0.45,-0.24,0.05,0.02
-1.1367987930275492,-0.21,0.58,-0.14,0.08,-0.33,0.02
2.8738721624336216,2.44,-1.33,-0.64,0.42,-0.28,0.02
0.5586429915637181,0.18,-0.16,0.52,-0.34,-0.09,0.02
0.0,0.28,0.06,-0.05,0.16,-0.23,0.02
-1.3888046078316396,0.02,0.72,0.08,-0.46,-0.27,0.02
-3.0989203975594126,0.32,0.32,0.21,-0.23,-0.14,0.02
1.4534593239652116,0.27,0.23,0.21,-0.09,0.06,0.02
5.157759399319706,-1.22,1.22,0.7,-0.54,0.1,0.02
-2.4521789791297044,-0.63,0.63,-0.07,-0.01,0.14,0.02
-1.3965364205581365,1.19,-0.42,-0.25,-0.02,-0.15,0.02
-2.5499485367520225,-0.32,0.45,0.29,-0.18,0.26,0.02
2.0352923025982683,2.25,-1.54,-0.32,0.17,-0.55,0.02
-0.5702271885570376,-0.08,0.24,0.39,-0.4,-0.29,0.02
2.2926047778787817,0.35,-0.22,-0.01,0.13,0.04,0.02
-1.680578331934457,0.3,0.0,-0.66,0.18,-0.32,0.02
3.9883651657257824,0.5,-0.02,-0.43,0.13,0.33,0.02
-4.657725933501444,-0.28,0.6,-0.14,0.24,-0.16,0.02
-1.1493953539712387,-0.62,0.62,0.4,-0.41,0.14,0.02
-1.7440199266910983,-0.62,0.57,0.14,-0.29,0.18,0.02
0.8875208572763915,0.64,-0.39,-0.1,0.3,0.39,0.02
3.5193377821618466,0.73,-0.32,-0.32,0.07,-0.05,0.02
-1.70010681799303,-0.43,0.99,0.3,-0.33,-0.02,0.02
-0.7204009752213358,0.62,-0.51,0.21,0.09,0.27,0.02
1.8871526120795457,0.55,-0.03,0.25,0.03,-0.13,0.02
0.8546930341742698,0.48,0.03,-0.15,-0.02,-0.35,0.02
-0.8474499385810907,0.68,-0.21,-0.11,0.24,0.2,0.02
-0.5702271885570376,0.9,-0.4,-0.64,0.11,-0.15,0.02
-1.4326365346734704,-0.61,0.71,-0.28,-0.33,-0.34,0.02
1.1627600641261449,-0.2,0.46,0.3,-0.33,-0.33,0.02
4.310570667099434,-0.28,0.56,0.1,-0.18,0.14,0.02
0.0,0.1,0.08,0.28,-0.12,0.13,0.02
0.0,0.03,-0.31,0.17,0.03,0.27,0.02
4.958853174647282,-0.33,0.08,-0.02,-0.19,0.02,0.02
-9.711605190096673,-1.05,-0.15,0.63,0.04,0.26,0.02
-6.394912282274823,-1.31,-0.46,0.32,0.32,0.46,0.02
-7.142961539160408,1.1,-0.24,-0.34,-0.24,-0.08,0.02
2.006607724780385,1.65,-0.71,-0.36,0.11,0.06,0.02
-2.6228015430979745,-0.3,0.3,0.09,-0.09,0.21,0.02
-4.377430729723486,-1.85,-0.09,0.48,0.12,0.5,0.02
-6.690333909553592,-0.81,0.46,0.79,0.22,0.55,0.02
1.1326649878933948,-6.58,0.45,2.1,0.73,1.14,0.02
8.208392515617735,4.11,-2.1,-2.38,0.35,-1.22,0.02
-3.448011565960707,0.07,1.08,0.82,-0.66,0.15,0.02
-5.714548701928857,-1.61,0.31,0.36,0.28,0.46,0.02
3.220120060636855,1.17,-0.03,-0.45,0.25,-0.27,0.02
2.018247604924528,2.31,-0.79,-0.44,0.24,-0.31,0.02
3.2371451794551476,0.23,-0.07,-0.06,0.11,-0.3,0.02
2.4395364879565173,0.34,0.22,-0.2,-0.18,-0.16,0.02
3.4011244353730374,-0.51,0.09,0.45,0.08,0.41,0.02
3.947128527593402,-1.28,-0.35,0.2,0.42,0.24,0.02
-5.3794423697589355,-0.53,0.53,0.66,-0.19,0.54,0.02
-1.6721057491204339,0.05,-0.4,0.07,0.61,0.39,0.02
-4.081959335289365,-1.96,-0.28,0.91,0.05,0.63,0.02
2.1275213820550087,0.84,-1.0,-0.6,0.42,-0.2,0.02
2.4310432091241285,1.21,-0.32,-0.92,-0.03,-0.51,0.02
0.3389616752119018,1.84,-0.42,-0.34,-0.08,-0.68,0.02
-2.3653500671046213,-0.8,0.06,0.69,-0.01,0.73,0.02
1.0380242110290094,0.46,-0.62,-0.19,0.47,0.16,0.02
1.3704049762816473,1.37,-0.65,-0.28,0.16,-0.29,0.02
-1.689673883325793,0.25,-0.42,0.18,0.46,0.4,0.02
-3.092615313469671,-1.68,0.07,0.86,0.14,0.56,0.02
-1.4183438293309814,0.35,-0.68,0.13,0.5,0.43,0.02
0.719392284922904,0.18,0.07,0.23,-0.12,-0.32,0.02
1.428439853630925,0.36,-0.04,-0.14,0.0,-0.05,0.02
0.0,1.79,-1.14,0.02,0.07,0.15,0.02
-10.563350397500193,-0.33,-0.2,0.91,0.07,0.19,0.02
-0.7873423306013483,0.53,-0.35,-0.45,0.32,0.1,0.02
-0.7936158423857642,-0.2,0.32,0.19,-0.03,0.03,0.02
1.199927651757693,0.97,-0.43,-0.39,-0.14,-0.3,0.02
-1.580908340447229,0.04,0.79,-0.2,0.01,-0.45,0.02
-2.0079228353635847,-0.74,-0.14,0.8,0.12,0.45,0.02
-3.279195819164593,-0.79,-0.5,0.78,0.4,0.68,0.02
-1.2710874692531515,-1.58,-0.36,0.87,0.05,0.88,0.02
-3.0041390870261586,-0.3,-0.26,0.73,0.0,0.49,0.02
-1.3273479619378414,0.67,-1.37,0.65,0.3,0.33,0.02
2.690449764608127,0.6,0.33,-0.6,0.15,-0.33,0.02
-2.6199610292634734,-0.15,0.26,0.5,-0.28,-0.14,0.02
-0.8967928224062893,-1.08,-0.3,0.37,-0.13,0.67,0.02
-0.9049007778932916,-0.68,0.45,-0.41,-0.16,-0.14,0.02
-2.7395500978786735,0.58,-0.26,0.05,0.37,0.24,0.02
-2.8175439814374648,-1.21,1.12,0.87,-0.13,0.35,0.02
1.4500303124964198,-0.58,0.43,0.25,-0.21,0.19,0.02
1.4284872815064187,0.33,-0.29,-0.04,-0.01,0.04,0.02
-1.40836891073981,1.61,-0.83,-0.48,0.3,-0.51,0.02
0.4761750456232505,1.76,-0.19,-0.48,0.05,-0.52,0.02
-0.4739183646342404,0.2,0.85,-0.33,-0.49,-0.55,0.02
23.80877499438221,0.22,-0.1,-0.46,0.21,-0.1,0.02
-2.3075764494198125,0.22,0.06,-0.29,0.04,-0.05,0.02
19.29153336893783,-1.04,0.22,0.15,-0.38,0.14,0.02
-7.590820969744227,-0.38,-0.37,-0.24,-0.12,0.38,0.02
3.9283231640181437,-0.82,0.18,-0.16,0.09,0.31,0.02
0.0,-2.98,0.25,0.67,0.08,0.67,0.02
0.34360085478419844,0.74,-1.59,0.08,0.88,0.51,0.02
6.849520187830227,1.5,0.11,-0.67,-0.33,-0.71,0.02
1.28195472054633,0.61,0.08,0.26,0.12,0.08,0.02
-2.8479347507028185,-0.61,0.65,0.17,-0.19,-0.03,0.02
-1.9542279908142168,1.08,-0.03,-0.21,0.22,-0.22,0.02
1.3288002576002267,1.63,-0.5,-0.95,-0.09,-0.38,0.02
-0.8196326499377848,-0.66,0.28,0.24,-0.39,-0.27,0.02
1.8180598797561398,-0.8,0.09,0.49,0.02,0.2,0.02
1.2986335878256483,-0.56,0.27,-0.25,-0.23,-0.11,0.02
-0.32051415983002096,-0.25,-0.59,0.52,0.35,0.44,0.02
-1.6076215350326994,0.97,-0.67,-0.28,0.41,-0.27,0.02
0.32677765495932043,1.01,0.28,-0.63,0.04,-0.86,0.02
-3.582804832107822,0.78,-0.15,-0.45,0.28,-0.41,0.02
-1.0140836415698073,-0.4,0.24,0.24,-0.08,0.01,0.02
-3.4127635984616433,1.93,-1.2,-0.9,0.45,-0.52,0.02
3.5333484273987192,0.53,0.19,-0.04,-0.21,-0.42,0.02
-0.3412557395082283,0.22,0.62,-0.35,-0.16,-0.82,0.02
0.3424242820240897,-0.15,0.66,0.25,0.01,0.19,0.02
1.0244726511373425,0.75,-0.45,0.1,0.01,-0.05,0.02
3.715939699209314,-0.09,0.51,0.11,-0.18,0.01,0.02
1.302853186746189,0.81,0.03,-0.26,-0.09,-0.37,0.02
-2.250670149045786,0.16,-0.01,0.25,-0.27,0.05,0.02
1.9735956440082525,0.36,-0.27,-0.05,-0.14,0.05,0.02
0.6451123846068496,-0.25,0.7,0.04,-0.15,-0.04,0.02
0.6409875521505848,0.15,-0.33,0.43,0.27,0.13,0.02
4.777304499704149,0.8,-0.55,-0.34,0.34,-0.21,0.02
-0.6078461543219782,-0.23,0.3,-0.17,-0.18,-0.35,0.02
-2.1410752276613043,0.38,-0.4,0.07,-0.09,0.1,0.02
6.2501757624063625,0.44,0.02,-0.39,0.12,-0.38,0.02
0.29410953234927373,-0.74,0.44,0.52,-0.04,0.38,0.02
4.692279415673073,1.14,-0.35,-0.22,-0.04,-0.34,0.02
5.321785364074794,0.56,0.02,-0.07,-0.1,0.0,0.02
0.5323830482119929,0.05,0.13,0.18,0.06,0.17,0.02
-3.7039429873751195,-0.16,0.14,0.6,-0.23,0.34,0.02
1.6482438417224632,0.34,-0.24,0.5,0.02,0.18,0.02
5.6758390358230715,-0.42,0.39,0.17,-0.5,-0.23,0.02
-1.5344664106131778,-1.03,-0.09,0.55,-0.1,0.6,0.02
1.5583792162362942,1.85,-0.4,-0.63,0.24,-0.3,0.02
-6.905416020697864,-0.32,-0.17,0.45,-0.15,0.79,0.02
5.769347023752558,1.07,-0.46,-0.24,0.11,-0.13,0.02
8.571308692473757,0.5,0.01,-0.11,-0.12,0.07,0.02
3.3490810118173453,0.13,0.09,-0.31,0.05,-0.18,0.02
0.4633556076340861,-0.07,0.28,0.28,-0.37,-0.19,0.02
-1.6131914550345794,0.88,-0.31,0.21,0.12,0.02,0.02
-1.2879800444376976,0.1,-0.34,0.77,-0.02,0.54,0.02
2.253712727219792,0.48,-0.19,-0.07,0.08,-0.27,0.02
-0.6960149605810595,0.4,-0.01,-0.06,-0.26,-0.23,0.02
-1.4018088541622897,0.57,-0.61,0.1,0.17,0.28,0.02
-0.9478108736627244,-0.33,0.25,-0.11,-0.16,-0.3,0.02
7.1770053566247105,0.85,-0.29,-0.13,0.27,-0.14,0.02
-3.013184157943849,-0.24,0.33,-0.13,-0.14,-0.32,0.02
-2.1866954759079404,-0.06,0.24,-0.16,0.06,-0.28,0.02
1.4116961175925091,-0.4,0.44,0.0,0.0,-0.29,0.02
1.85645305646982,-0.22,0.19,-0.28,0.3,0.12,0.02
0.227761937636628,0.77,0.06,-0.11,0.15,-0.3,0.02
0.0,0.6,0.19,-0.59,-0.22,-0.24,0.02
-0.6817547652912648,0.84,-0.68,0.13,-0.12,0.23,0.02
-0.9157190641291946,0.19,-0.17,0.1,-0.05,-0.37,0.02
-3.002106131737581,-0.3,-0.48,0.94,-0.03,0.38,0.02
-2.856956175344638,-1.05,-0.49,0.65,0.05,0.73,0.02
-1.961107067444079,-0.49,0.72,0.07,-0.51,-0.24,0.02
2.5003382584720457,0.82,0.18,0.07,0.0,-0.07,0.02
3.1705041990020444,-0.02,-0.08,0.76,0.2,-0.23,0.02
1.8911248925292279,0.67,0.21,0.18,-0.41,-0.3,0.02
1.85645305646982,0.37,0.08,0.04,-0.46,-0.25,0.02
4.327737578032376,-0.88,0.46,0.03,-0.43,0.04,0.02
-2.401612428978017,1.11,-0.62,-0.53,0.14,0.19,0.02
3.803273025482712,0.16,0.43,-0.79,0.11,-0.22,0.02
0.0,0.24,0.45,-0.15,-0.25,-0.37,0.02
-5.172444986726143,0.29,-0.29,0.11,0.53,-0.21,0.02
0.6817836731098037,-1.13,-0.05,0.4,0.07,0.85,0.02
0.9028652199710496,-0.98,0.16,0.08,0.04,-0.05,0.02
-0.6710720934057335,-2.14,-0.3,0.42,0.16,0.36,0.02
-2.928157913621521,0.15,0.65,-0.28,-0.41,-0.28,0.02
0.23198285320389367,0.9,-0.04,-0.35,-0.17,-0.47,0.02
1.3892350514101315,1.47,-0.32,-0.32,0.11,0.09,0.02
2.282928165099407,0.6,-0.44,0.27,0.0,-0.1,0.02
3.7948274820634342,0.15,0.09,-0.29,-0.05,0.34,0.02
2.1503846158843265,-0.59,-0.04,0.15,-0.13,0.15,0.02
2.1051299031152215,-0.83,0.42,0.3,-0.21,-0.1,0.02
-0.4123337691390838,-0.83,0.26,0.4,-0.15,0.2,0.02
0.8280688328513586,1.07,-0.5,-0.59,0.21,-0.38,0.02
1.6429738111321202,-0.25,-0.29,0.46,0.11,0.68,0.02
-2.626423887167517,0.53,-0.79,-0.09,0.26,-0.08,0.02
1.0372499566231985,0.27,-0.09,0.02,-0.17,0.01,0.02
-1.2319610162392025,-0.18,-0.18,0.19,0.04,0.12,0.02
-1.6630373652878339,-0.78,0.09,0.5,-0.15,0.12,0.02
-3.594258796771266,-0.44,-0.61,0.07,0.33,0.6,0.02
3.070385252109098,0.38,0.29,-0.42,0.28,-0.47,0.02
0.6382793027579492,0.47,-1.05,0.42,0.53,0.61,0.02
-2.325453663062782,-0.36,0.03,0.57,-0.23,0.11,0.02
-3.463387898632475,-0.55,-0.26,0.41,0.09,0.41,0.02
-4.260182996157324,-1.5,-0.39,1.04,0.16,0.4,0.02
0.23417074290326134,-0.36,-0.91,-0.56,0.43,-0.01,0.02
2.570358093925118,0.56,0.64,0.05,-0.06,-0.17,0.02
-2.961506392712032,-0.42,0.63,0.61,-0.24,0.12,0.02
-1.4083599740475128,-0.33,-1.1,1.13,0.48,1.02,0.02
2.3808094312942174,0.18,-0.54,0.23,0.08,-0.41,0.02
-2.0929079103510495,-0.78,0.69,0.37,-0.41,0.36,0.02
1.9001087498540015,0.99,-0.5,-0.65,0.0,-0.43,0.02
0.23310882028804158,1.45,-1.03,-0.59,0.28,0.16,0.02
1.3956811325773755,0.27,-0.03,0.01,-0.37,-0.2,0.02
3.6694464895937973,0.25,-0.05,-0.47,-0.15,-0.16,0.02
-0.663656393212686,-0.7,-0.52,0.59,0.05,0.38,0.02
-0.8908011197372168,-1.46,0.14,0.29,0.07,0.06,0.02
1.1235417920003155,0.09,-0.7,-0.41,0.16,0.06,0.02
-2.222103036211831,-1.92,0.19,0.63,0.38,0.17,0.02
1.8180416152619339,0.99,0.08,-1.06,-0.17,-1.03,0.02
0.4464444466685036,1.63,-0.46,-0.17,0.18,-0.39,0.02
-2.8887085081640396,-0.14,-0.57,-0.29,-0.01,-0.03,0.02
-0.9157190641291946,-0.42,0.19,0.19,-0.25,-0.22,0.02
1.155100787572394,0.33,0.32,-0.18,0.0,-0.44,0.02
1.5980678654492486,1.35,-0.22,-1.15,-0.1,-0.97,0.02
1.572902771889484,1.13,-0.32,-0.5,-0.35,-0.77,0.02
1.1061573046102113,-0.32,0.07,0.21,0.0,0.26,0.02
-1.3128399570599636,0.29,-0.21,0.22,0.23,0.12,0.02
1.7737161364623333,0.55,0.11,-0.29,-0.04,-0.41,0.02
0.0,-0.2,0.88,-0.09,-0.4,-0.19,0.02
4.357445815621497,1.13,-0.69,-0.18,-0.16,-0.01,0.02
-3.1313566171552787,-0.19,-0.12,0.23,-0.12,0.43,0.02
4.741087519999221,0.85,-0.7,0.05,-0.14,-0.27,0.02
0.41151154036853654,-0.17,-0.13,0.1,0.1,-0.15,0.02
6.762608763873179,0.9,-0.74,-0.62,0.37,-0.62,0.02
-2.687322525271829,-0.51,0.67,-0.02,0.07,-0.21,0.02
1.1833424757060618,0.31,-0.45,-0.5,0.33,-0.14,0.02
5.847925340923021,0.1,-0.07,-0.18,0.18,-0.63,0.02
-1.4731750863688609,0.83,-0.66,-0.29,0.12,0.53,0.02
2.99077256800393,-0.08,0.76,-0.58,-0.03,-0.67,0.02
8.892703183011896,0.65,-0.4,-0.42,0.17,0.01,0.02
-1.6665472449842067,0.2,-0.31,-0.27,-0.19,-0.11,0.02
-1.6948025294034719,-0.13,0.01,-0.38,0.0,-0.15,0.02
-1.7243940969083327,-1.59,0.45,0.75,-0.09,0.68,0.02
-1.754227216189519,-0.28,-0.82,-0.09,0.26,0.43,0.02
-0.1785833733371489,-2.05,0.29,0.37,0.18,0.5,0.02
-0.7155545715740064,-0.15,-0.35,-0.59,0.58,0.44,0.02
-0.7206543619527328,0.2,-1.57,-0.12,0.39,0.1,0.02
-2.359526037982196,-1.5,0.35,0.33,-0.01,0.37,0.02
4.461045686764908,-0.46,0.11,0.18,-0.06,0.71,0.02
3.914650630795702,1.46,-0.93,-0.31,-0.01,-0.69,0.02
-5.136948074696712,-1.87,-0.22,0.61,-0.22,0.22,0.02
1.4439439830137735,-0.87,-0.81,0.88,0.2,0.38,0.02
-2.668879369413668,-3.55,0.72,0.75,0.04,0.67,0.02
5.301621553747782,0.48,-1.25,-0.19,0.59,0.43,0.02
2.4304397381782694,1.07,0.87,-0.64,-0.3,-1.29,0.02
-1.0169203227550438,0.39,1.57,-0.19,-0.87,-0.18,0.02
3.9383686020376896,-0.59,-0.19,0.05,-0.2,0.18,0.02
2.80054176049529,-1.66,-0.95,0.11,0.59,0.84,0.02
2.7244926610839215,1.54,0.09,-0.06,-0.12,-0.34,0.02
-1.5600073618012855,-0.87,-0.19,0.42,0.11,0.37,0.02
2.69396111862934,-0.96,0.69,0.2,0.24,0.07,0.02
3.549436256018801,1.51,-1.56,-0.73,0.64,-0.43,0.02
1.4902139342096943,1.61,-0.38,-0.32,-0.21,-0.61,0.02
-3.671107086704184,-0.46,-0.78,0.44,-0.34,0.41,0.02
-0.914570716868246,-0.67,-0.25,-0.12,0.15,0.33,0.02
5.846325205172276,-1.16,-0.32,0.03,0.51,0.76,0.02
-4.21509945753794,0.38,-1.15,0.29,0.23,0.42,0.02
-0.9106366659007326,0.21,-1.17,-0.3,0.33,-0.22,0.02
-1.0719506648499744,-1.08,-1.37,-0.03,0.6,0.66,0.02
-7.120819597811112,-3.91,0.13,0.56,0.32,1.02,0.02
-8.83309894178258,-1.69,-0.31,0.56,0.7,1.08,0.02
-8.775184542280511,-6.7,0.41,2.48,0.82,2.2,0.02
9.41891963625201,3.56,-0.91,-2.03,-0.1,-0.75,0.02
4.212159219352918,-0.02,1.2,0.14,-1.13,-0.86,0.02
-2.636015055023444,-1.09,-0.5,-0.36,0.4,0.67,0.02
1.4439439830137735,-0.78,0.98,-0.09,0.13,0.57,0.02
8.896853009356853,4.93,-1.28,-2.1,-0.3,-1.48,0.02
-2.287734552543974,-1.77,-0.44,1.1,0.11,0.62,0.02
2.0069006319003435,-2.52,0.27,0.64,0.0,0.54,0.02
-1.3113747071139437,2.67,-0.47,-1.34,0.55,-1.37,0.02
-1.1630778995443847,2.04,-1.16,0.04,-0.32,-0.47,0.02
2.689226941714984,0.71,-1.07,0.77,-0.14,-0.05,0.02
-2.2914473463709895,0.84,-0.39,-0.1,-0.57,-0.37,0.02
-3.517390246939789,-2.35,1.17,0.73,-0.16,0.43,0.02
2.0831835873301285,0.4,1.43,-0.4,0.22,0.07,0.02
0.5101627495747385,0.19,-0.67,-0.24,-0.23,0.02,0.02
0.16925925268314046,0.69,0.49,-0.61,-0.12,-0.43,0.02
3.5473639678859525,3.23,-1.58,-0.81,-0.2,-1.14,0.02
0.4893460097607827,-2.05,0.92,0.67,-0.08,0.6,0.02
0.6493322802616053,0.08,-0.55,-0.03,-0.1,-0.42,0.02
0.8063827875387064,0.34,-0.38,0.29,0.04,0.4,0.02
1.1201778852860667,-0.12,-0.44,-0.17,0.43,0.43,0.02
-3.481021765744474,-2.58,2.36,0.34,-0.17,0.1,0.02
-6.393637191821943,-3.27,-0.18,1.46,0.72,2.14,0.01
-1.7511993558735228,1.41,-1.69,0.17,-0.44,0.91,0.01
-8.199803607972312,-1.91,-1.55,1.07,0.65,2.48,0.01
1.165388225332098,-0.55,-0.68,0.05,0.04,1.04,0.01
-1.919584970436805,-1.8,-1.37,0.86,1.01,1.98,0.01
-3.522338678307313,-1.67,-2.42,0.28,1.19,0.39,0.01
13.995782202950124,2.64,-0.62,-1.24,-1.05,-2.46,0.01
6.583552632695677,1.65,0.57,-1.79,-0.7,-1.09,0.01
3.505922408705997,-0.63,-0.84,0.96,0.45,0.51,0.01
-3.5484925187027505,1.34,-0.29,-0.07,-0.25,-0.39,0.01
-2.0065709466232096,4.06,-1.32,-1.21,-0.1,-1.62,0.01
0.17065992810469943,1.02,1.03,-0.59,0.24,-0.19,0.01
2.2145284332883097,0.83,1.69,-0.47,-0.33,-1.32,0.01
-3.8330756227558105,0.27,1.42,0.25,-0.38,0.16,0.01
2.9460371905699834,0.59,0.47,-0.69,0.49,-0.21,0.01
-1.0100518029091399,0.87,1.15,-0.76,0.28,-1.13,0.01
-3.401438315441885,-0.6,1.2,-0.44,-0.07,0.06,0.01
5.457760336779249,0.41,1.04,-0.54,0.23,-0.8,0.01
-5.843023521245206,-0.53,0.68,0.19,-0.13,-0.29,0.01
4.432641607451049,0.24,-0.03,-0.12,-0.15,-0.36,0.01
-1.0186039887485676,1.59,-0.88,-0.44,-0.36,0.43,0.01
1.88666731245688,1.22,-0.45,0.58,-0.53,-0.43,0.01
1.347064073551918,1.4,0.74,-0.65,-0.05,-0.39,0.02
0.4982763268986723,-0.1,0.47,0.34,0.1,0.49,0.02
2.3138762354412368,0.88,0.46,0.15,-0.09,-0.97,0.02
-1.292319819026111,1.28,-0.09,-0.44,0.21,0.26,0.02
-0.32731244692854045,0.68,0.44,-0.63,-0.26,-0.09,0.02
-3.776746344568793,-0.83,0.52,-0.34,-0.25,-0.51,0.02
-4.095577807849615,-0.15,-0.18,-0.01,0.13,0.05,0.02
-4.448449137164745,-0.69,0.12,0.11,0.13,0.13,0.02
1.3034489880802136,-0.28,-0.06,0.17,-0.44,0.73,0.02
4.9632725152247925,0.54,-1.18,0.38,-0.11,0.41,0.02
0.8759059699203542,0.76,-0.58,-0.42,0.17,-0.53,0.02
-3.2986960476881766,0.32,-0.75,0.1,0.08,-0.93,0.02
1.7952008622736715,0.51,-0.12,-0.46,-0.53,0.19,0.02
0.8818045222079407,0.66,0.04,-0.37,0.19,-0.05,0.02
-1.223704245623669,0.78,-0.55,-0.44,0.21,-0.03,0.02
2.655046857144927,2.02,-1.24,-0.73,-0.13,-0.74,0.02
-0.8620709505664514,-0.43,0.12,0.38,-0.07,0.17,0.02
-2.2610075410791075,0.4,0.5,-0.3,-0.28,-0.01,0.02
-0.17792529129422308,0.54,0.62,-0.63,-0.78,-0.19,0.02
-8.912693971703433,-2.31,1.38,0.66,0.89,1.13,0.02
6.8495481262037305,0.86,-0.79,-0.1,0.48,-0.97,0.02
5.494457495194105,-0.21,-0.06,-0.21,0.44,0.27,0.02
-6.423824746442087,-1.62,0.81,0.66,0.29,0.38,0.02
-2.7827494747319603,2.01,-1.21,-0.61,0.01,-0.73,0.02
3.0532431943841143,0.89,-0.35,-0.66,0.09,-0.73,0.02
-5.0000170770638235,-0.44,0.37,-0.33,-0.14,-0.06,0.02
-0.19492650569679082,0.09,0.08,-0.45,0.24,-0.02,0.02
0.0,-1.55,0.42,0.39,0.14,0.22,0.02
5.468763391775822,-0.05,-0.32,-0.35,0.28,0.06,0.02
-3.7034792809872874,-2.12,0.11,0.9,-0.06,1.08,0.02
3.2690241371527096,1.67,-1.37,-0.72,-0.2,-0.8,0.02
-2.234480595829913,-0.09,0.01,0.3,-0.54,0.01,0.02
1.9046458434432978,1.51,-0.82,-0.23,0.12,-0.46,0.02
5.233664768337043,0.68,0.37,-0.88,0.02,-0.76,0.02
-0.355241070964607,1.35,-0.53,-0.91,-0.59,-1.11,0.02
8.377983687354384,-0.01,-0.27,-0.4,0.01,0.74,0.02
4.769729392745847,1.93,-0.86,-0.42,-0.05,-0.31,0.02
-1.413036674038426,-0.06,0.26,0.17,-0.41,-0.08,0.02
4.1401057477918,0.16,0.38,-0.59,-0.46,-0.17,0.02
-0.15283785680034745,1.14,-0.4,-0.35,0.44,0.38,0.02
-1.8375531884846974,-0.5,0.88,0.43,0.19,0.14,0.02
2.183905137932074,0.43,1.86,0.24,-0.92,-0.25,0.02
0.76354681716162,-0.18,0.12,0.45,-0.21,-0.48,0.02
4.9999561564572526,1.1,-0.84,-0.07,-0.3,-0.31,0.02
-3.607515194742028,2.11,-0.71,-0.59,-0.47,-1.03,0.02
7.78447611803843,-0.07,0.37,-0.3,-0.65,-0.89,0.02
0.0,0.45,0.21,0.27,-0.73,-0.37,0.02
1.9443176180150568,-0.52,0.99,-0.27,-1.5,-0.74,0.02
0.5449527300403156,-1.85,0.77,0.21,0.35,0.69,0.02
0.8131580609643363,-0.54,-0.12,-0.12,0.63,0.35,0.02
-11.02147568808094,-1.66,1.01,0.18,-0.2,0.0,0.02
-0.1510385509521539,2.28,-0.81,-0.61,-0.13,-0.79,0.02
-1.0592540116982296,0.8,-0.03,-0.78,-0.17,-1.25,0.02
-0.7644907393406286,0.24,0.15,-0.7,0.69,-0.53,0.02
-4.314250770051952,-1.82,0.54,0.56,0.52,0.61,0.02
-0.1610414141166694,-0.66,0.34,0.15,-0.52,0.07,0.02
1.613052788617786,0.67,-0.89,0.09,-0.33,0.13,0.02
2.8569574013905585,1.39,-0.59,-1.12,0.38,-0.71,0.02
-0.9258805797679459,-0.74,-0.16,-0.64,-0.42,0.23,0.02
1.8690367647729023,1.63,-1.3,-0.5,-0.23,-0.75,0.02
0.764763021582171,0.95,0.07,-0.61,0.46,-0.52,0.02
-0.6072037004886344,-0.39,-0.01,-0.18,-0.13,-0.41,0.02
-4.274848502384476,-0.89,-0.25,0.29,0.07,0.76,0.02
2.5519890762639275,0.9,-0.34,-0.54,-0.5,-0.26,0.02
-5.754188518545478,-1.92,0.66,0.74,-0.14,1.65,0.02
-4.125433859472616,-0.92,-0.42,0.78,-0.06,0.68,0.02
3.958768853951633,0.24,-0.64,0.39,0.37,-0.39,0.02
-1.4903115377503995,-2.25,0.41,1.33,0.65,1.28,0.02
3.0253736290363875,0.27,-1.31,-0.49,0.71,0.07,0.02
3.4258474332288458,2.49,-0.92,-1.52,-1.06,-1.53,0.02
-4.889581124191766,-1.91,0.22,0.49,-0.1,1.32,0.02
1.65829409133591,0.64,-1.24,-0.05,-0.18,0.08,0.02
-3.425837058475123,-1.45,-0.42,1.12,0.3,1.03,0.02
-2.7025729182579394,0.92,-0.95,0.51,-0.27,0.53,0.02
3.298375853469415,0.25,0.06,-0.51,-0.26,-0.39,0.02
3.361445495956117,2.42,-1.29,-0.74,0.09,-0.65,0.02
0.0,0.09,0.19,-0.5,-0.51,-0.83,0.02
-2.6017078196215904,-1.31,0.45,0.27,0.1,0.32,0.02
-1.335533369276265,-0.69,0.12,0.13,0.01,0.33,0.02
-5.752866856167282,-0.49,0.17,0.38,-0.36,0.58,0.02
-3.0521999853852178,-0.01,0.25,0.1,-0.28,-0.32,0.02
2.5927811600178874,-0.69,0.32,0.53,-0.47,0.64,0.02
-1.263472509468433,0.01,-0.72,0.16,0.23,0.16,0.02
-2.1939516405631188,1.34,-0.99,-0.36,0.23,0.15,0.02
-0.7476188461002842,2.04,-1.27,-0.65,0.35,-0.22,0.02
3.5782622401375086,0.66,-0.4,-0.8,-0.69,-0.87,0.02
-0.7272281566757188,-0.23,0.08,-0.33,-0.1,-0.29,0.02
-4.578768935881938,0.52,-0.01,-0.13,-0.77,0.03,0.02
-1.151963379744425,0.73,-0.78,0.0,-0.06,0.1,0.02
3.10700421527208,-0.32,-0.36,1.12,-0.13,0.46,0.02
2.6363760052200202,0.95,-0.51,-0.76,-0.48,-0.45,0.02
4.220215838940211,-0.14,-0.24,-0.58,0.23,-0.27,0.02
-4.049325560275219,-0.54,0.14,0.76,-0.81,0.01,0.02
4.220215838940211,1.28,-1.2,-0.11,-0.13,-0.36,0.02
-5.633795089591076,-1.32,0.47,0.66,-0.19,0.4,0.02
4.664271325218983,-0.33,-0.45,0.23,-0.84,0.92,0.02
-5.882260916172665,-2.64,0.6,0.86,0.73,0.93,0.02
2.083134090156258,0.52,-0.5,-0.27,0.3,-0.57,0.02
0.37103562312477134,1.78,0.18,-0.92,-0.67,-0.7,0.02
-1.663511681400065,-0.5,0.85,-0.42,-0.24,-0.06,0.02
6.390943647764646,1.98,-0.55,-1.7,0.3,-0.63,0.02
1.4136360086721478,-0.64,0.45,-0.3,-0.02,0.13,0.02
0.17421643322768077,-0.9,0.27,0.23,-0.4,-0.32,0.02
0.3478600759914574,0.54,-0.33,0.38,-0.54,-0.23,0.02
2.772748665506408,1.87,-1.14,-0.88,-0.91,-0.59,0.02
2.5296392413194813,-0.26,-0.06,-0.03,-0.17,-0.11,0.02
-2.302774062999935,0.42,-0.74,-0.04,0.66,-0.34,0.02
-0.6733179043804882,1.26,-0.5,-0.84,0.01,-0.34,0.02
-0.3390165577105364,0.43,1.14,-0.42,-0.3,-0.11,0.02
-1.3603979459805737,0.87,0.51,-0.3,-0.88,0.76,0.02
-4.482801838046669,-0.35,2.06,-0.3,-0.86,-0.15,0.02
2.6171520566010464,-1.42,1.16,1.95,0.89,1.12,0.02
0.6156244273723077,-0.38,0.07,0.99,0.86,0.08,0.02
-0.8740966979965403,-0.23,1.09,1.0,-0.13,0.58,0.02
-4.409190857956058,-2.46,-0.19,3.46,2.32,2.08,0.02
0.553484665294901,1.38,-0.56,-1.79,-1.17,-1.35,0.02
0.9176924123563968,2.51,0.03,-1.71,-1.15,-0.88,0.02
5.818149020950081,1.35,-0.88,-0.66,-0.55,-0.62,0.02
7.731694929181998,0.11,0.62,0.03,-0.49,-0.64,0.02
4.465752663228706,0.43,0.55,-1.25,-1.08,-0.29,0.02
11.755818817279673,0.09,0.08,0.56,0.7,0.55,0.02
-3.6885300024570133,-0.88,0.3,1.51,0.82,0.88,0.02
-2.4112215579136564,-0.45,0.57,0.73,0.04,0.47,0.02
6.976595855606238,-0.47,0.49,-0.26,-0.53,-0.17,0.02
7.744518232292252,1.1,-0.95,0.36,0.83,0.69,0.02
-6.178909633808505,-1.49,0.97,0.62,0.69,1.12,0.02
1.075229018387125,1.04,-0.95,-0.04,-0.58,-0.5,0.02
-5.319300893718948,-1.16,1.07,1.03,0.53,1.07,0.02
3.089946929261811,0.88,-0.42,-0.24,-0.24,-0.47,0.02
-1.362308176985605,-0.01,1.1,0.17,-0.84,-0.18,0.02
-1.1049232620929827,1.19,-0.23,-0.82,-0.47,-0.27,0.02
3.91061641076631,0.63,0.07,-0.55,0.02,-0.6,0.02
-0.6722329053399978,0.23,0.26,0.17,0.57,0.8,0.02
-3.9242057345699743,-2.14,0.78,0.49,-0.13,0.8,0.02
0.0,0.16,-0.4,-0.74,-0.19,-0.4,0.02
1.9719562629489928,-0.4,0.57,0.49,-0.01,-0.31,0.02
-0.13813078002649082,0.82,-0.17,0.03,-0.37,-0.09,0.02
-5.94752267114832,-0.36,1.12,0.25,0.35,0.68,0.02
3.3824419966751673,-0.56,0.95,0.55,0.27,0.52,0.02
-4.5519355776924675,-1.91,0.25,0.96,0.61,0.48,0.02
-1.04314691055164,-1.8,0.12,0.9,0.33,0.88,0.02
6.174581855424188,1.4,-1.42,-0.67,-0.06,-0.48,0.02
-1.2765104876451216,-1.46,1.15,0.1,0.13,-0.08,0.02
1.2930159721363577,1.5,-0.21,-0.64,-0.53,-0.55,0.02
1.7022334919236437,-0.8,0.63,0.67,0.77,1.03,0.02
3.9052069544324386,0.13,-0.45,-0.44,-0.07,-0.08,0.02
1.8790881475987842,0.12,-0.18,0.25,0.26,0.22,0.02
1.4493808902360517,2.03,-0.7,-1.53,-0.35,-0.56,0.02
1.6882166196666937,0.71,0.23,-0.03,-0.61,-0.58,0.02
-2.5543681449686106,-1.23,0.72,0.63,0.06,0.1,0.02
1.5728959060246517,0.16,0.42,-0.45,-0.31,-0.64,0.02
-0.6451302130539571,-1.2,0.65,0.49,0.07,0.24,0.02
-3.506493645937525,-0.8,0.09,0.39,0.58,0.22,0.02
-2.153497109965141,-0.48,-1.0,1.02,1.22,1.18,0.02
1.3753713156135383,0.52,-0.52,0.09,-0.12,-0.14,0.02
4.070557316299461,2.25,-0.85,-1.11,-0.83,-1.38,0.02
-3.259259713767204,0.72,-0.1,-0.66,-0.27,-0.39,0.02
1.6171518410748709,0.22,0.35,-0.12,-0.35,-0.13,0.02
-1.326188621571367,0.62,0.63,-0.74,-0.17,-1.21,0.02
-2.419438388651518,-0.93,0.72,0.23,0.53,0.65,0.02
-3.7189778218072567,-0.14,0.08,0.06,-0.28,0.0,0.02
-3.147409162372261,-1.3,0.76,0.43,0.12,0.49,0.02
-0.29543150670070517,-0.06,0.2,-0.02,0.31,0.03,0.02
0.8888358754352232,1.23,0.04,-0.25,-0.28,-0.67,0.02
6.608024508040544,1.47,-0.27,-0.88,0.14,-0.35,0.02
2.065982963813573,1.56,0.8,-1.25,0.41,-0.95,0.02
-2.159074592322474,0.56,-0.81,-0.33,-0.19,0.52,0.02
2.206719308230354,0.73,-0.04,-0.6,-0.07,-0.2,0.02
2.2943284114469664,-0.08,0.26,-0.05,-0.47,-0.08,0.02
5.277198135475447,0.23,-0.64,-0.3,0.36,0.58,0.02
9.272995702408204,0.03,0.44,-0.47,-0.78,-0.19,0.02
2.0643010952664964,0.54,0.32,-0.17,0.01,-0.3,0.02
-2.022549582091082,-0.24,0.66,0.02,0.14,0.34,0.02
-1.4907293450098447,-0.39,0.25,0.07,-0.06,0.1,0.02
4.190835527709336,0.45,0.29,-0.61,-0.46,-0.18,0.02
-4.804543873172662,0.83,0.21,-0.42,0.62,-0.27,0.02
-0.3521067885824736,0.48,-0.43,-0.05,0.57,-0.27,0.02
2.5913477517744754,-0.82,0.19,0.6,0.08,0.43,0.02
-2.870267660624415,-2.21,0.44,1.04,-0.07,0.84,0.02
2.2459241164016985,0.27,-0.03,-0.45,-0.21,0.16,0.02
-3.121390028656257,-1.32,0.49,0.92,0.53,0.77,0.02
1.78985295904448,-0.32,-0.35,-0.05,-0.23,-0.13,0.02
-4.454803097287052,-1.0,-0.27,0.72,0.81,0.69,0.02
5.3988716825916105,1.14,-0.52,-0.67,0.14,-0.28,0.02
1.2804588358952262,0.15,0.0,-0.29,-0.21,-0.05,0.02
-0.9194414520008354,-1.75,0.72,0.71,0.11,0.74,0.02
3.3642271766908927,-0.74,1.37,0.09,-0.36,0.05,0.02
0.11221240085146356,-0.27,-0.23,0.33,0.4,0.57,0.02
-0.896792822406256,-0.79,-0.7,0.42,0.55,0.86,0.02
-2.601831643318564,-1.45,-0.21,1.22,0.26,0.61,0.02
1.742047371746125,0.63,-0.97,-0.32,-0.4,-0.01,0.02
-1.1414918956623832,-1.01,0.86,0.24,-0.04,0.38,0.02
0.5773398655909201,-0.41,-0.11,0.76,0.49,0.38,0.02
1.7222672003289752,-1.16,0.34,0.05,-0.05,-0.01,0.02
7.787680887799997,1.62,-0.68,-0.29,-0.33,-0.76,0.02
0.5235622665171746,-0.15,0.35,0.14,-0.29,0.35,0.02
0.10415382437380938,2.2,-1.1,-1.3,0.16,-1.06,0.02
0.7285696767383998,0.25,-0.21,-0.45,-0.07,0.09,0.02
-0.31012834743520123,0.98,-0.64,-0.03,-0.26,-0.32,0.02
-0.3108822427071001,-0.75,0.37,-0.27,-0.19,-0.09,0.02
-2.2867210011834116,-0.78,0.76,0.75,-0.12,0.74,0.02
0.7446152097490444,0.89,-0.44,-0.48,-0.04,-0.01,0.02
2.6399781123338517,1.76,-1.07,-1.05,0.11,-0.75,0.02
-0.6172660181582024,0.16,-0.14,-0.45,0.0,-0.63,0.02
1.6562070319688038,1.19,-0.66,-1.71,0.09,-0.14,0.02
1.2220715978434438,-1.19,0.93,0.25,-0.19,0.21,0.02
4.225223519638455,-0.99,0.58,0.45,-0.19,0.01,0.02
-4.150645331610569,-1.78,0.95,-0.11,0.4,0.54,0.02
5.136027568332402,-0.2,0.23,-0.19,-0.59,-0.31,0.02
5.1724288122855455,0.76,-0.17,-0.11,0.2,0.29,0.02
2.823337822599914,-0.86,0.32,0.12,0.02,0.15,0.02
4.162969029980856,2.84,-1.28,-1.23,-0.25,-0.49,0.02
3.9116335126135215,-0.34,0.87,0.18,-0.53,0.28,0.02
-2.454937030397819,-0.55,0.18,0.4,-0.22,0.55,0.02
1.4260287595982746,0.31,0.03,0.18,-0.7,-0.34,0.02
2.4813889777298925,0.44,0.36,-0.28,-0.51,-0.74,0.02
-3.147589169425369,-0.64,0.38,0.05,0.28,0.24,0.02
3.7498729380320173,-0.52,0.17,-0.37,-0.21,-0.16,0.02
-3.1325020560575845,-1.28,0.9,0.86,0.3,-0.11,0.02
1.90719098677683,-0.2,-1.06,0.16,0.19,0.32,0.02
0.16267235554185966,1.22,-0.37,-0.7,-0.13,-0.49,0.02
2.761972022357728,0.0,-0.1,-0.56,0.25,-0.54,0.02
-12.41096503898137,-1.93,0.6,0.26,0.03,0.17,0.02
1.5341739799648035,0.29,-0.04,-0.92,-0.42,-0.14,0.02
-9.955549726588153,-2.34,0.73,0.99,-0.14,0.53,0.02
2.566662585892443,-0.19,-0.53,-0.42,0.58,-0.27,0.02
-5.582280218914204,0.41,0.52,-0.22,0.12,0.43,0.02
-2.752329144730148,-0.22,-0.3,-0.94,0.43,-0.4,0.02
-0.9433065446949551,-0.79,0.91,0.58,-0.69,0.03,0.02
7.1956673658549075,0.92,0.33,-1.05,0.41,-0.39,0.02
-2.517285217866261,-0.16,-0.28,-0.11,0.16,0.37,0.02
4.607684177145588,1.67,-1.22,-0.52,0.59,-0.25,0.02
5.227478370317118,-0.09,-0.06,-0.54,0.11,-0.35,0.02
-1.1040530701853957,1.82,-1.34,-0.58,-0.59,0.07,0.02
-1.2092128201784846,-0.47,0.21,-0.37,-0.66,-0.03,0.02
-1.2241993931072503,1.1,-0.95,-0.62,0.2,-0.18,0.02
1.7160303751484252,0.21,0.16,0.3,-0.66,-0.21,0.02
1.4995481435979396,-1.73,0.59,0.57,-0.05,-0.05,0.02
-5.401643310486093,-2.04,0.65,1.17,-0.12,0.86,0.02
14.29966195697463,-0.01,-0.16,-0.02,-0.29,0.32,0.02
1.8787197046916226,-2.65,1.57,0.6,-0.04,0.5,0.02
-1.7603267949187873,0.09,-1.43,-0.02,0.94,0.83,0.02
-6.484664862428557,0.76,-0.31,-0.76,-0.08,-0.35,0.02
9.671546675712639,1.86,-0.93,-1.3,-0.24,-0.99,0.02
1.3311938120371236,-0.16,0.16,-0.23,-0.4,-0.06,0.02
-2.8736447209908866,1.31,-0.7,0.71,-0.22,0.17,0.02
0.7608988173054776,-0.43,0.35,0.09,-0.23,-0.16,0.02
0.754939454600545,-0.86,0.75,0.1,-0.11,-0.4,0.02
1.7485807641394846,0.89,-0.9,-0.08,0.6,0.12,0.02
1.9639995861495008,3.32,-2.3,-0.83,-0.14,-0.51,0.02
2.889264642321132,1.71,-0.99,-0.5,-0.52,-0.48,0.02
-3.120193311773778,-0.38,1.06,0.02,-0.04,-0.13,0.02
3.3816443920873462,-0.33,0.49,0.55,-0.17,-0.22,0.02
1.5577072964104488,0.69,0.9,-0.7,-0.31,-0.47,0.02
2.607310813606567,0.66,-0.31,-0.45,-0.34,-0.15,0.02
5.605342778302891,0.79,-0.34,-0.44,-0.65,-0.41,0.02
9.129518366472489,0.59,0.28,-0.75,-0.98,0.23,0.02
-7.003941216646481,-0.78,1.19,0.18,-0.39,0.07,0.02
2.022367982575224,0.54,0.2,-0.6,-0.69,0.06,0.02
0.8886405083470272,0.37,-0.24,-0.52,-0.03,-0.09,0.02
-1.7615230799405301,1.11,-0.73,-0.08,-0.1,-0.25,0.02
-1.3104015977734473,0.02,0.82,0.5,-0.2,-0.13,0.02
1.956698736409468,1.86,-1.02,-0.52,-0.34,-0.39,0.02
-1.028035281098194,-0.63,0.84,0.32,-0.3,0.18,0.02
-0.6926548548468081,1.12,0.29,-1.28,-0.27,-0.95,0.02
3.1381770951922183,-0.11,0.12,-0.19,0.32,-0.39,0.02
-1.9607819529318449,0.01,0.35,-1.61,0.16,-0.27,0.02
2.4137656379058514,-1.28,0.19,0.01,0.57,-0.13,0.02
2.0201746804933363,0.87,-0.46,-0.67,-0.46,-0.2,0.02
0.39601587992699194,0.2,0.77,-0.06,-0.46,0.18,0.02
-0.5259300111932874,-0.63,0.57,-0.38,0.12,0.74,0.02
3.5029949986397746,-1.3,0.46,1.36,0.55,0.76,0.02
5.300120997240798,0.52,-0.3,-0.37,0.08,-0.19,0.02
6.913281098985413,1.14,0.24,-0.86,-0.87,-0.58,0.02
4.36756289870488,1.59,-0.95,-0.77,-0.14,-0.39,0.02
0.8695128007459196,-0.42,0.66,-0.47,-0.93,-0.48,0.02
1.5624785838856514,-0.43,0.73,-0.89,-1.55,-0.23,0.02
-6.578208492551529,-0.08,0.92,-0.23,-0.45,-0.07,0.02
-4.3725314071603965,0.3,-0.56,-0.42,-0.73,-0.32,0.02
-2.137737528699979,0.51,0.39,-0.68,-0.16,-0.73,0.02
-3.883462324907805,0.06,0.85,-0.61,-0.78,-0.44,0.02
-4.16669577525568,-1.31,-0.18,1.32,1.06,0.91,0.02
2.239738237333433,0.54,-0.99,0.01,0.91,-0.5,0.02
1.3530817153175168,0.59,0.38,-1.14,-0.89,-0.81,0.02
1.7164803787148797,0.24,-0.02,-0.26,-0.56,-0.37,0.02
-1.9999600926962402,-0.07,0.47,-0.52,-0.12,-0.27,0.02
4.5918933110353555,1.44,-0.06,-0.33,-1.08,-0.57,0.02
-2.500077169817494,0.34,0.01,-0.22,-0.06,-0.1,0.02
3.5647412823392566,1.31,-0.48,-0.46,0.07,-0.05,0.02
-4.04587760212145,-0.2,0.62,-0.52,0.29,-0.05,0.02
-1.1328078253856733,0.2,0.48,-0.13,-0.3,0.39,0.02
2.546222997570191,0.64,1.01,-0.05,-0.84,-0.63,0.02
-0.3725668925664616,0.07,0.11,-0.04,0.32,-0.05,0.02
2.4923015547780425,0.51,1.4,0.51,-0.54,0.04,0.02
8.875347590924164,-0.71,-0.09,-1.31,-1.48,-0.7,0.02
-8.430982321944835,-4.06,0.34,2.07,0.53,1.36,0.02
1.4632948549370361,-0.09,0.36,-0.05,0.45,1.15,0.02
-8.653828367061056,-0.74,-0.04,1.24,0.64,1.21,0.02
4.736894207482667,3.21,-0.89,-1.57,-0.83,-1.0,0.02
-1.7587520746011887,1.75,0.43,-1.35,-2.2,-0.24,0.02
-5.115153701599306,-1.71,0.33,0.91,0.9,1.2,0.02
-5.997292401367426,-0.69,-0.22,0.74,0.42,0.85,0.02
10.967698875518117,1.59,0.47,-0.84,-1.72,-1.03,0.02
3.8113763244507437,1.14,0.22,-0.48,-0.34,-0.6,0.02
3.484743970426263,-0.25,2.25,-0.37,-1.5,-0.11,0.02
2.5256045109034675,0.44,0.62,-0.21,-1.16,0.38,0.02
6.510271836002146,-0.37,1.71,-1.13,-1.1,-0.46,0.02
-1.927277365263269,0.23,1.18,-0.3,-1.39,0.29,0.02
-4.548049271474108,-2.59,1.35,0.7,0.43,0.93,0.02
5.647033789530287,0.49,-0.72,-0.18,-0.44,-0.57,0.02
-1.8373808852190088,-0.43,0.31,0.07,0.31,0.78,0.02
-0.17016506935204623,-0.44,-0.26,-0.54,0.16,-0.02,0.02
-7.613654997700747,-2.81,0.27,1.36,1.04,0.45,0.02
2.090997144302298,1.49,-3.4,-0.13,0.79,0.59,0.02
-3.3734992379818363,1.29,-0.08,-0.1,-0.49,-1.23,0.02
-1.4339287134576217,0.15,1.24,-0.3,-1.03,0.22,0.02
4.554106060835217,1.49,0.99,-1.45,-0.96,-0.8,0.02
4.537245273236334,-0.04,1.19,-0.71,-0.32,-0.2,0.02
5.613378685641823,0.36,1.3,-1.33,-1.08,0.09,0.02
0.7124011933291596,1.23,0.1,-1.72,-1.61,-0.89,0.02
-1.9587536904915104,-1.84,1.89,-0.28,-0.38,0.38,0.02
0.776988360138664,0.57,0.86,-0.61,-1.78,-0.55,0.02
-4.185064405891204,-1.74,1.32,0.75,-0.63,0.37,0.02
6.494292654431955,0.24,0.72,-0.2,0.1,-0.44,0.02
2.752310077370379,0.71,-0.7,0.07,0.01,0.91,0.02
-4.096679060561559,-0.58,1.97,-0.61,-2.17,0.82,0.02
0.6572393148545075,0.43,1.85,-1.34,-2.29,-0.21,0.02
-3.15559990369757,-2.68,1.28,0.37,-0.43,0.16,0.02
2.3033421352396166,0.13,-1.14,0.46,0.54,0.25,0.02
2.141624712031187,1.23,0.28,-1.26,-1.05,-1.15,0.02
-0.9005172101466008,-0.02,0.7,-0.25,-0.94,-1.09,0.02
-4.190965262720181,-1.06,1.76,0.1,-0.98,0.05,0.02
2.604780484579594,0.76,-0.16,-0.11,0.18,0.7,0.02
1.2142024070793678,1.92,1.54,-0.06,-1.74,0.56,0.02
13.685789086508793,1.4,0.84,-0.32,-1.31,-0.03,0.02
-6.3788245693608525,-0.08,-0.09,0.65,0.87,0.62,0.02
4.917950747968192,2.37,-0.24,-1.17,-1.0,-0.47,0.02
-1.8065794886776954,-0.71,1.51,0.52,-1.3,0.41,0.02
-2.2377381410712993,-2.21,0.73,1.19,-0.6,-0.04,0.02
-0.7120438196339562,0.7,-0.58,-0.96,0.42,-1.19,0.02
0.20490565484478918,2.43,-0.75,-0.23,0.74,-1.19,0.02
2.8629691687896752,-0.45,0.24,0.29,0.34,-0.17,0.02
-3.528858272851143,-1.45,-0.81,1.05,1.57,0.03,0.02
-5.821730732281671,-2.32,-0.95,1.22,2.27,-0.31,0.02
1.7505256691231041,0.86,-4.07,0.7,3.31,1.5,0.02
4.569889770839786,4.28,-3.22,-0.08,0.97,-0.16,0.02
2.827735354147043,0.62,0.12,-0.18,-0.08,-0.54,0.02
-1.5999621977553447,-1.68,-2.59,2.28,3.14,0.55,0.02
9.705263393289076,1.98,-2.44,-0.4,0.25,-1.29,0.02
6.8550647196092385,1.27,2.11,-0.9,-2.18,-0.53,0.02
-1.9938505537236306,1.47,-0.84,0.16,0.94,-0.21,0.02
-1.8576578713284886,0.1,-0.36,0.07,0.14,-0.32,0.02
0.630928532827224,-0.39,0.18,-0.36,-0.18,0.32,0.02
-0.313446518429894,-1.34,-0.96,0.87,0.77,-0.21,0.02
-2.291123618759827,-0.96,-2.2,2.25,2.72,1.0,0.02
-7.494271568417721,-1.71,-1.33,1.53,1.52,0.72,0.02
8.002034859775286,1.18,0.26,0.26,-1.7,-0.18,0.02
-1.8408255548413077,-1.65,-3.21,1.55,4.57,2.38,0.02
-4.500677595737901,-1.21,-1.78,-0.17,1.76,0.7,0.02
2.4055187310320525,0.02,1.65,-1.1,-1.22,0.12,0.02
-3.9789315674721326,1.48,1.42,-0.32,-1.58,0.72,0.02
5.242103636169548,1.42,1.08,-0.09,-0.84,-1.43,0.02
-5.123388685295116,-1.96,-2.49,1.46,3.22,1.17,0.02
-4.4499614409472805,-1.02,-1.73,1.8,2.16,1.34,0.02
-8.529571408841385,-2.97,-1.7,2.34,2.08,1.45,0.02
4.176253861771073,-1.8,0.16,0.6,0.31,0.72,0.02
-1.7023949869850896,-6.73,-1.1,2.24,2.94,0.79,0.02
10.726303723006314,2.96,-2.5,-1.62,0.34,-1.99,0.02
2.4217912568595956,3.85,2.74,-2.09,-2.97,-0.81,0.02
-4.532053551775428,-0.83,1.66,-0.02,-0.52,1.03,0.02
-1.857572277097752,0.1,-0.86,0.81,0.81,0.35,0.02
1.3669936565229523,-1.01,-1.94,1.02,2.2,1.49,0.02
6.4833521618189005,3.78,0.19,-1.01,-1.93,-0.98,0.02
-5.455421392346516,-1.24,0.58,1.18,0.19,0.33,0.02
4.482216480590817,0.76,0.99,-0.42,-1.66,-1.26,0.02
-2.1202987392055617,0.06,2.23,0.16,-2.13,-0.25,0.02
0.20152489950666652,1.4,1.3,-1.07,-0.93,-0.35,0.02
-5.178532168455474,-2.07,-0.53,1.75,1.4,0.75,0.02
-2.385931006966635,-2.09,0.3,-0.4,0.68,0.37,0.02
-3.802314968060083,0.01,0.87,0.46,-1.12,0.31,0.02
2.2021969971738553,1.49,0.55,-0.46,-0.28,-0.32,0.02
-2.651935246891568,-0.98,-1.24,1.46,1.02,0.93,0.02
-4.256598251371435,-1.19,-0.6,0.56,1.56,0.04,0.02
-5.8090764472759515,-2.69,-0.76,0.81,1.5,1.11,0.02
3.5242412053463346,2.08,0.38,-0.07,-0.88,-1.11,0.02
4.680882091297511,0.79,-0.49,0.33,0.04,-0.13,0.02
-6.155666399745375,2.14,-0.89,-0.79,-0.38,-0.32,0.02
4.641026107227986,1.29,0.08,-0.79,-1.24,-0.49,0.02
-4.080389397521056,-1.38,0.35,0.95,0.29,0.4,0.02
-0.6164701424500652,-1.1,-0.74,0.91,0.92,0.84,0.02
-6.699756697141002,-2.39,0.09,0.64,0.82,0.57,0.02
-4.321915061984905,-0.71,-1.31,0.41,0.65,-0.13,0.02
-4.5864494841059695,-2.37,-0.37,1.47,1.98,0.84,0.02
2.184994786227934,1.57,-1.66,-1.23,0.53,-0.99,0.02
-0.4811272029792035,-1.3,0.26,0.57,-0.11,-0.08,0.02
-1.020635627578681,-0.18,0.1,0.32,0.09,0.0,0.02
1.3748800187460164,3.79,0.18,-2.34,-2.3,-1.54,0.02
-4.068545968391291,-0.24,0.15,0.91,-0.26,0.53,0.02
6.101241964217441,2.5,0.38,-1.35,-2.0,-0.93,0.02
3.856919546791482,2.91,1.19,-2.27,-2.76,-1.65,0.02
-1.3504608247239425,-0.38,1.26,-0.88,-1.17,0.45,0.02
1.7111892657878158,-0.86,0.79,0.3,-0.06,0.93,0.02
3.9703611057946953,1.17,0.06,-0.87,-0.49,-0.89,0.02
-1.8123126812985668,-0.6,0.57,0.33,-0.45,-0.07,0.02
0.9888477931026207,0.05,1.73,-0.35,-1.41,0.33,0.02
-4.765028879466094,-1.19,-0.78,1.65,0.86,0.89,0.02
3.6326203174057436,1.44,-0.67,-0.57,0.35,-0.71,0.02
-4.298889689182628,-0.18,-0.25,0.25,0.95,0.12,0.02
2.142308382001845,0.49,-0.29,-0.86,-0.23,-0.5,0.02
-1.28551690426717,-0.75,0.98,0.16,-0.84,-0.11,0.02
5.962948116657718,1.65,-0.16,-1.46,-0.82,-0.09,0.02
4.786597343146903,-0.27,0.65,-0.33,-1.34,-0.3,0.02
9.876576554578186,0.34,0.43,-0.31,-0.82,-0.04,0.02
-3.370861186008578,-1.89,0.02,0.59,1.05,0.15,0.02
-3.8372166629642157,-0.97,0.28,0.61,0.65,0.97,0.02
4.715881952647782,0.92,1.12,-1.23,0.45,-0.99,0.02
-4.387998886093025,-0.55,-0.32,0.37,0.77,-0.23,0.02
5.193217058357025,0.78,1.59,-1.3,-0.83,-0.37,0.02
-5.8552587000509355,-0.7,0.1,1.06,0.54,1.13,0.02
2.1950896418560406,0.73,0.84,-1.26,-0.2,-1.48,0.02
1.7899743857874961,0.95,-0.3,0.72,0.02,0.14,0.02
-3.165339151575308,-1.64,0.64,1.68,0.58,0.98,0.02
0.3631589710359817,0.9,-0.01,-0.23,-0.38,-0.99,0.02
5.066373264949986,1.45,-0.99,-0.58,0.1,-0.33,0.02
4.936865633455301,-0.12,0.42,0.39,0.74,0.48,0.02
-0.3282287815560614,0.14,-0.23,0.21,0.46,0.91,0.02
3.40283169177642,1.32,0.26,-0.68,-1.36,-1.09,0.02
-4.033898305084749,0.51,-0.02,-0.58,-1.82,-1.45,0.02
2.101741389801126,0.96,-0.6,-0.37,-0.68,-1.04,0.02
1.0834273511799886,0.12,0.73,-1.24,-0.04,-0.13,0.02
-1.8221468719211042,-1.36,0.47,1.14,0.74,0.77,0.02
-7.969395530483836,-1.18,-0.13,1.26,1.05,0.94,0.02
4.626359165624749,1.35,-0.53,-0.74,-0.89,-0.12,0.02
-2.8344913516366588,-1.33,-0.28,0.93,1.14,0.94,0.02
-9.101469060180545,-1.43,-0.2,0.75,1.8,0.7,0.02
2.824069020733755,0.53,-0.69,0.38,-0.16,-0.77,0.02
0.0,-1.31,1.07,1.1,0.26,0.33,0.02
3.870129408181544,-0.9,-1.29,2.63,2.5,1.65,0.02
-7.091321917513982,-2.34,0.03,1.69,1.91,1.72,0.02
5.174672480101172,1.05,0.63,-0.45,-0.31,-0.79,0.02
-2.9520479653329934,0.16,-0.89,1.45,0.99,1.66,0.02
-4.182485048389961,0.01,0.07,0.35,0.73,0.81,0.02
1.5873240202024075,1.11,-1.28,0.11,0.04,-1.0,0.02
-1.3021124889781355,0.89,-0.42,0.31,-0.66,-0.05,0.02
1.1873729365388996,1.16,-0.07,-0.72,-0.38,-0.61,0.02
-2.4772664689319934,0.1,-0.36,0.92,0.59,0.54,0.02
1.6042931244167447,-0.6,0.42,0.12,-0.1,-0.03,0.02
0.13160456906429197,-1.02,-0.09,0.98,1.13,0.99,0.02
0.2628715552168259,0.87,0.27,0.18,0.31,0.46,0.02
-1.3106283666218688,1.24,-0.37,-0.39,-0.34,0.09,0.02
-0.7968913189664861,-0.46,-0.09,0.18,-0.21,-0.22,0.02
3.8822024691248735,-0.18,0.63,-0.27,-0.51,-0.38,0.02
6.05676583474406,1.13,-0.58,-0.53,-0.73,-0.31,0.02
-2.794709357042513,-0.28,0.13,-0.26,-0.4,-0.15,0.02
1.0000515933070497,0.4,-0.17,-0.44,0.21,-0.03,0.02
2.3514301395464177,-0.01,0.16,-0.16,-0.25,-0.03,0.02
5.078632638087455,0.55,-0.25,-0.95,-0.47,-0.29,0.02
3.308375732127966,0.34,0.49,-0.92,-0.72,0.23,0.02
1.2531942984239208,-0.05,0.55,-0.36,-0.25,0.46,0.02
2.2001711318841988,0.48,-0.23,-0.34,-0.13,-0.34,0.02
1.9376018224010583,-0.04,0.6,-0.14,-0.25,-0.26,0.02
0.5279848774171203,-0.12,0.57,0.15,-1.03,-0.28,0.02
2.415987817116183,1.15,0.01,-0.57,-0.47,-0.13,0.02
4.102544333478697,0.38,0.08,-0.36,-0.6,-0.06,0.03
-1.5764037748075665,-0.97,0.36,1.31,0.44,0.5,0.03
-6.406354483539056,-1.23,0.48,1.98,1.12,0.93,0.03
6.0961949659268155,0.8,0.36,-0.89,-0.07,-0.3,0.03
-5.04032914676793,-0.83,-0.34,1.22,1.09,1.0,0.03
-0.7430351844287864,-0.45,-0.24,1.54,0.84,0.69,0.03
-1.1765152403513834,-0.5,0.37,0.11,0.51,0.69,0.03
0.43288827622585124,0.28,-0.24,-0.3,-0.76,-0.17,0.03
-1.9665406965109766,0.01,0.85,-0.27,-1.13,-0.6,0.03
-2.8579723453466377,-1.23,0.03,1.22,-0.16,0.82,0.03
9.81611802447504,-1.79,-0.43,0.59,1.34,0.6,0.03
-1.1849017344858548,1.23,-0.27,-1.39,-0.96,-1.37,0.03
1.850912249249248,-0.39,0.4,-0.64,0.43,-0.31,0.03
-7.141030777287504,-0.53,-0.6,0.92,1.41,1.27,0.03
-7.93826089242986,0.39,-0.58,-0.05,-0.95,0.87,0.03
2.5149167904337633,-0.56,-0.26,0.56,-0.11,0.17,0.03
-3.8551167871844982,-0.95,-0.23,1.13,0.45,0.45,0.03
-4.860268009519341,-0.19,-0.6,0.36,0.58,0.59,0.03
9.323090411019441,2.32,-0.02,-1.1,-0.7,-1.11,0.03
-51.869202692245054,-1.27,1.15,1.43,-0.01,1.06,0.03
-5.8250835602590145,-0.71,-1.16,1.4,1.81,0.91,0.03
-7.989655616102231,-1.29,0.29,0.92,1.6,0.54,0.03
5.882233480292731,0.65,-0.26,-0.75,-0.55,-1.13,0.03
-6.613813630712839,-0.23,-0.35,0.31,1.44,1.01,0.03
0.5665385532134026,-2.17,0.04,1.6,1.49,1.08,0.03
-1.9716875418197222,-0.39,-0.41,0.34,-0.68,0.08,0.03
-4.023018911681254,-1.44,0.15,0.85,0.78,1.18,0.03
-5.9881391108208,-1.77,0.22,0.95,1.35,0.87,0.03
1.910978510884509,-2.83,0.8,1.23,1.77,0.5,0.03
10.312382711526148,3.88,-1.14,-2.15,-1.96,-2.17,0.03
-2.549423489460234,0.23,-0.28,-0.43,-0.6,1.17,0.03
-6.395448584056107,-1.95,0.18,0.69,1.76,1.05,0.03
0.0,-0.83,0.03,0.69,0.76,-0.47,0.03
-5.9005241739290675,3.65,-0.79,-2.25,-1.76,-2.94,0.03
2.970136909273924,0.91,0.43,-1.16,-1.7,-1.52,0.03
4.487177853865831,0.03,0.47,-0.53,-1.02,0.37,0.03
-7.3617697221177725,-0.12,-0.35,1.14,1.22,0.74,0.03
-1.9869065614182446,-2.51,0.27,1.9,2.55,1.77,0.03
0.0,0.01,0.76,-0.52,0.5,0.21,0.03
0.3377746151021599,0.91,-0.9,1.05,0.7,0.08,0.03
4.040474877130817,0.76,-0.82,1.84,2.07,1.39,0.03
1.29440013616815,2.75,0.02,-1.67,-2.1,-1.17,0.03
4.792303380848817,-0.48,-0.13,0.57,-0.27,0.04,0.02
8.841729250925923,1.05,0.89,-1.03,-1.32,-0.48,0.02
-0.2803443049195664,-0.03,0.73,-0.91,-0.52,-0.51,0.02
-3.6514615108747317,0.13,-0.68,0.05,0.43,0.86,0.02
-0.5832771990679775,-0.07,0.28,0.14,-0.19,-0.1,0.02
-5.86503454677395,-1.97,0.79,2.09,1.9,2.05,0.02
0.6230254630812837,-0.96,-0.1,0.9,1.86,0.47,0.02
-5.572648832187321,-2.68,0.06,2.46,1.06,1.83,0.02
1.6392444483274593,-1.38,0.41,1.63,1.92,0.11,0.02
4.516094421041106,2.66,-0.71,-1.95,-1.71,-1.72,0.02
-1.8517219019402398,0.59,-0.03,0.04,-0.08,0.06,0.02
-4.40252760954346,-1.66,-0.18,1.75,1.36,1.2,0.02
-2.6316596000173442,-0.51,0.78,0.53,0.99,0.74,0.02
2.3649701877000773,-2.45,0.12,1.62,2.48,1.41,0.02
-0.6599732870703812,-0.05,-0.64,0.55,1.52,0.46,0.02
-1.6613225335078807,-2.11,0.12,2.02,1.39,0.93,0.02
4.391897190697502,2.08,0.31,-2.14,-2.41,-1.38,0.02
-3.2363605191801925,0.3,-0.38,-0.51,0.97,0.09,0.02
-3.511435346536962,-1.66,-0.56,2.66,2.43,1.53,0.02
-2.599823867788442,0.19,-1.29,0.94,1.98,0.66,0.02
-6.049720177597095,-2.03,-0.16,1.54,0.72,0.7,0.02
3.409172212352063,0.51,1.34,-0.59,-1.99,-0.3,0.03
-2.1979693634040176,0.35,-1.59,0.61,1.25,0.62,0.03
1.8724991323854967,4.55,-0.83,-2.79,-2.76,-3.1,0.03
-15.80879378691048,-1.78,0.22,1.33,-0.29,0.56,0.03
0.0,-0.59,0.11,0.54,0.66,0.73,0.03
5.2402206050566225,2.79,0.15,-1.27,-2.97,-0.9,0.03
0.8298263542305451,1.15,0.06,-0.91,-1.45,-1.14,0.03
1.234868310941839,-1.07,-0.34,0.53,0.83,0.5,0.03
-2.4392228555296325,-1.14,0.11,0.93,1.27,0.81,0.03
-3.7497761673234264,-1.79,0.21,0.91,1.14,1.28,0.03
-2.597599427845898,-1.96,0.77,1.56,-0.35,0.58,0.03
1.3332180102686886,0.59,-0.14,1.54,2.09,1.62,0.03
-1.7542896831429622,-1.63,0.24,2.19,1.39,1.7,0.03
2.6784040572798595,-3.59,-0.02,3.1,3.11,2.25,0.03
-2.173738120594715,0.54,0.16,0.1,1.34,-0.72,0.03
6.666634161391105,3.06,-0.1,-1.91,-2.48,-1.75,0.03
-2.083215606564881,0.55,-0.15,0.84,0.74,0.44,0.03
0.851005242034808,1.37,0.83,-0.4,-0.2,-0.29,0.03
0.0,0.88,1.92,-0.64,-0.55,0.3,0.03
0.4219356067027169,-1.24,0.16,1.33,0.47,1.12,0.03
0.0,-3.52,0.41,1.66,1.67,1.69,0.03
10.08410069797996,5.36,-0.77,-4.28,-2.65,-5.31,0.03
4.198563637304797,-1.31,0.91,-0.21,0.43,-0.82,0.03
-4.029387249443472,-2.97,0.72,2.36,1.89,2.35,0.03
1.1449927473071941,-0.36,-0.38,1.25,0.97,0.59,0.03
3.7736749017707183,0.51,0.22,-0.37,-0.98,-0.59,0.03
-3.6364472062329622,1.44,0.48,-1.04,-1.92,-0.98,0.03
8.679338878973653,1.38,0.74,-2.91,-2.17,-1.94,0.03
-4.513888313827453,-0.41,1.21,-0.63,-1.25,-0.07,0.03
-0.36360251521129205,0.68,1.32,-0.49,0.09,0.34,0.03
-1.8250648302402084,0.34,-0.27,-0.56,-1.0,-0.9,0.03
11.15238370612639,1.16,-0.66,-1.43,-0.5,-0.45,0.03
4.347889434618457,-0.6,-0.27,-0.26,-0.09,-0.3,0.03
-1.2819852961784894,-0.01,0.09,1.19,0.31,0.66,0.03
6.493364099546239,1.58,0.23,-0.16,-0.99,-0.53,0.03
0.0,0.32,-0.47,-0.16,-0.85,-0.6,0.03
-2.7437606242002865,-0.82,0.06,1.42,1.63,1.7,0.03
-1.8809937680661748,-0.1,0.22,-0.23,0.1,0.02,0.03
10.862821858669868,0.9,0.61,-0.37,-0.86,-0.75,0.03
0.28815773870998207,0.65,0.0,-0.27,-0.26,0.08,0.03
-0.57468696405506,-0.7,0.47,0.35,1.12,0.46,0.03
-2.3122370066367193,0.39,-0.14,0.57,0.95,0.2,0.02
-2.3667693254848854,-1.9,0.45,2.15,1.41,1.49,0.02
-2.121314408211905,0.17,-0.33,1.01,0.54,0.44,0.02
4.64397083384811,0.04,0.85,-0.58,0.06,0.13,0.02
-1.775051122435689,-0.86,1.08,1.39,1.29,1.3,0.02
0.0,-0.67,-0.06,0.88,0.15,0.41,0.02
-7.831366209204016,-1.42,0.29,1.23,0.8,1.24,0.02
2.941279470754443,1.11,0.14,0.15,0.6,0.43,0.02
-2.8572400555697985,-0.9,0.54,0.9,0.28,0.49,0.02
1.9606867131723105,-0.04,0.12,-0.34,-0.46,-0.74,0.02
2.8846783978572876,0.92,0.06,-1.01,-0.13,-0.77,0.02
-5.29587988713367,-1.9,0.0,1.89,1.37,1.67,0.02
-3.6184940322682713,-1.93,0.64,1.34,1.41,1.43,0.02
3.071824441996318,-1.83,0.22,0.92,0.18,0.34,0.02
-0.3310844077817676,-0.47,-0.83,0.46,0.68,0.23,0.02
0.0,-0.38,0.21,-0.42,-0.25,-0.4,0.02
3.654227119179776,1.92,-0.14,-0.19,-0.5,-0.28,0.02
-0.640977360273165,-1.16,-0.6,1.69,1.25,1.28,0.02
-5.806401251266302,-1.48,0.61,0.86,0.21,0.91,0.02
2.739571330577517,0.02,-0.45,-0.07,-0.04,-0.08,0.02
2.666785099057112,-0.52,0.95,1.0,-0.12,1.16,0.02
5.844083440447245,0.54,-0.74,0.04,-0.38,0.2,0.02
5.521641864201188,1.07,-0.05,-0.97,-0.66,-1.31,0.02
-1.1629508515555775,0.58,0.16,0.45,0.16,0.28,0.02
-2.0586825535257924,-0.14,-0.37,0.82,1.02,0.93,0.02
-2.70282477675321,-2.5,0.91,1.83,0.56,1.5,0.02
-8.024713834209896,-4.33,1.17,2.42,0.97,1.4,0.02
5.033525178136533,1.61,-0.74,-1.35,-0.4,-1.75,0.02
4.472823261671888,-2.5,0.74,0.14,-0.07,0.12,0.02
-3.6694796987819522,0.34,-0.48,0.45,0.13,0.19,0.02
-0.31769320271208823,-2.11,-0.01,1.2,0.79,-0.02,0.02
4.777304499704149,1.86,-0.37,-1.29,-0.21,-0.38,0.02
-4.255309689351872,-2.4,1.05,1.38,0.32,0.75,0.02
2.22207573557216,-1.88,0.03,0.84,0.27,-0.1,0.02
7.4535125104444155,-0.43,-0.26,-1.34,-0.19,-1.49,0.02
6.358251988010655,2.07,-0.02,-1.07,0.15,0.18,0.02
-5.304187795919734,1.09,-0.61,0.42,-0.14,0.49,0.02
5.004519583676381,2.4,-0.97,-1.48,0.26,-0.97,0.02
-3.0608082542930126,-2.57,0.56,2.06,1.12,1.49,0.02
1.623673555592653,-0.53,0.25,1.5,0.51,0.9,0.02
-2.0416321978151464,1.19,1.56,-0.46,-0.63,0.29,0.02
-2.1748194216666406,-1.61,-1.17,1.57,1.54,0.36,0.02
-6.252841545874599,-3.69,0.67,2.07,1.61,1.35,0.02
-3.6562989979670446,-0.38,0.04,0.67,0.71,1.22,0.02
7.0258318228121786,4.67,-0.75,-3.26,-1.7,-2.17,0.02
-1.3416796407154097,-2.07,0.42,0.13,0.32,0.73,0.02
-0.24282349761587385,0.85,0.32,-0.2,-0.41,-0.15,0.02
7.302640153504925,2.87,-0.82,-1.51,-1.58,-1.49,0.02
-1.08877782360578,-0.11,-0.37,-0.58,-0.96,-1.13,0.02
2.843924864466141,1.57,-0.23,-1.29,-0.85,-0.51,0.02
-4.371099962751456,-0.46,-0.15,0.71,0.39,0.87,0.02
-4.850601309117386,1.1,0.03,-0.34,0.05,0.21,0.02
11.715485899989098,3.92,-2.06,-2.7,-0.74,-2.94,0.02
12.856638310303792,1.48,-0.32,-1.31,-0.99,-1.39,0.02
-2.643871161169098,-0.87,0.11,0.17,-0.2,-0.08,0.02
-3.1549012503487184,-1.72,0.83,1.22,0.96,1.47,0.02
-0.9073095013108712,-1.15,1.49,0.84,0.31,0.6,0.02
2.8715130705423864,1.68,0.4,-0.79,-0.26,-0.15,0.02
-0.12139943154515498,0.45,0.41,0.43,-0.05,0.55,0.02
6.115769562686024,1.47,-0.25,-0.18,-0.02,-0.26,0.02
-2.709810367207599,0.03,0.52,-0.42,-1.37,-0.44,0.02
1.7261410451921089,1.37,-0.22,-0.88,-0.1,-0.64,0.01
2.5451538727851553,0.33,0.33,-1.08,-0.14,-1.25,0.01
-6.1301000704228725,-1.58,0.57,0.94,0.73,0.97,0.01
3.165031732967094,1.45,-0.27,0.16,-0.29,-0.2,0.01
-3.067930751147818,-0.34,0.03,0.17,0.47,0.19,0.01
-1.5624386646060917,-0.09,0.62,0.27,-0.16,-0.11,0.01
-2.401374640716347,-0.49,0.29,0.49,-0.1,0.68,0.01
-4.086709696411783,-0.1,0.32,0.59,0.25,0.26,0.01
-0.6520797268219525,-0.74,0.3,0.85,-0.18,0.32,0.01
1.9255560888183476,0.11,-0.11,0.61,0.78,0.69,0.01
-0.47220938902827747,0.06,0.55,0.27,0.09,0.15,0.01
3.9687981339926015,2.78,-1.48,-1.24,0.07,-0.62,0.01
-2.2820642270001024,0.52,0.68,-0.48,-0.84,0.07,0.01
-0.08489758111094314,0.22,0.16,0.04,-0.65,0.05,0.01
0.12735322199091126,1.86,-0.29,-1.28,-0.98,-0.95,0.01
-0.2545764973735931,-0.16,0.47,0.11,0.04,-0.29,0.01
-1.1490804911974073,-1.71,0.18,0.93,0.61,0.65,0.01
-0.12894682560413706,0.42,0.32,-0.43,-0.51,-0.42,0.01
-1.8965231151979123,-1.04,0.89,0.29,-0.18,0.47,0.01
-5.667906354454311,-1.06,0.09,1.11,1.03,1.18,0.01
-7.87157511295028,-1.75,0.28,1.83,1.21,1.02,0.01
0.8595124559676259,0.73,-0.31,-0.11,-0.93,-0.43,0.01
4.7118880217426495,0.54,0.48,-0.58,-0.08,-0.04,0.01
-1.1009547004847242,0.49,0.63,-0.14,0.09,0.16,0.01
1.3552112866551669,1.45,0.05,-1.32,-0.49,-0.51,0.01
-1.002789687126604,-0.96,0.15,0.2,-0.05,-0.01,0.01
4.486182548546824,0.54,-0.07,-1.21,-0.1,-0.94,0.01
-1.5698363861446962,-0.99,0.41,0.69,0.31,0.43,0.01
-6.0037391757146175,-0.98,0.32,0.8,0.53,0.17,0.01
1.3474658021210617,0.02,-0.01,0.11,0.41,0.07,0.01
0.7877629407363473,-1.06,0.8,0.68,0.27,0.68,0.01
-2.8823410734670984,-1.96,0.22,0.75,1.07,0.85,0.01
2.816920135328127,-0.46,0.2,0.48,0.02,0.4,0.01
-0.5381186324840526,-0.63,-0.51,0.89,1.31,0.55,0.01
-0.688644088491408,0.21,-0.61,0.16,0.57,-0.29,0.01
7.330198949043165,1.07,0.08,-0.43,-0.2,-0.58,0.01
3.7840702747522936,0.98,-0.27,-0.27,0.32,-0.69,0.01
-1.0226133271027393,-1.01,-0.39,0.17,-0.48,-0.01,0.01
7.771808391817436,-0.54,0.3,-0.26,-0.22,-0.67,0.01
-1.0004919243387533,-0.03,1.36,-0.08,-0.22,0.15,0.01
-1.726181326109144,-0.22,0.95,-0.03,-0.2,-0.21,0.01
0.8567759071062442,1.31,-0.07,-1.01,0.32,-0.78,0.01
-1.23184288443694,0.35,2.62,-0.88,-1.67,-0.45,0.01
2.795687766356103,0.56,-3.24,1.41,0.99,0.65,0.01
-0.25119575348788725,-0.21,-0.03,0.04,0.28,0.29,0.01
-2.726461891081733,-1.24,0.5,0.38,1.29,0.95,0.01
-5.002073545340879,-2.29,0.5,0.96,0.45,1.05,0.01
3.0412211073980844,0.59,-0.13,0.58,-0.35,-0.37,0.01
-6.87221969782531,-1.47,-0.03,1.74,0.87,0.59,0.01
6.622500431045264,-0.18,-0.42,0.27,0.54,0.65,0.01
8.074539528531188,2.44,0.12,-0.81,-0.57,-1.97,0.01
2.0114907831589868,0.53,0.01,-0.49,0.24,-0.01,0.01
-3.581513888832244,-1.16,0.14,0.89,1.1,0.65,0.01
4.757902755656218,1.06,0.33,-0.65,0.29,-0.28,0.01
-17.17121961787137,-0.7,-0.57,0.61,1.56,0.93,0.01
-3.99223541609649,0.49,0.44,-0.68,0.2,-0.31,0.01
0.10016717762548755,-0.32,0.59,-0.02,0.38,0.15,0.01
-2.202178992506898,-1.56,0.64,0.34,0.03,0.55,0.01
-2.3030287496418778,-1.7,0.07,0.16,1.09,0.46,0.01
-3.2479692774350366,1.37,-0.95,-0.15,0.08,-0.31,0.01
0.6497575823702473,1.19,-0.2,0.23,-1.35,-0.82,0.01
1.9903139359393363,0.23,-0.29,-0.12,-0.33,-0.33,0.01
-0.15806043214577903,-0.11,0.03,0.34,0.43,0.2,0.01
-0.7395424833513298,0.5,-0.51,0.08,0.27,0.2,0.01
1.4368075653270695,0.48,0.27,0.12,-0.81,-0.94,0.01
3.9876041998489153,0.33,-0.35,0.15,-0.01,-0.3,0.01
-1.6147469559610994,-0.49,0.12,0.11,0.09,0.65,0.01
-1.8974116198613,-1.16,-0.12,0.77,0.03,0.55,0.01
0.6273293435419713,0.2,-0.34,0.19,0.68,0.44,0.01
-1.8182005895136744,-1.72,0.26,0.67,1.02,1.12,0.01
0.7937672978725052,-0.06,0.34,-0.56,0.44,0.09,0.01
-0.1575637594381063,0.45,-0.35,0.14,0.66,0.46,0.01
0.3680687482412681,0.22,0.14,-0.12,-0.42,-0.17,0.01
-1.885971377909701,-0.29,0.71,0.48,0.49,0.68,0.01
-1.5481162935104154,-0.74,0.57,0.16,1.37,1.12,0.01
1.138807118862073,0.21,0.16,0.2,0.27,0.18,0.01
-3.109870614582866,-1.64,0.5,0.28,0.48,1.08,0.01
0.27646701181140987,0.71,-0.17,-0.59,0.23,-0.05,0.01
-1.1036197864711328,-1.22,-0.12,0.68,0.27,1.3,0.01
1.6184563378782268,0.71,0.18,-0.55,-0.23,-0.19,0.01
-2.196640892525692,-0.31,-0.38,-0.13,-0.08,0.17,0.01
4.267134123336325,1.85,-0.37,-0.69,-0.95,-1.37,0.01
1.8847800187418384,-0.42,0.15,-0.44,-0.25,-0.28,0.01
-2.7485775594842887,-1.46,0.44,0.75,0.33,0.68,0.01
-3.0976068463954953,-0.97,0.82,0.11,-0.05,0.53,0.01
0.0,-1.61,0.46,0.55,0.68,1.2,0.01
4.038094134065129,0.4,-0.24,0.44,-0.18,-0.19,0.01
-1.6172409418907963,-0.12,-0.23,0.6,1.04,0.46,0.02
1.6438255618909547,-0.32,-0.59,0.48,1.39,1.03,0.02
-4.474285537966816,-2.13,0.34,0.47,0.61,0.98,0.02
-2.483334114689806,-1.83,0.12,-0.43,-0.12,0.23,0.02
0.5211105016722284,0.37,-1.27,-0.53,0.31,-0.35,0.02
-2.1877320506498488,-5.03,-0.05,-0.89,1.07,0.92,0.02
-4.1791352753286155,-0.82,-1.04,1.03,0.55,0.4,0.02
4.545740872041559,-1.67,-0.81,0.11,-0.06,-0.44,0.02
-7.873233486324349,-3.05,-0.94,-0.06,-0.51,-0.18,0.02
0.3189496715062079,-1.96,-0.36,-0.54,0.38,0.26,0.02
4.577185049293653,3.83,-0.15,-0.18,-0.51,-0.94,0.02
-5.531898879140485,0.74,-0.43,0.75,0.42,0.29,0.02
-2.5095900088570544,-0.67,-0.87,0.3,1.21,1.03,0.02
2.3760538125827457,1.1,-0.86,0.22,0.62,0.66,0.02
0.0,2.25,0.65,0.51,-0.82,-0.71,0.02
0.1935392562488092,-0.45,-1.15,-0.18,0.77,-0.03,0.01
-3.1531656253311446,1.17,-0.22,-0.38,-0.17,-0.31,0.01
-0.4651078030381006,2.28,0.23,-0.86,-1.91,-1.79,0.01
6.007828661008152,-0.11,1.31,-0.74,-0.56,-0.81,0.01
1.6373105382697872,0.04,-0.13,-1.21,0.4,-0.17,0.01
0.371963455414015,-0.8,0.3,0.37,-0.31,-0.14,0.01
-1.234784484096485,-0.51,-0.35,-0.03,0.16,0.32,0.01
5.125101699862777,2.36,0.34,-0.42,-0.34,-0.79,0.01
5.469811020678317,1.74,0.15,-0.18,-1.92,-1.74,0.01
1.5218383500754884,-0.57,0.22,-0.37,-0.8,-0.32,0.01
-0.11099070626638952,-0.08,0.48,-0.32,0.28,0.2,0.01
0.11111403251584662,0.78,0.36,-0.7,-0.33,-0.07,0.01
-5.663395137066596,-2.03,0.27,0.17,1.48,0.74,0.01
5.9447042989181575,-0.72,0.09,-0.14,0.07,0.21,0.01
1.6665777851680108,0.54,0.48,-0.65,0.22,0.29,0.01
3.934406645565325,1.51,-0.45,-0.46,-0.45,-0.28,0.01
-4.6266215531237,-0.5,0.03,-0.14,0.26,-0.25,0.01
4.465159746237868,0.07,0.15,-0.96,-0.33,-0.34,0.01
1.2665967488201257,1.42,0.3,-1.21,-0.76,-0.67,0.01
-2.7098512081377035,0.41,0.47,-0.03,0.51,0.43,0.01
-5.570520601572515,-2.34,0.55,0.71,0.53,1.05,0.01
-0.1699844388540539,-1.77,0.44,0.59,0.63,0.74,0.01
-0.22750234226799337,0.18,1.3,-0.07,-0.49,-0.57,0.01
5.865655090675359,2.1,-0.75,-0.62,0.34,-0.19,0.01
-0.10749583246515426,0.18,-0.63,0.42,0.34,0.15,0.01
2.6926101554443083,1.42,-0.71,-0.25,-1.0,-0.9,0.01
2.621769958650977,1.44,-0.52,-0.04,-0.28,-0.18,0.01
0.10213307522315418,-0.22,0.03,-0.25,0.04,-0.45,0.01
-4.492039881448884,0.07,-0.29,0.4,0.2,-0.33,0.01
0.0,0.07,-0.07,-0.03,0.19,0.08,0.01
0.2137508175121594,-0.07,0.55,-0.35,-0.51,-0.22,0.01
3.3068075870785307,1.86,-0.35,0.12,-0.79,-0.89,0.01
1.2391123142532212,0.35,0.54,0.51,-0.25,-0.06,0.01
-0.8161060493965033,0.0,-0.87,1.21,-0.13,0.4,0.01
-2.467778816161792,-0.25,0.62,0.59,-0.57,0.11,0.01
5.429676053473931,1.15,0.1,-0.25,-1.01,-0.85,0.01
-2.3500473849160874,-0.8,0.22,-0.05,1.44,1.24,0.01
0.7681821493713992,-0.48,0.29,-0.23,0.11,0.2,0.01
0.8129303787676401,1.17,0.07,0.03,-0.24,-0.16,0.01
7.711586191601305,0.72,-0.18,-0.15,-0.71,-0.6,0.01
-1.731376719261124,-0.56,0.54,0.22,-0.78,-0.1,0.01
-2.23806623354893,-1.78,0.39,0.82,0.92,1.19,0.01
-0.5357791280409141,1.15,0.84,-0.37,-0.54,-0.37,0.01
4.309428528855053,-0.14,-0.16,0.22,-0.1,0.31,0.01
-1.1736202576810295,-0.86,0.08,0.28,0.66,0.52,0.01
6.41324763818758,1.44,0.51,-0.22,-1.06,-0.83,0.01
6.071490329585227,2.31,-0.09,-0.48,-0.93,-1.46,0.01
-4.1245777164081066,-0.12,0.58,0.69,-0.55,-0.17,0.01
-1.0536258827218314,-0.74,0.81,-0.05,0.81,0.36,0.01
0.0,-1.52,0.5,-0.37,0.59,0.51,0.01
-3.3716488271032685,-0.2,0.27,0.0,-0.76,-0.18,0.01
-1.331630132528816,0.04,0.19,-0.08,-0.08,-0.26,0.01
-2.280144873213763,-1.51,0.45,0.06,1.19,0.91,0.01
-2.9047588943459712,0.3,0.28,0.44,0.35,0.61,0.01
1.127943438493495,1.05,0.38,0.14,-0.21,-0.37,0.01
1.8915828673137458,0.84,0.33,-0.71,0.07,-0.18,0.01
2.903116444005893,0.43,-0.81,-0.41,0.85,-0.04,0.01
-4.393948029313044,-0.93,-0.74,1.13,1.21,0.99,0.01
1.5964794590078712,0.57,1.34,0.06,-0.55,0.02,0.01
1.7144296193777997,0.02,0.34,0.05,0.04,0.02,0.01
0.6084869026632189,0.49,0.43,-0.24,-0.36,-0.27,0.01
2.6989169836681315,0.69,-0.02,-0.41,-0.17,-0.56,0.01
1.6312383857325585,0.41,-0.23,0.12,-0.75,-0.56,0.01
-2.3630556131243097,-1.04,0.35,0.8,-0.22,0.6,0.01
6.392721951828628,0.43,-0.72,0.17,-0.28,-0.41,0.01
1.201704606277021,0.99,0.8,-0.41,-0.28,-0.79,0.01
0.46668894011858697,0.7,0.21,0.39,-0.07,-0.19,0.01
-3.3347513959499753,-0.69,-0.25,0.86,-0.09,0.15,0.01
-1.2664595128355605,-0.23,1.22,0.29,-0.23,-0.04,0.01
-4.245947906349423,-0.45,0.07,-0.09,0.23,0.08,0.01
-1.939938003646935,0.08,-0.06,0.18,0.12,-0.12,0.01
-0.8477828944855492,-0.86,-0.1,0.22,0.19,0.51,0.01
0.47512881368669824,-0.85,-0.57,-0.08,0.79,0.24,0.01
2.600343657917703,0.67,-0.43,0.28,0.37,0.23,0.01
-4.239724011251889,-1.63,0.24,0.49,0.96,1.02,0.01
8.181195038190836,1.07,0.14,-0.53,0.07,-0.06,0.01
-1.3791032261766034,-1.08,-0.39,0.79,0.66,0.66,0.01
-1.57867211321574,-0.81,-0.22,0.02,1.15,1.13,0.01
5.499369984444957,0.92,0.62,-0.14,-0.39,-0.56,0.01
0.8253995661698932,0.4,-0.17,0.29,-0.69,-0.16,0.01
0.17248820051927183,0.09,-0.16,0.31,0.52,0.46,0.01
0.0859930193499725,0.05,0.21,0.65,0.22,0.07,0.01
-0.8595927603819664,-2.54,1.26,0.21,0.18,0.39,0.01
4.421488318826006,1.05,0.06,-0.68,0.88,-0.13,0.01
2.615184776201507,1.35,-0.5,0.2,0.45,0.31,0.01
-1.2541043660461382,-0.72,0.21,-0.26,0.14,0.15,0.01
3.850959389494979,-2.37,0.6,0.19,1.54,1.06,0.01
0.3942917424915038,-0.35,0.12,-0.5,0.91,0.37,0.01
-3.064658821486188,-0.78,-0.59,-0.07,0.82,0.2,0.01
-1.4997838577595513,-0.41,-0.67,0.89,0.36,0.64,0.01
-1.111233609161133,1.59,-0.15,0.41,-1.23,-0.63,0.01
3.9533103819823667,1.33,-0.41,-0.4,0.1,-0.42,0.01
-1.0807712258972035,-0.28,0.6,-0.53,-0.06,-0.02,0.01
1.214068387822076,0.99,-0.03,-0.11,0.06,-0.1,0.01
-1.6392797785474422,-0.24,-0.66,-0.16,0.66,0.44,0.01
-2.8455080609425143,-1.12,0.9,0.17,1.0,0.98,0.01
-5.355613540721715,-1.94,0.31,0.45,1.29,0.8,0.01
2.254597583193685,1.33,-0.14,0.37,0.4,-0.02,0.01
-7.047095257170288,-1.52,-0.2,0.64,0.89,1.2,0.01
5.767250466903406,0.75,0.42,-0.06,0.3,0.58,0.01
4.705553841595722,1.66,-1.17,0.59,0.15,-0.77,0.01
-0.5879937721606665,0.11,0.38,0.07,-0.26,0.02,0.01
-7.22438497878457,0.08,0.22,0.37,0.77,0.47,0.01
-1.1840137330678346,-0.31,-0.19,0.42,0.42,0.23,0.01
8.064499584474593,2.22,-0.61,-0.32,-0.49,-0.88,0.01
3.5821190254122115,1.98,-0.35,-0.18,-1.04,-1.1,0.01
-3.128774983415017,-0.54,0.53,0.11,-0.68,-0.26,0.01
2.2947314044700517,1.39,0.0,0.29,-0.45,0.06,0.01
1.2879816916527842,-0.42,0.64,0.07,0.13,-0.07,0.01
1.1484947608608298,0.72,0.25,-0.1,-1.0,-0.6,0.01
1.6221049598749149,0.29,0.11,-0.02,-0.24,-0.17,0.01
-1.3566761228793411,-0.28,0.27,-0.21,1.05,0.75,0.01
-0.930603019919396,-0.91,0.44,0.01,0.47,0.61,0.01
-0.24487670062506295,-0.05,0.44,-0.03,-0.08,0.34,0.01
2.128567248272173,1.06,-0.94,0.33,0.07,0.03,0.01
-0.8416677260896344,0.09,0.59,0.09,-0.48,-0.13,0.01
0.4445411641599506,0.34,0.09,-0.17,0.59,0.33,0.01
0.28172508267367835,-1.5,0.58,0.62,0.57,0.84,0.01
-2.608313883867852,0.31,0.89,-0.29,-1.28,-0.32,0.01
-0.7416238537466646,-0.42,-0.1,0.26,0.19,0.32,0.01
-3.071968029792216,-1.45,0.55,-0.07,0.6,0.51,0.01
0.4712857510428714,0.6,0.44,-0.31,0.81,0.39,0.01
0.04245912546740893,0.55,0.16,0.62,0.2,0.26,0.01
0.8522854772329502,0.29,-0.1,0.34,-0.75,-0.34,0.01
3.337518907502157,-0.12,-0.21,-0.08,-0.44,-0.31,0.01
-1.5946030096237518,-0.92,0.39,0.17,1.3,0.84,0.01
-1.3293813980566949,-0.98,0.31,0.48,0.12,0.18,0.01
4.842197946091753,0.12,0.1,0.49,0.38,0.23,0.01
-0.6425492533430055,-0.26,0.05,0.75,0.5,0.48,0.01
-0.7277194607698934,0.35,0.52,0.16,0.05,0.12,0.01
-1.8729134554569593,-0.6,0.63,0.62,0.88,0.96,0.01
2.3236515138745695,1.15,0.51,-0.32,0.58,0.25,0.01
0.8111653096874338,-2.22,0.92,0.77,0.31,1.07,0.01
0.8044145186659968,0.84,1.09,0.2,-0.91,-0.38,0.01
-0.23937797889138634,-0.67,0.38,-0.05,-0.25,-0.2,0.01
2.959958464645074,2.26,-0.46,0.67,-0.94,-0.93,0.01
1.437439567815324,-0.24,-0.42,0.32,-0.51,0.02,0.01
-2.6809774731000546,-0.14,0.37,-0.62,0.27,0.23,0.01
-1.6923373774867412,0.07,-0.13,0.26,0.53,0.35,0.01
-1.801285376495354,-1.5,0.61,-0.55,0.68,0.32,0.01
-1.1414462424069183,-0.52,0.43,0.53,0.68,0.32,0.01
-1.9795292330059944,-0.66,0.06,0.49,-0.07,0.4,0.01
1.4724606137061391,-0.11,0.2,-0.07,0.59,0.34,0.01
-4.601889759056299,-1.41,0.07,0.27,1.09,0.91,0.01
4.128552254043494,-0.88,0.72,-0.61,0.53,0.2,0.01
1.2939186908140554,1.2,0.57,0.14,-0.79,0.04,0.01
-1.195019493768812,0.74,-0.82,0.74,0.63,0.27,0.01
-1.2091745699891576,-0.21,0.69,0.36,1.04,0.94,0.01
-0.7600155670892783,-0.96,0.82,0.64,0.13,0.85,0.01
-3.657963087808591,-1.83,0.07,0.89,0.66,0.79,0.01
-0.7946592301338873,-0.37,-0.6,0.91,0.44,0.45,0.01
8.455853737578444,3.56,-1.51,-1.89,-2.14,-2.62,0.01
-0.7387677960883798,-1.43,-0.12,0.64,0.62,0.71,0.01
-3.5964088821292317,-1.63,0.05,0.38,0.43,0.78,0.01
2.6585741793440976,1.75,-0.54,-0.99,-0.02,-0.88,0.01
6.975676748383397,2.2,0.16,-1.1,-0.65,-1.37,0.01
-1.2883752422673367,-0.39,0.48,0.61,-0.43,-0.05,0.01
-0.276909201800557,0.35,-1.06,-0.71,0.62,-0.23,0.01
-0.7934358762840543,0.69,-0.34,-0.41,0.12,-0.18,0.01
-1.0794819052644233,-1.28,0.1,0.97,0.04,0.41,0.01
-5.173757691888426,-1.15,-0.24,0.18,0.21,0.38,0.01
3.665767728252134,0.37,-0.71,-0.14,0.44,0.12,0.01
3.536124668342233,1.05,0.03,-0.12,-0.24,-0.08,0.01
-4.090577161561793,-1.16,-0.18,0.64,0.11,0.47,0.01
-0.7039975351116112,-0.75,0.57,-0.4,-0.31,-0.11,0.01
0.0,-0.67,-0.14,0.18,0.48,0.74,0.01
0.9175266165016627,-0.24,0.14,-0.14,-0.5,0.45,0.01
-3.7191093591204427,0.19,-0.07,0.19,0.59,0.57,0.01
-1.6737458783498083,-2.43,-0.44,1.2,0.19,0.88,0.01
-0.5673718505522896,-0.11,-0.11,-0.63,-0.36,-0.68,0.01
-0.2634849900973957,0.83,-0.41,-0.35,0.76,0.2,0.01
-2.4647977262285847,-1.91,-0.09,0.96,0.31,0.43,0.01
-3.4295298775138483,0.08,0.81,0.0,0.05,0.43,0.01
0.37367103278675984,0.21,-0.32,-0.39,0.46,0.02,0.01
-4.748567634555023,-1.7,0.61,0.42,0.55,0.6,0.01
-1.808306372234969,0.55,-0.38,-1.27,0.74,-0.35,0.01
-2.7375771743098243,-1.1,-0.26,0.35,-0.07,0.41,0.01
2.8659323411119875,-0.07,0.64,-0.6,-0.1,-0.18,0.01
2.189011014219022,2.77,-0.34,-0.92,-0.12,-0.58,0.01
-1.8989277548240535,0.05,-0.23,0.56,0.26,0.16,0.01
-15.037191822138896,-1.63,0.05,0.47,0.73,1.06,0.01
-0.05824105061886797,-1.37,1.17,-0.06,0.95,0.92,0.01
-1.519610109299585,-1.53,1.62,1.29,-0.34,0.76,0.01
2.492546904140358,0.19,-0.36,-0.49,0.07,-0.67,0.01
-0.7529158428448812,-1.69,0.6,0.09,0.38,0.2,0.01
-3.442006656341534,-0.27,0.78,-1.21,1.23,0.06,0.01
3.0815165268382794,1.68,0.05,-1.08,-0.13,-0.62,0.01
3.8687934091486076,0.12,0.58,1.86,-1.37,-0.33,0.01
-3.724692741841218,-2.32,-0.48,0.29,1.97,0.14,0.01
-0.7034582864439032,-2.27,-0.93,-0.18,1.56,0.19,0.01
3.601057530032681,0.41,-1.4,0.05,-1.07,0.12,0.01
6.780576940847349,3.55,-1.01,-0.71,-0.92,0.31,0.01
-3.895500639493321,-1.21,-0.18,0.38,1.15,-0.29,0.01
-2.6650790883268827,-2.36,1.42,0.79,-0.05,0.42,0.01
-1.1978785807169934,-3.03,1.1,0.08,-0.03,-0.02,0.01
5.658088703983588,0.56,-1.51,-0.21,-1.24,0.35,0.01
-4.316848113232674,-0.55,-0.18,-0.36,-0.88,-0.38,0.01
4.11192297512093,-0.44,-0.67,-0.52,-0.68,0.66,0.01
-2.0295591356598197,-1.5,1.18,-0.76,-1.01,-0.44,0.01
-12.486189105626034,0.62,-0.06,-0.29,-0.45,-0.12,0.01
-4.094514510834801,-2.7,-0.27,0.64,0.41,0.39,0.01
-0.20025262271409217,-3.39,0.94,0.28,-0.71,-0.51,0.01
-0.26725805523812873,-3.18,1.44,0.43,-0.34,-0.03,0.01
-3.016177092242067,-2.86,-0.58,-2.05,2.46,-0.04,0.01
5.045043349859157,5.43,-1.77,-1.84,1.4,-0.44,0.01
-5.526310972340987,-0.54,0.52,-0.42,3.3,-0.57,0.01
-0.13963086189431317,1.49,-0.64,0.45,0.46,-0.7,0.01
4.742057637624919,5.4,-1.15,0.04,-1.28,-0.19,0.01
2.7298665215402584,0.42,-0.62,0.12,-1.3,-0.37,0.01
-1.1018295023351832,0.65,-2.56,-0.13,1.28,0.22,0.01
-3.0143134910254776,-2.68,1.85,1.0,0.57,-0.27,0.01
-2.364866997087489,-2.36,-0.56,-0.72,0.63,0.02,0.01
-3.1836362052184763,-3.34,1.13,0.49,1.34,-0.1,0.01
5.361028195481254,3.03,0.24,-0.57,-0.95,0.05,0.01
1.9676034852336377,1.81,-1.15,-0.45,0.16,-0.06,0.01
1.7962887726662657,3.05,-1.64,-0.15,-0.26,0.15,0.01
-1.9607612634692018,0.3,-0.65,0.05,0.61,-0.5,0.01
-0.06647905022206801,-0.43,0.44,-0.14,0.22,-0.45,0.01
-2.6684682861974007,-2.15,-0.28,0.5,0.66,-0.13,0.01
3.9752877065337255,3.76,-1.0,-0.65,-0.3,0.39,0.01
2.90036530013571,1.17,-1.07,0.61,-0.09,-0.51,0.01
1.2810741258000524,0.06,1.15,-0.03,-1.2,0.43,0.01
1.0753426866005888,2.17,-0.87,0.09,-0.38,0.31,0.01
-0.4380400218168101,-1.3,0.5,0.86,-0.31,-0.28,0.01
1.3199392382749142,1.36,0.6,0.43,-1.41,0.32,0.01
-0.9303005677019249,1.32,-0.49,-0.29,-0.3,-0.21,0.01
-1.5029100273129092,-2.25,0.29,0.01,0.93,-0.51,0.01
-1.2716792948914812,0.84,0.77,0.3,-0.15,0.64,0.01
-4.378308657399977,-1.55,-0.91,0.81,0.93,-0.15,0.01
-1.0102541062798176,-1.79,-0.2,0.2,0.8,-0.38,0.01
0.0,0.21,0.77,-0.35,-1.24,-0.01,0.01
0.340172360214952,-0.29,-0.3,0.84,0.88,-0.08,0.01
-4.745755540960229,-3.95,1.13,0.65,0.56,-0.13,0.01
3.060277549036572,1.84,0.68,0.02,-0.42,0.28,0.01
-2.0717870997773447,-1.62,-0.46,0.13,0.95,-0.34,0.01
1.4106807695733359,1.82,0.51,0.34,-1.08,0.19,0.01
-0.0697252823873784,0.93,-0.63,-0.64,0.28,-0.54,0.01
-0.2782520807015243,0.66,-0.18,-0.2,-0.4,0.35,0.01
-0.27902848326198937,-0.03,-0.2,0.25,-0.32,0.26,0.01
-1.0498096312565264,-2.38,0.85,0.27,0.31,-0.23,0.01
0.21222746140003856,0.38,0.42,0.23,0.2,-0.14,0.01
2.3289269659347855,0.02,-0.72,-0.43,1.15,-0.51,0.01
2.068909463246671,-1.91,0.24,0.51,-0.29,-0.18,0.01
1.4862894691149986,-0.46,-0.32,0.18,0.36,-0.53,0.01
-2.929402111716395,-2.96,0.26,0.17,0.54,-0.09,0.01
1.9892428707233734,0.2,0.03,0.28,-0.06,0.39,0.01
-0.13446773977117132,-1.48,-0.81,0.05,1.35,-0.42,0.01
-1.414140278593623,-1.54,0.88,-0.43,-0.42,-0.17,0.01
1.980671337807527,2.44,-0.11,-1.15,-0.66,0.21,0.01
-1.54047987761885,1.74,-0.42,0.86,1.15,-0.08,0.01
0.1359756572815618,-2.98,0.6,0.74,-0.53,-0.3,0.01
-1.4943559813258456,-1.27,1.52,-0.52,0.82,-0.48,0.01
0.06874389127844438,3.56,-2.15,-0.35,0.27,0.57,0.01
-2.343055579239728,-2.3,0.52,0.4,0.4,-0.31,0.01
0.9172956342902161,-1.13,0.53,-0.21,0.71,0.47,0.01
-1.887961590341225,-2.25,0.01,-0.19,0.54,-0.08,0.01
-1.8532163257668266,-2.0,-0.49,-0.5,0.69,0.05,0.01
-0.6535516611357317,1.54,-0.78,-1.44,1.37,-1.19,0.01
-0.6578583215863798,-2.77,-0.5,-0.74,0.12,-0.13,0.01
3.826097206092105,3.41,-1.64,0.21,-1.29,0.57,0.01
2.834892924930199,3.74,-1.48,-0.33,-0.78,0.38,0.01
1.7919139551480612,0.77,0.0,-0.98,0.41,-0.46,0.01
2.6404098193120618,4.57,-1.05,0.27,-1.38,0.17,0.01
-3.9576863740811374,-2.42,0.17,0.36,0.68,-0.95,0.01
-3.0907508770013914,2.4,0.81,-0.43,-0.56,0.46,0.01
1.6299704697479545,0.49,-0.23,-0.35,-0.02,-0.26,0.01
1.5343451241935702,1.65,-0.57,0.22,-0.66,0.66,0.01
0.9615552613259526,-1.11,-0.42,0.72,-0.33,-0.02,0.01
1.2243622680834454,0.76,0.77,0.29,-1.09,0.44,0.01
-1.2769154432854868,-1.44,0.71,0.39,-0.99,0.11,0.01
4.969443960029185,1.69,-0.08,-0.38,-0.75,0.22,0.01
1.2322367422613167,-0.83,-0.04,-0.19,-0.04,0.22,0.01
-1.0891186235223227,-0.87,1.0,-0.26,0.69,-0.54,0.01
3.497402231891722,1.03,0.36,-0.42,-0.64,0.58,0.01
0.5632049739636713,-0.41,0.34,0.32,-0.59,-0.16,0.01
1.8047336747558873,1.73,0.66,-0.29,-0.93,0.73,0.01
3.239521159580705,0.79,0.2,-0.41,-1.87,0.21,0.01
0.05936359868843333,0.63,-0.88,0.06,0.02,-0.05,0.01
1.8933573265374148,0.98,0.68,0.18,-1.01,0.56,0.01
-7.084880976109376,-2.22,0.28,-0.35,1.03,-0.57,0.01
-0.9999627359281393,-0.92,-0.14,0.2,0.29,-0.04,0.01
-4.292951202339889,-2.09,-0.35,0.44,1.05,-0.7,0.01
3.1664230901133683,0.83,0.42,-0.1,-1.6,0.55,0.01
-0.3197142801412478,0.02,0.41,-0.29,-0.5,0.17,0.01
4.553981510170391,2.44,0.04,-0.66,-0.5,0.6,0.01
-2.1472585066507177,0.61,-0.75,-0.06,-0.26,0.13,0.01
-1.8807952862181065,-1.0,0.29,-0.12,-0.43,0.36,0.01
-2.427924407060944,-0.48,-0.24,0.28,0.64,0.11,0.01
1.7024069036490008,1.96,0.39,-0.93,-0.94,0.33,0.01
5.280158747729624,2.15,-0.1,-0.16,-1.86,0.72,0.01
-2.0793607786492863,-0.25,0.79,0.22,-0.4,0.13,0.01
-0.24973015984345315,0.36,0.87,0.03,-0.95,0.79,0.01
-3.5065868010109025,-2.0,0.66,0.5,0.67,0.25,0.01
2.0114194286339426,2.78,0.01,-0.09,-0.91,0.5,0.01
-1.3993147330745415,-0.3,-0.55,0.46,-0.32,0.13,0.01
-2.0647494153799406,-0.1,0.67,-0.09,-0.05,0.04,0.01
-0.13168936235756767,-1.54,0.06,-0.58,2.07,-0.62,0.01
-1.2533573711141832,-0.38,-0.3,0.32,1.52,-0.88,0.01
-2.2710532890905855,-1.11,0.26,0.67,-0.02,0.04,0.01
2.1871888084225244,0.61,-0.07,0.01,0.33,0.07,0.01
-1.3376444989931735,-2.26,-0.2,0.17,1.84,-0.92,0.01
3.5931498494517378,1.44,0.26,-0.09,-0.79,0.34,0.01
1.3743274996151467,0.1,-0.16,0.33,-0.29,0.23,0.01
-1.9366908723355336,-0.27,0.62,0.25,-0.2,0.04,0.01
-2.633376751605454,-1.37,-0.38,0.41,1.08,-0.21,0.01
0.40590855145195004,2.21,-0.61,-0.3,-0.27,0.25,0.01
1.5487890775613522,-0.76,-0.2,0.6,-0.71,0.13,0.01
-3.3819216930642493,-1.35,-0.36,-0.1,0.96,-0.59,0.01
-2.5398010815500083,-0.7,0.55,0.31,0.46,0.36,0.01
-0.42234734092206905,1.23,-0.43,-0.33,0.37,-0.06,0.01
2.475202297417267,0.23,0.38,0.03,-0.68,0.16,0.01
-0.8969702821759351,-0.52,0.24,-0.03,0.27,-0.09,0.01
0.2784520889961506,-0.19,0.48,0.05,0.01,0.17,0.01
-2.361357400446973,-1.53,0.4,-0.07,0.25,0.0,0.01
0.07128413931432043,0.34,-0.79,0.0,0.96,-0.5,0.01
1.8479569599641588,0.12,0.15,0.67,-0.55,0.19,0.01
3.2798848880952747,3.14,-0.87,-0.38,-0.62,0.46,0.0
0.6754249807335189,-0.11,-0.43,0.16,-0.31,0.1,0.0
0.0,2.13,-0.64,-0.41,-0.64,0.7,0.0
-0.33524672326138427,-0.63,0.07,-0.12,-0.93,0.2,0.0
-2.020555053907025,-1.35,0.23,0.51,0.38,-0.56,0.0
0.8937305411399477,1.89,-0.15,-0.35,-0.77,0.26,0.0
0.2723487558696336,0.04,0.08,0.21,-1.09,0.23,0.0
-0.6113532224358509,-0.12,0.12,0.16,-0.16,-0.13,0.0
-0.13664666052146668,0.55,0.01,-0.15,-0.59,0.33,0.0
-1.2319244483515845,-1.32,0.79,0.56,0.11,-0.25,0.0
1.3163743636031011,-0.34,0.25,0.18,0.78,-0.13,0.0
-3.556519781027878,-1.41,-0.25,0.61,1.05,-0.55,0.0
-0.5675261545635135,-1.53,0.38,-0.43,0.04,-0.08,0.0
-0.9985913729995244,-0.94,0.33,-0.27,0.12,-0.01,0.0
2.0894931480320844,0.99,-0.15,-0.75,-1.03,0.01,0.0
-2.6110568752887087,-2.78,0.65,0.52,0.67,-0.21,0.0
2.390934870303063,-1.65,0.05,-0.19,0.47,-0.21,0.0
3.1848203432874866,1.26,0.03,-0.43,-0.23,0.42,0.0
2.400595788694826,0.63,-0.25,-0.01,-0.13,0.12,0.0
-4.085842500724968,-2.13,0.55,-0.53,0.78,-0.14,0.0
0.2796540894032695,1.28,-0.18,0.24,1.06,0.23,0.0
2.089058443176106,0.37,-0.78,-0.18,0.47,0.03,0.0
-0.40951412164524914,-1.34,1.02,-0.28,0.94,0.18,0.0
-1.0271749391557616,-0.49,0.13,-0.04,-0.26,0.0,0.0
-0.13833494813507707,-0.64,0.06,0.14,0.26,-0.09,0.0
-1.9403981750796384,-1.06,-0.48,-0.23,0.11,0.03,0.0
1.4132532113900753,0.69,0.01,0.04,-0.25,0.38,0.0
0.0,-0.71,0.26,-0.25,-0.32,0.04,0.0
0.27862587226390456,-1.25,0.11,0.08,0.21,-0.19,0.0
1.0425723007621457,-0.26,-0.06,-0.2,0.37,0.09,0.0
0.8939055973032461,1.9,-0.89,-0.56,-0.13,-0.05,0.0
4.090225219620103,1.98,-0.45,-0.03,-1.03,0.13,0.0
-2.7504383825976086,-0.7,-0.31,-0.04,0.06,-0.16,0.0
-0.5389163936820207,-0.83,0.81,-0.12,-0.33,-0.06,0.0
1.5572011647842166,1.31,-0.08,0.1,0.21,-0.45,0.0
-1.7334039704985371,-1.78,0.28,-0.18,0.27,-0.31,0.0
1.8996011952546743,0.7,0.06,-0.18,0.52,-0.15,0.0
-3.4618101715252148,-1.22,0.36,0.44,0.34,-0.25,0.0
2.482558404895019,1.15,-0.28,-0.13,-0.23,-0.09,0.0
1.0095630674491707,0.41,-0.7,0.25,-0.44,0.23,0.0
-2.3985466066214656,-0.67,0.23,0.48,0.1,0.02,0.0
-0.614281096038849,-1.44,0.79,-0.45,0.23,-0.02,0.0
0.41193131406889183,0.78,-0.92,0.08,0.2,0.03,0.0
-0.41024140127376985,-0.84,0.14,0.13,0.13,-0.36,0.0
-0.2061533421602313,0.76,-0.68,-0.07,0.29,-0.53,0.0
-1.1011220494277163,-2.36,0.78,-0.03,-0.01,-0.04,0.0
-0.9742626160812784,-0.81,0.67,-0.62,0.54,0.3,0.0
-0.07004839351680836,0.32,-0.49,-0.61,0.4,0.22,0.0
3.5159509014246915,3.39,-0.96,-0.57,-1.44,0.12,0.0
0.4078523457855532,0.13,-0.41,0.2,0.1,-0.21,0.0
1.556070411910504,3.41,-0.79,-0.14,-1.05,0.47,0.0
-0.06675244805315339,0.44,0.44,-0.78,-0.26,-0.03,0.0
-0.33339558360491184,0.72,-0.46,-0.3,0.8,-0.5,0.0
-0.2674438197486362,0.28,0.13,0.52,-0.43,0.22,0.0
0.6035688552819218,2.19,-0.73,-0.11,0.49,-0.01,0.0
-4.200025160680898,-3.36,1.24,0.15,0.72,-0.12,0.0
1.2524801209986558,1.21,-0.04,-0.05,-0.42,-0.04,0.0
-0.9621974539323563,-0.55,-0.22,-0.38,0.0,0.2,0.0
0.5553393668933815,-0.09,0.7,-0.06,0.23,-0.28,0.0
0.5523066703772228,-0.48,0.37,0.16,0.42,0.0,0.0
-2.951421640139429,-1.66,0.82,0.32,0.52,-0.21,0.0
0.14135379180109098,1.12,-0.21,0.34,0.13,-0.2,0.0
3.107274574589791,2.6,-0.59,-0.78,-1.22,0.1,0.0
-0.9588472543079152,-0.49,0.36,-0.07,-0.48,0.05,0.0
-0.3458942809964616,0.15,-0.67,0.45,0.39,-0.05,0.0
0.5553393668933815,0.18,0.55,0.6,-0.43,0.24,0.0
-0.27594074073666874,-0.24,-0.23,0.18,0.38,-0.59,0.0
-1.7993445938274788,-1.28,0.63,0.76,0.03,-0.02,0.0
1.2683803383295444,0.52,-0.32,-0.2,0.37,0.09,0.0
-8.142023214458083,-0.32,0.03,-0.05,-0.3,0.05,0.0
2.8789020663193554,1.88,-0.41,-0.01,-0.28,0.23,0.0
-1.3991739494652156,0.62,-0.01,-0.34,0.04,-0.17,0.0
-1.1199959390805536,-1.11,0.52,0.01,-0.82,0.71,0.0
-0.9063662012761875,1.52,0.0,0.07,-0.77,0.14,0.0
0.15235057279350261,-0.11,0.49,0.02,-0.44,-0.03,0.0
2.8157597970115633,2.07,-0.79,0.22,-0.5,0.07,0.0
0.5181254160368409,0.89,-0.01,0.35,-0.41,0.13,0.0
-1.0309094283093234,-0.81,0.53,-0.24,0.33,-0.17,0.0
-0.6695695147129643,-1.3,0.58,-0.08,0.46,-0.14,0.0
3.820143409365162,1.76,-0.06,-0.13,-0.32,0.4,0.0
1.4428331072636968,0.34,-0.22,-0.23,-0.4,0.06,0.0
1.1383057895923532,0.03,0.8,0.25,-0.11,0.09,0.0
0.9845584951407194,-0.03,0.24,-0.23,-0.53,-0.02,0.0
0.6266504093845882,1.56,0.49,-0.38,-0.63,0.05,0.0
11.349187295933438,-0.18,0.78,-0.3,-0.65,0.17,0.0
8.763421326307075,0.8,-0.22,0.14,-0.15,-0.1,0.0
0.8572001920183148,-0.46,0.07,0.63,0.51,-0.23,0.0
1.983044268868972,-0.99,0.51,0.06,0.48,-0.07,0.0
1.6665777851680108,1.39,-0.02,-0.15,-0.52,0.44,0.0
1.4208707806139032,1.25,-0.12,-0.07,-0.78,0.23,0.0
0.5925293437749835,-0.23,0.55,0.36,-0.21,0.12,0.0
-0.6427110255113999,-0.23,0.33,0.04,-0.5,0.15,0.0
0.9702009998997063,0.74,-0.19,0.0,-0.59,0.41,0.0
0.3737469085210998,-0.31,-1.37,1.08,-0.56,0.22,0.0
-3.7233515671786788,-2.3,0.75,0.0,0.41,-0.06,0.0
-1.7125375412964994,-0.12,0.14,-0.04,0.27,0.18,0.0
0.33715629998554153,0.41,-0.09,0.33,0.13,0.28,0.0
2.1847531786942653,0.96,-0.05,0.03,-0.79,0.11,0.0
0.43873536649865486,0.26,0.44,0.46,-0.56,0.25,0.0
3.056777559750423,1.95,0.33,-1.13,-1.01,0.37,0.0
-3.1778834503781273,0.22,0.59,-0.41,-0.19,0.13,0.0
-0.9848563094361884,-0.26,0.96,0.2,-0.53,0.34,0.0
-0.8285986720109273,1.53,0.29,0.08,0.03,-0.13,0.0
-2.7856225546928903,0.39,-0.13,0.61,-0.02,-0.16,0.0
-0.8023349682150238,0.39,-0.09,-0.52,0.12,0.01,0.0
1.6754917821888204,1.56,0.12,0.12,-0.85,0.43,0.0
0.22720874714718953,0.55,0.85,-0.76,-0.82,-0.08,0.0
-2.7777608779955165,-0.33,-0.2,-0.37,0.27,0.09,0.0
-2.0993234216803547,-1.31,-0.33,0.01,0.97,-0.23,0.0
2.323030127198278,0.95,0.43,0.01,0.0,-0.22,0.0
1.571514506501348,1.29,-0.26,0.36,-0.13,-0.25,0.0
1.8337067472353752,0.18,0.15,0.34,-0.52,0.5,0.0
-1.9696123093276174,-1.02,-0.23,0.08,0.63,-0.31,0.0
4.879577563129622,2.14,-0.46,-0.5,0.05,-0.27,0.0
-0.43800363891662863,0.13,0.16,-0.33,-0.24,-0.34,0.0
5.1129402733502305,-0.15,0.21,-0.16,-0.37,0.34,0.0
0.10457825319079017,-1.49,0.01,0.63,0.52,0.22,0.0
0.31334470263972847,0.05,-0.16,0.07,0.21,-0.14,0.0
-0.7291332950686513,-1.52,-0.61,0.14,1.06,-0.16,0.0
-1.4690608106382008,0.2,0.16,0.23,0.58,-0.12,0.0
1.6507932678036186,-0.6,1.15,-0.04,-0.42,-0.02,0.0
1.047540937184821,1.11,0.33,-0.43,-0.59,0.21,0.0
-2.903101142182274,-0.84,0.62,0.25,-0.01,-0.02,0.0
1.7619679016736889,-0.18,-0.06,0.36,-0.13,0.12,0.0
0.15748130020347695,0.73,-0.43,-0.05,0.04,-0.01,0.0
0.9427774737836403,1.28,0.91,0.1,-0.95,0.58,0.0
-0.7264846989574858,-0.72,0.25,-0.1,0.0,-0.24,0.0
3.868136169862635,1.91,-0.15,0.36,-1.19,0.67,0.0
2.667621267514675,0.51,1.31,0.07,-0.43,0.2,0.0
-2.4999800284511764,-0.34,0.96,0.38,-1.06,0.78,0.0
-1.5587047507746088,-1.33,-0.05,-0.31,0.56,-0.42,0.0
1.378878225057778,0.92,0.1,-0.09,-0.27,0.02,0.0
0.25192631720911685,0.73,0.3,0.35,-0.88,0.22,0.0
-1.457135286986333,-0.41,-0.06,-0.17,-0.16,-0.1,0.0
1.325576917229987,-0.64,0.15,-0.27,0.5,-0.22,0.0
5.183750661139097,-1.45,-1.21,-0.51,1.19,-0.91,0.0
-0.1912770077144077,1.08,-0.16,-0.1,0.08,0.39,0.0
-1.1984035513560642,-1.42,0.02,-0.43,0.26,-0.24,0.0
0.9219246341124254,0.96,0.31,0.45,-0.76,0.84,0.0
-0.048127876254511204,0.18,0.49,-1.01,0.13,-0.46,0.0
-1.3468337266895891,-0.65,0.36,0.43,-0.25,-0.09,0.0
5.02192793544074,1.51,-0.72,-0.32,-0.12,-0.08,0.0
-2.553523412234193,-0.02,0.98,0.29,-0.7,0.56,0.0
-1.286178169748553,-0.57,0.56,-0.06,0.02,-0.03,0.0
-2.1235408282262114,-0.18,0.15,-0.65,0.83,-0.61,0.0
3.9448800270162954,0.32,0.22,0.22,-0.7,0.67,0.0
-1.6603376828244643,-1.06,-0.54,-0.13,-0.03,0.15,0.0
2.3153207134742226,0.11,-0.69,-0.32,0.47,-0.36,0.0
-3.9131091917441574,-1.71,0.4,-0.02,0.53,-0.4,0.0
-3.680106567432573,0.02,-0.82,0.47,0.85,-0.69,0.0
1.5281920049504016,0.57,-0.56,-0.51,0.59,-0.49,0.0
-1.455210277037433,0.33,-0.34,0.13,0.45,-0.27,0.0
0.10179946234503134,0.43,0.66,0.01,-0.52,0.24,0.0
0.20367492317709956,1.09,0.48,0.1,-0.6,0.34,0.0
2.4364174019927853,-0.5,0.67,0.06,-0.37,0.25,0.0
-1.0406160634609862,0.62,0.11,0.4,-0.42,0.5,0.0
-1.3019910181160332,0.09,0.16,-0.17,0.07,-0.1,0.0
3.196342105425032,1.03,0.73,0.07,-0.93,0.52,0.0
-0.09828623935002057,0.43,1.02,0.64,-0.6,0.39,0.0
3.395839768145281,-0.14,0.37,0.05,0.09,0.44,0.0
3.1888648915351814,0.46,0.55,0.31,-0.81,0.65,0.0
-3.6900906510137665,-1.07,-0.66,0.11,-0.26,0.14,0.0
-0.09577284987238865,-0.04,-0.17,-0.31,0.36,-0.37,0.0
0.9108857839527529,0.29,0.19,0.11,-0.06,0.12,0.0
2.0425704993762173,0.17,0.78,0.08,-0.56,0.49,0.0
3.305552666747813,0.7,0.28,0.24,-0.26,0.23,0.0
1.89272797946487,0.53,-0.25,0.3,-0.26,0.33,0.0
1.0615309264957018,1.4,0.53,-0.05,0.13,0.11,0.0
0.4374658725825098,0.43,0.26,0.28,-0.22,-0.02,0.0
-0.5226517496934924,0.22,0.31,-0.17,-0.73,0.39,0.0
-1.4455097661355887,-0.61,-0.08,0.25,-0.13,0.52,0.0
1.0665167891840799,1.07,0.51,-0.15,-0.68,0.47,0.0
-1.62707710809048,-0.79,0.24,-0.27,-0.15,0.12,0.0
-0.8494272296465155,-1.37,-0.56,-0.65,1.19,-0.98,0.0
1.7133369354160877,0.62,0.56,0.1,-0.12,0.13,0.0
2.3937001020664983,0.23,0.15,0.13,0.06,0.2,0.0
-3.8528655894305985,-0.35,0.24,-0.11,0.41,-0.28,0.0
0.6754797201725893,1.4,0.02,0.11,-0.87,0.26,0.0
-1.0733899550645631,-0.26,0.23,0.17,-0.2,0.22,0.0
3.4356752927819922,1.25,-0.5,0.28,-0.24,0.23,0.0
-1.3111392372297415,-0.23,0.47,0.01,0.0,0.34,0.0
-2.214208404234397,-1.3,0.2,0.14,0.27,0.05,0.0
1.5850969223900835,0.65,0.47,0.04,-0.53,0.07,0.0
-4.948820324041514,-1.88,-0.03,0.05,1.28,-0.59,0.0
-4.174552164913026,-0.81,-1.62,-0.26,0.63,-0.55,0.0
1.2727155815170477,-0.84,-1.21,0.04,0.75,-0.28,0.0
2.9482914563982776,0.99,0.38,0.1,-0.54,0.24,0.0
-2.7229460479166856,-0.96,0.08,0.11,0.5,-0.19,0.0
0.3378700480336505,2.16,0.39,0.15,0.29,-0.56,0.0
-1.058376719784504,0.31,0.16,0.09,-0.42,0.19,0.0
5.444866511641022,1.02,0.59,0.02,-0.9,0.46,0.0
2.7664031499589514,0.49,0.39,0.38,-0.41,0.38,0.0
4.172240013937767,0.51,0.28,0.17,-0.27,0.39,0.0
-0.6890387428517886,-0.48,-0.29,0.19,0.01,0.21,0.0
1.6911633084458533,0.55,0.32,0.4,-0.29,0.14,0.0
0.9808169929516497,-0.08,-0.33,0.45,-0.14,0.21,0.0
2.8293053765791054,0.81,0.85,0.15,-0.16,0.21,0.0
0.8214928316282233,0.44,0.46,0.17,-0.32,0.0,0.0
1.099667401591642,-0.35,-0.36,-0.1,0.16,0.09,0.0
-6.32538190509181,0.36,0.1,0.04,-0.19,0.09,0.0
-2.1506119010235913,-1.11,-0.43,-0.01,0.9,-0.22,0.0
2.065959106255688,0.41,-0.2,-0.17,0.24,-0.43,0.0
-0.1721912132154113,0.25,0.48,-0.19,-0.76,0.28,0.0
-1.8118894096535332,-1.51,-0.59,-0.04,0.78,-0.23,0.0
1.0104891889916479,0.22,-0.65,-0.29,1.14,-0.55,0.0
-1.696580308838358,-0.45,-0.27,-0.03,0.19,0.04,0.0
0.0,0.4,1.12,0.41,-0.36,0.34,0.0
4.955809862901628,1.59,0.39,-0.15,-0.91,0.08,0.0
-0.12630817989368603,0.28,0.83,0.23,-0.11,0.28,0.0
-2.5329238149704336,-0.11,-0.14,0.32,-0.04,0.46,0.0
-0.8660628843250917,0.28,-0.54,-0.11,0.23,-0.33,0.0
1.1359261588087533,0.93,0.71,0.47,-0.56,0.35,0.0
-1.0367775428937964,-0.45,0.72,0.39,-0.37,0.5,0.0
0.5237979283866157,-0.04,0.17,-0.05,0.03,0.25,0.0
0.39074318613574466,0.58,0.08,0.18,-0.45,0.38,0.0
-2.68155005025702,-0.33,0.38,0.32,-0.08,0.4,0.0
-2.6668351993380246,-0.74,-0.86,-0.07,0.97,-0.49,0.0
-1.6437209238167716,-0.21,-0.62,-0.16,0.48,-0.35,0.0
3.6676197461183557,1.33,0.9,-0.26,-0.49,0.46,0.0
0.4029742681923354,0.03,0.21,-0.29,0.41,-0.37,0.0
-4.2819410579681865,-0.83,-0.59,-0.12,1.06,-0.3,0.0
-1.5377937470833603,-0.72,-0.59,-0.19,0.4,-0.41,0.0
-3.4073913690015667,-0.87,0.13,0.07,0.54,-0.26,0.0
0.049076805882819485,0.76,0.01,-0.06,-0.15,-0.08,0.0
-0.19579242401959185,-0.77,0.26,0.03,0.14,0.01,0.0
-0.4907679915432728,0.21,0.2,0.64,-0.42,0.35,0.0
4.290031549710749,1.71,0.66,-0.01,-0.66,0.3,0.0
-2.222256050519944,0.31,0.39,0.52,0.0,0.29,0.0
0.19335954130352828,0.4,-0.06,0.45,-0.42,0.42,0.0
0.9170306263252215,0.1,0.2,-0.17,-0.29,0.24,0.0
3.82597556251123,1.11,0.35,-0.07,-0.07,0.13,0.0
-0.783155895809029,-0.27,0.17,0.13,0.14,0.07,0.0
-2.3676346286620853,-0.34,-1.09,0.26,0.4,0.14,0.0
0.570670273433338,0.26,-0.43,-0.32,0.22,-0.29,0.0
-1.4186742351844694,-0.79,-0.04,-0.16,0.5,-0.26,0.0
0.9594030237147111,0.65,-0.08,0.22,0.25,-0.23,0.0
-2.8502913709228084,-0.95,-0.5,-0.01,0.62,-0.49,0.0
-0.3422917208669829,-0.29,-0.97,-0.21,0.01,-0.2,0.0
4.072469364788667,1.34,1.19,0.19,-0.75,0.46,0.0
-1.5086271720429756,0.31,0.53,0.28,-0.35,0.18,0.0
-3.4465876711872623,-0.73,-1.29,0.04,0.53,-0.12,0.0
-0.2479092754526402,0.5,-0.26,0.1,0.44,-0.13,0.0
-1.1929218861773228,0.15,0.02,-0.23,0.48,-0.11,0.0
0.8047729138995541,1.24,0.24,0.27,-0.78,0.55,0.0
-1.6964932725882287,-0.04,-0.05,0.39,-0.12,0.1,0.0
0.7612600079375476,0.36,0.04,0.21,-0.08,0.34,0.0
-0.20147497342017928,0.37,0.58,0.1,-0.33,0.27,0.0
3.0287674671374054,-0.18,-0.24,0.06,-0.2,0.04,0.0
1.8127842547584816,0.19,0.35,0.06,0.06,0.08,0.0
1.7807848537024995,1.29,0.31,0.0,-0.29,0.08,0.0
0.6144722343909947,0.05,0.24,0.18,-0.14,0.11,0.0
0.42295166786989746,0.01,-1.4,0.01,-0.08,0.16,0.0
-0.4211703209727746,-0.17,0.8,0.42,-0.58,0.6,0.0
4.182427617612938,1.2,0.26,0.01,-0.75,0.82,0.0
-0.3609348753827568,0.2,0.05,0.27,-0.47,0.56,0.0
2.2635759903229413,0.34,0.53,-0.08,-0.52,0.2,0.0
3.4085864375495323,0.45,0.29,0.72,-0.9,0.95,0.0
-1.5411816673314038,-0.72,0.01,0.29,-0.48,0.13,0.0
3.173963333735985,0.57,0.8,0.13,-0.89,0.79,0.0
1.6434236296323235,-0.51,0.28,0.09,0.27,-0.06,0.0
0.3317551009107911,0.8,0.03,0.44,0.0,0.2,0.0
-5.578483364643327,0.15,-0.05,-0.28,-0.06,0.16,0.0
-0.5690178801139756,0.72,-0.04,0.59,-1.41,0.69,0.0
0.044095783634845453,0.15,1.23,0.62,-0.36,0.48,0.0
-0.5279806116531116,0.64,-0.81,0.31,0.96,-0.72,0.0
-1.9019586540357958,-0.32,-0.5,-0.06,0.57,-0.69,0.0
1.7133369354160877,-0.14,0.88,-0.1,0.11,-0.12,0.0
1.994798537134801,1.12,-0.24,-0.27,-0.34,0.15,0.0
0.2606440222977291,-0.96,0.09,0.0,0.81,-0.17,0.0
-2.383917280759873,-1.44,-0.41,-0.4,0.34,0.05,0.0
0.7104120608815601,0.25,-1.06,-0.77,0.67,-0.98,0.0
-0.529171095558012,-0.15,0.24,0.42,-0.51,0.17,0.0
-1.0638755214985363,0.27,-0.35,-0.16,0.24,-0.29,0.0
-0.26868419185094305,0.0,-0.13,-0.03,0.2,-0.16,0.0
-2.1114537749357565,-0.97,-1.45,-0.62,1.6,-1.15,0.0
2.891219609943052,0.23,0.48,0.23,-0.25,0.22,0.0
1.2935930577675059,1.39,1.02,0.42,-0.88,0.87,0.0
-0.17632060175138964,-0.1,0.4,0.28,-0.22,0.22,0.0
1.3675482371687808,0.56,0.58,0.2,-0.3,0.14,0.0
3.56833582163838,1.04,-0.36,0.14,0.0,0.01,0.0
-0.2941040161231312,-0.46,-0.09,-0.15,0.4,-0.07,0.0
-3.0763220013843906,-0.57,-0.63,-0.14,0.44,-0.39,0.0
0.695604130299099,0.98,0.43,0.59,-0.49,0.08,0.0
0.4318426364197103,-0.4,-0.08,0.08,-0.05,-0.12,0.0
-3.3963698311713753,-0.54,-0.92,-0.15,0.73,-0.29,0.0
-0.31152088634284203,-0.3,-0.16,-0.29,0.45,-0.33,0.0
-0.9374831147369367,-0.51,-1.14,-0.18,0.83,-0.67,0.0
0.7661621852066203,-0.14,0.31,-0.18,0.21,-0.23,0.0
2.0123450732943082,0.54,0.51,0.2,-0.61,0.37,0.0
1.0085727287880042,0.29,0.47,0.44,-0.43,0.37,0.0
3.81932490954644,0.11,0.28,0.3,0.16,0.31,0.0
0.41816297430203875,1.02,0.5,0.27,0.04,0.35,0.0
-0.874295997200758,-0.59,-0.03,0.13,0.17,0.0,0.0
0.46191282944751944,0.14,-0.14,-0.12,0.32,-0.41,0.0
5.184002842202107,0.43,0.74,0.26,-0.84,0.44,0.0
6.2797208553050154,0.24,-0.03,-0.22,0.5,-0.21,0.0
-2.76733055298376,-0.84,-0.25,0.17,0.75,-0.44,0.0
4.230821914876337,-0.66,-0.4,-0.33,0.56,-0.56,0.0
2.140164968467584,-1.5,-0.25,-0.39,0.48,-0.8,0.0
-1.9148819610376289,-1.42,0.33,-0.14,-0.06,-0.03,0.0
1.5102611099711893,1.34,0.97,0.23,-0.82,0.59,0.0
-4.027679574883725,-1.56,-1.0,-0.3,1.08,-0.74,0.0
-2.3818715766846577,0.43,-0.63,-0.06,0.31,-0.22,0.0
1.4331722643134759,1.22,0.7,0.37,-0.87,0.86,0.0
-1.9855314183187756,-0.2,-0.45,0.13,0.06,-0.17,0.0
0.7402053269048636,-1.0,0.4,0.27,0.16,-0.07,0.0
0.0,-1.42,-0.61,-0.22,0.66,-0.66,0.0
-2.2042688962585544,-0.09,0.41,0.01,0.46,-0.2,0.0
0.8303607893425546,-0.27,-0.18,-0.11,-0.23,0.1,0.0
5.372474764695845,1.68,0.56,-0.18,-1.12,0.74,0.0
0.6327337380010789,0.0,0.35,0.36,-0.11,0.17,0.0
3.2175479980352195,1.34,0.51,-0.21,-0.27,0.27,0.0
0.03569654476245354,0.47,0.51,0.16,-0.13,0.12,0.0
-3.151820468524902,0.0,0.22,0.21,0.4,0.02,0.0
0.25888587567084453,0.64,0.2,0.04,-0.43,0.14,0.0
1.4385119617337017,0.91,0.57,0.06,-1.13,0.82,0.0
2.9818551733941767,0.79,0.03,-0.41,-0.48,-0.03,0.0
-1.7302029283790543,-0.29,-0.62,0.18,0.81,-0.49,0.0
-1.8683635278163302,-0.5,0.88,-0.12,0.08,-0.06,0.0
0.8054735875994812,-0.14,-0.36,0.14,-0.68,0.22,0.0
1.8524829873164173,0.5,0.16,-0.31,-0.05,-0.02,0.0
-3.958543811106474,-1.49,-0.64,-0.38,0.44,-0.33,0.0
-1.076974690987742,-0.2,-0.42,-0.44,-0.15,0.11,0.0
9.984998141273515,-0.05,-0.26,-0.4,1.14,-0.65,0.0
-0.40957047261565016,0.45,0.07,0.1,0.79,-0.57,0.0
-2.844361745166657,0.22,0.43,-0.3,-0.54,0.28,0.0
-2.1868436622838328,-1.48,-0.17,-0.01,0.68,-0.15,0.0
0.0,0.6,0.5,0.0,-0.08,0.22,0.0
0.1801285647652806,1.44,0.17,-0.1,0.05,-0.03,0.0
-0.2878749344055853,-0.01,-0.35,-0.01,-0.44,0.12,0.0
-2.0578207059325226,-0.33,-0.03,-0.34,-0.03,0.35,0.0
-0.7004010653368975,0.13,0.07,-0.11,0.58,-0.75,0.0
-1.8188186715702548,-1.46,-0.84,-0.08,0.71,-0.34,0.0
1.2099571289114097,-0.86,-0.76,-0.78,0.96,-1.04,0.0
-3.6982676610714527,-0.66,-0.68,-0.04,1.27,-0.74,0.0
1.1250408391613176,0.85,0.03,-0.33,0.32,-0.05,0.0
0.26849517829314884,0.21,0.43,0.17,-0.36,0.31,0.0
1.9509344568681808,0.27,-0.15,-0.19,0.05,0.15,0.0
-0.26260729805771543,-0.8,-0.38,-0.2,0.33,-0.21,0.0
0.3385483142794188,-1.48,-0.84,-0.49,-0.4,0.0,0.0
-1.4622368742659986,-1.29,-0.67,-0.46,0.47,-0.5,0.0
3.2724338769025696,0.95,0.83,0.24,-0.99,0.56,0.0
0.5894798723807826,0.12,-0.13,-0.06,0.15,-0.17,0.0
-0.4028701476860408,-0.08,-0.28,0.01,-0.1,0.13,0.0
-0.47822192023213583,-0.17,-0.51,-0.13,0.89,-0.53,0.0
-1.5521160545165835,-1.13,-0.37,-0.29,0.55,-0.63,0.0
1.5765865068019913,0.76,0.36,0.24,-0.3,0.27,0.0
-2.180208539131734,-0.19,0.0,0.51,-0.69,0.46,0.0
0.9065517816142954,0.02,-0.1,0.15,0.18,-0.36,0.0
1.4975934483579145,0.44,0.43,0.02,-0.15,0.03,0.0
0.8483353508055735,0.29,0.74,0.53,-0.31,0.07,0.0
3.913691454079471,1.66,0.59,0.09,-0.39,0.22,0.0
0.35202663655624633,0.28,0.13,0.04,-0.41,0.12,0.0
-1.1924702948980404,0.51,-0.34,-0.13,0.14,0.06,0.0
-0.39061816539911476,0.02,-0.05,0.13,-0.16,0.13,0.0
0.0,0.14,0.67,-0.06,0.0,-0.1,0.0
3.0650479398686814,0.31,-0.21,-0.16,0.35,-0.16,0.0
-1.7981275163071464,-0.9,-0.87,-0.04,0.62,-0.66,0.0
1.3380545147679612,0.57,0.32,0.11,-0.49,0.45,0.0
3.5787185988831016,1.57,0.23,0.36,-0.13,0.02,0.0
1.811529176021498,0.08,-0.19,-0.08,0.22,-0.05,0.0
-0.4941559508849891,-1.04,-0.41,-0.04,0.86,-0.4,0.0
1.7881131196495037,0.36,-0.22,0.38,0.19,-0.01,0.0
-2.017023998046985,-1.05,-0.66,-0.59,0.49,-0.31,0.0
1.8925315013920585,0.71,1.01,0.2,-0.21,0.33,0.0
6.67969720859396,0.14,0.27,-0.11,-0.05,-0.18,0.0
0.21377746177186907,-0.14,0.12,0.05,0.64,-0.34,0.0
0.3047751847640834,0.19,-0.17,0.2,-0.04,0.13,0.0
-1.7624517602143341,-0.42,0.14,0.14,0.5,-0.12,0.0
2.0725124554652696,0.38,0.16,0.07,-0.37,0.46,0.0
2.1211840163811058,0.9,0.47,0.23,-0.6,0.43,0.0
-1.5431234545942751,-0.23,0.08,0.18,0.04,-0.29,0.0
1.567308966867964,-0.23,1.23,0.12,-0.7,0.33,0.0
-3.590489712864142,-0.25,-0.04,-0.07,0.41,-0.42,0.0
0.030664520904633008,0.31,0.48,-0.06,-0.35,0.41,0.0
0.12306688674592614,0.47,0.11,0.35,-0.37,0.2,0.0
-0.7374631718850222,-1.06,-0.41,0.53,0.74,-0.67,0.0
-3.7771017425497933,-0.29,0.25,0.38,0.28,-0.13,0.0
-0.4182074508720768,-0.93,-0.7,0.89,1.39,-0.56,0.0
-1.8093933029003528,0.15,-0.32,0.21,0.16,0.1,0.0
-0.8227851867799063,-0.96,-0.89,0.24,0.67,-0.04,0.0
-0.36486957597411385,0.31,0.16,-0.16,-0.15,0.19,0.0
-2.9637556638496765,0.04,-0.38,0.36,0.61,-0.31,0.0
0.27462343967596947,0.09,0.04,0.18,0.12,-0.12,0.0
1.2319176467987525,-0.33,-0.27,0.4,0.25,-0.28,0.0
11.325361900523312,-0.32,0.66,0.11,-0.04,0.19,0.0
-2.216910516603765,-0.57,-0.61,0.63,0.82,-0.15,0.0
-0.7142535752951651,-0.12,-0.16,0.53,0.42,0.16,0.0
0.7193918573567215,0.83,0.8,-0.73,-0.62,0.27,0.0
-1.8011968806962764,-1.5,-1.07,0.68,1.09,-0.58,0.0
0.18964658971774018,0.15,-0.55,-0.57,-0.39,-0.06,0.0
-3.093424945200207,-1.03,-0.28,0.63,0.64,-0.03,0.0
1.824143831448466,-0.39,-0.67,0.14,0.64,-0.13,0.0
3.7427432474762545,1.1,0.91,-0.68,-0.55,0.08,0.0
-0.493269074143321,-0.09,-0.57,0.27,0.39,-0.1,0.0
1.1464986275938616,0.67,0.89,-0.45,-0.65,0.15,0.0
-0.9190520682918701,0.14,0.17,-0.28,-0.38,0.27,0.0
-2.349955101879264,0.36,-0.4,0.21,0.32,0.06,0.01
-0.9183951015235947,-0.75,-0.72,0.75,0.73,-0.25,0.01
1.598049398792667,-0.2,-0.02,0.01,0.23,0.47,0.01
-1.2582720057875751,-1.63,-0.18,0.48,-0.21,0.01,0.01
-5.129021061771399,-1.59,-0.77,0.79,0.66,-0.38,0.01
1.7459941405337576,0.02,-0.33,0.01,0.39,-0.04,0.01
4.026479206738842,1.39,0.67,-0.41,-0.58,0.22,0.01
-1.6180028511080136,-0.29,-0.26,0.07,0.9,-0.95,0.01
-2.0639437314953546,-1.18,-0.46,0.35,0.68,-0.29,0.01
1.547586810570345,0.1,-0.02,0.14,0.2,0.07,0.01
-0.1944497341250795,1.4,0.37,-0.1,-0.6,0.15,0.01
0.2923526328815429,0.3,0.04,-0.51,-0.61,0.14,0.01
2.8183503244340935,1.34,0.68,-0.72,-0.82,-0.02,0.01
-3.245113210564532,-0.38,-0.25,0.23,-0.07,-0.01,0.01
0.29301243929280574,0.79,0.93,-0.27,-0.42,-0.01,0.01
0.9091066300793038,-0.32,-0.42,-0.3,-0.14,0.13,0.01
2.7992421992234506,0.03,0.18,0.13,0.11,-0.1,0.01
3.442878924878112,0.84,0.07,-0.47,-0.54,-0.04,0.01
4.871449196378208,-0.05,-0.42,0.36,0.47,-0.21,0.01
-0.8944964596981797,0.33,0.47,-0.23,-0.12,-0.02,0.01
-0.6695187470224906,-0.86,-0.35,0.35,0.48,-0.08,0.01
1.0843287876775687,0.48,0.08,0.16,0.05,-0.18,0.01
3.972157053872505,0.3,0.53,-0.38,0.02,-0.09,0.01
-0.5576180364666894,1.09,0.23,-0.27,-0.01,-0.14,0.01
-1.2059241193741022,-0.45,-0.12,0.39,0.79,-0.32,0.01
1.5043656004651185,0.73,0.38,-0.02,-0.01,-0.06,0.01
1.6499442512049267,-0.48,-0.4,0.04,-0.12,-0.16,0.01
-1.788159403462819,0.34,1.14,-0.27,-0.65,0.46,0.01
0.47620012563578396,0.53,0.06,-0.55,-0.69,0.26,0.01
-0.7805934385072821,0.3,0.4,-0.47,-0.4,-0.09,0.01
-0.2809965997847885,0.19,-0.47,-0.11,-0.13,-0.15,0.01
-0.8172088051039972,-0.67,0.26,0.37,0.48,-0.49,0.01
3.267120377238708,0.36,0.52,0.26,-0.22,0.22,0.01
2.1733078215243617,0.35,-0.53,0.03,-0.11,-0.07,0.01
1.5347509727309916,-0.51,0.14,0.08,-0.36,0.15,0.01
0.7955034151277518,0.66,0.39,-0.07,0.09,-0.18,0.01
-2.8675983937960448,-1.37,-0.44,0.45,0.08,0.03,0.01
0.9479835821943228,-0.37,0.34,0.0,-0.4,0.28,0.01
0.053655386521955784,0.14,-0.09,0.35,0.58,-0.36,0.01
0.6436685847605261,-0.71,-0.57,0.38,0.46,-0.27,0.01
1.3588440997500228,0.63,0.61,-0.24,0.12,-0.23,0.01
1.6823432432034213,0.5,0.54,-0.63,-0.34,-0.05,0.01
0.1810357522232353,0.06,0.25,0.59,-0.69,-0.38,0.01
-0.2063834440268031,1.48,0.44,-0.09,-0.61,0.43,0.01
0.3103079088275118,0.39,0.32,-0.32,-0.35,0.39,0.01
1.4952382504076045,-0.11,-0.14,0.09,0.31,0.07,0.01
3.2257185179920267,0.69,0.14,0.12,-0.03,-0.11,0.01
-2.5098554096530834,-1.05,-0.51,0.36,0.32,0.11,0.01
-1.4133826819739514,-0.8,-0.36,0.61,0.54,-0.17,0.01
-1.203276415725263,0.23,0.16,-0.43,-0.13,-0.2,0.01
-0.7773835794108952,-0.23,-0.01,0.28,0.15,-0.11,0.01
3.812918744178284,-0.75,-0.44,-0.3,-0.29,-0.03,0.01
13.157254763848968,-0.92,0.13,-0.32,0.59,-0.01,0.01
1.1561210063128158,0.45,0.27,0.0,0.38,0.1,0.01
4.945098432501971,0.51,-0.08,-0.76,-0.29,-0.19,0.01
-0.6911289085355876,-0.92,0.1,-0.45,0.15,0.24,0.01
0.10546456840625495,0.11,0.53,-0.04,0.06,-0.2,0.01
0.9900059911301051,0.37,0.58,0.07,-0.98,0.49,0.01
-1.1055156137756983,-1.0,-0.44,0.66,0.44,-0.26,0.01
0.29531623125045314,-0.03,0.74,0.53,-0.01,0.03,0.01
0.883264813847151,1.36,-0.55,0.68,0.16,-0.38,0.01
4.857214354133599,1.38,0.18,-1.11,-0.74,-0.07,0.01
3.7574389768803895,0.13,-0.36,-0.09,-0.22,0.28,0.01
0.40237256018984535,0.18,-0.48,0.24,-0.01,0.02,0.01
0.09542627478276167,0.06,0.42,-0.06,0.02,-0.2,0.01
2.00192004384514,-0.01,-0.17,-0.01,-0.14,-0.13,0.01
3.3832487747122997,1.17,0.49,-0.05,0.39,-0.24,0.01
-1.5549974556364088,1.51,-0.52,0.25,0.72,0.08,0.01
0.49593056037759986,0.44,0.16,-0.39,-0.05,0.21,0.01
-0.6213794692498387,-0.13,-0.27,0.03,-0.23,0.09,0.01
-0.606764741246768,0.05,0.71,-0.07,-0.19,-0.03,0.01
1.2950952682780903,-0.01,0.58,0.31,0.39,-0.26,0.01
1.0045170743727017,0.9,0.11,-0.23,-0.18,0.06,0.01
0.361637644298729,0.85,0.01,-0.16,0.4,-0.01,0.01
-0.46838548383145717,0.07,0.24,-0.26,-0.55,0.01,0.01
-0.5431928630401317,-0.66,-0.22,0.29,-0.32,0.22,0.01
-0.07277545426237486,0.63,0.27,-0.13,-0.48,0.31,0.01
0.8925413568826812,0.06,-0.22,0.07,-0.23,0.1,0.01
-0.3970955249538832,-1.12,-0.09,0.74,0.26,-0.13,0.01
11.201684456244143,0.61,0.52,0.46,-0.03,0.11,0.01
-0.13043399105144848,0.06,0.37,0.35,0.15,-0.28,0.01
4.537294280480841,0.47,0.28,0.13,-0.3,0.07,0.01
0.78069263944609,0.12,0.2,0.19,-0.13,0.13,0.01
6.026295073503829,-0.21,0.81,-0.16,-0.24,-0.14,0.01
-2.031054314850622,-0.37,0.2,0.17,0.23,-0.13,0.01
1.1037408245385905,1.48,-0.05,-0.77,-0.31,-0.08,0.01
-3.805856643459149,-0.07,0.01,-0.63,-0.4,0.2,0.01
-3.8797827930690976,0.04,-0.17,0.09,-0.22,0.22,0.01
4.945821391036742,-0.13,-0.4,0.03,-0.32,0.21,0.01
-4.393458539771444,-1.16,-0.88,0.37,0.18,-0.06,0.01
0.6200642912124854,0.46,0.4,-0.43,0.5,-0.6,0.01
1.1220541782955173,0.44,-0.78,0.16,0.11,-0.09,0.01
1.8128049099781274,-0.01,0.51,0.15,-0.05,0.07,0.01
-0.3684600896523338,0.86,0.04,-0.12,-0.09,-0.17,0.01
0.5854899029139604,0.45,0.5,-0.16,-0.08,0.06,0.01
-0.04598234930415224,0.33,0.39,0.46,-0.37,0.16,0.01
2.053347130932748,-0.29,-0.48,0.28,0.24,0.21,0.01
-2.4174238336922227,-0.56,0.57,0.4,-0.05,0.18,0.01
-3.492870812255855,-0.12,-0.56,0.33,0.32,0.11,0.01
1.5465522787714514,0.92,0.29,-0.05,-0.02,0.09,0.01
0.09420640295236815,0.39,0.01,-0.16,0.0,-0.07,0.01
0.4078518447762747,0.09,0.2,-0.22,-0.03,-0.12,0.01
-1.3279445548218916,-0.45,-0.26,0.0,-0.32,0.21,0.01
1.6148976855547614,0.83,0.77,-0.19,0.08,-0.31,0.01
0.40518147730495,0.01,-0.08,0.03,-0.03,-0.07,0.01
0.558684407829646,0.04,-0.01,-0.01,-0.14,0.1,0.01
-0.6173252604233737,-0.14,-0.01,0.2,-0.05,0.11,0.01
-1.7235519010706524,-0.97,-0.63,-0.05,0.35,-0.01,0.01
1.0269991898358866,-1.3,-0.51,0.44,0.83,-0.48,0.01
0.8758238259241047,-0.51,-1.14,0.02,0.04,-0.13,0.01
0.07754306018576962,0.34,-0.03,0.13,0.52,-0.12,0.01
7.281109203029423,-0.22,-0.84,-0.1,-0.15,-0.02,0.01
-0.4187433841312149,0.42,0.29,0.12,0.0,-0.23,0.01
-6.380540811976488,-0.68,-0.29,0.37,0.88,-0.17,0.01
1.394078302565016,0.38,-0.09,-0.09,-0.22,0.12,0.01
6.6300475510106205,-0.77,0.24,0.39,0.05,0.01,0.01
0.5730472034180423,0.66,0.5,0.04,-0.19,0.15,0.01
0.6409779483066202,0.97,0.19,-0.23,-0.08,-0.12,0.01
-1.089885634022325,-0.97,-0.06,0.44,0.45,-0.29,0.01
0.8300047631989216,-0.77,-0.14,0.0,0.3,0.26,0.01
0.04256893420047092,-0.56,0.35,0.15,-0.19,-0.11,0.01
0.38299122007288133,-0.49,-0.68,0.61,0.52,-0.12,0.01
1.8231201783529327,0.34,0.11,-0.43,0.1,-0.14,0.01
0.27764782727661697,0.62,0.95,-0.16,-0.37,-0.04,0.01
0.5397293530113867,0.08,0.1,0.13,-0.01,0.13,0.01
1.8446955440860835,-0.3,-0.25,0.17,0.25,-0.04,0.01
3.947021165572173,0.97,0.85,0.14,-0.21,-0.11,0.01
0.8192493038619242,0.69,0.02,0.21,0.56,-0.14,0.01
2.7086165692757236,0.36,0.29,0.12,0.17,0.16,0.01
-2.285555295325503,-0.27,-0.1,0.34,0.06,0.01,0.01
1.323754916687947,1.12,0.1,-0.46,-0.36,-0.02,0.01
0.12682751921218038,-0.11,0.09,-0.07,-0.11,0.12,0.01
2.482914373275924,0.08,0.23,-0.12,-0.11,0.09,0.01
-2.6699750612610207,-1.0,-1.1,0.77,0.12,-0.25,0.01
-0.48255264655835406,0.35,-0.31,0.09,0.14,-0.39,0.01
3.637059032994716,0.77,0.38,-0.3,-0.48,0.29,0.01
4.211242562309003,0.09,-0.03,0.14,0.06,0.09,0.01
4.466539047507956,0.28,-0.38,0.0,-0.12,0.17,0.01
1.945422778211725,0.07,0.51,0.35,-0.03,-0.14,0.01
-2.5739778160928095,-0.79,-0.32,0.21,0.12,0.02,0.01
-1.1388260166049213,0.01,-0.14,-0.06,0.16,0.14,0.01
-1.7509756666891585,-1.47,-0.35,-0.12,-0.05,-0.06,0.01
3.447051631208531,0.53,-0.11,0.15,0.25,-0.08,0.01
0.7933711213200523,0.83,0.24,-0.25,0.3,-0.2,0.01
0.06748227037209897,0.97,0.48,0.35,0.2,-0.17,0.01
0.8203004576212702,-0.61,0.23,0.05,0.41,0.16,0.01
-0.8024797410813744,0.58,0.05,0.17,-0.19,0.42,0.01
-0.8539809345743943,-0.01,-0.14,-0.02,0.38,-0.07,0.01
-5.281003098963033,-0.01,0.16,0.51,0.44,-0.02,0.01
2.440767766959162,0.89,0.02,0.24,0.37,-0.16,0.01
-0.1401171539477275,0.27,-0.45,0.15,-0.35,0.13,0.01
-5.193031600952914,-0.54,-0.37,0.0,0.26,-0.19,0.01
-2.911423365803434,-0.96,0.0,-0.1,-0.18,0.58,0.01
1.2198132607607715,0.01,-0.84,-0.13,0.02,0.11,0.01
1.10469951109482,-0.55,0.61,0.41,0.17,0.08,0.01
0.12415052436771656,0.61,-0.26,0.17,-0.51,0.11,0.01
1.5873100371969873,-0.67,0.18,0.34,0.0,0.05,0.01
0.5370485059353669,-0.84,0.25,0.23,0.03,-0.1,0.01
2.5984770154661607,0.19,0.1,0.48,-0.16,0.14,0.01
1.680425529552898,-0.14,-0.3,0.03,0.31,-0.17,0.01
1.7225372663422833,-0.38,0.25,-0.23,-0.4,0.1,0.01
-1.990834788800111,-0.92,0.62,-0.13,0.02,0.15,0.01
-0.6537262143645806,-0.12,-0.97,-0.52,-0.07,-0.07,0.01
-0.1175446864579821,0.01,0.51,-0.09,-0.06,0.06,0.01
0.07058362284122488,0.16,-0.21,0.0,0.28,-0.07,0.01
-1.8340573480193134,-0.86,-0.87,0.14,0.15,0.01,0.01
2.514997732203539,1.35,0.16,-0.18,-0.07,0.01,0.01
-2.6401794320505156,-0.01,0.07,0.64,0.03,0.26,0.01
-1.871842945056812,-0.64,0.1,0.42,0.38,-0.08,0.01
0.489188976120003,0.29,-0.01,0.16,-0.01,-0.31,0.01
1.9468433299750343,0.4,-0.22,-0.29,0.31,-0.06,0.01
1.0504315904327433,0.22,-0.03,0.05,-0.02,-0.04,0.01
2.9057100633888,0.57,-0.09,-0.24,-0.4,0.29,0.01
0.41326921774864633,-0.88,-0.49,0.03,-0.07,0.11,0.01
-4.16097492531976,-0.09,-0.58,0.12,0.32,-0.07,0.01
1.7652244887432333,0.56,0.19,-0.05,0.06,-0.04,0.01
-3.7974639905535845,-1.22,-0.37,-0.11,0.31,0.03,0.01
-9.210508856832178,-1.1,-0.62,-0.14,0.18,-0.22,0.01
-5.126112320427223,-1.59,-0.27,-0.36,-0.11,-0.36,0.01
0.763808117961684,0.29,0.39,0.17,0.34,-0.28,0.01
4.126858402482747,0.75,0.83,0.11,-0.48,0.05,0.01
-4.259937369369937,-1.35,-0.29,0.09,-0.37,0.14,0.01
4.702915797720397,1.87,0.33,-0.6,-0.26,0.07,0.01
-4.518563356424698,-0.83,-0.75,0.46,0.53,0.02,0.01
4.169026372497853,0.93,0.13,0.04,0.06,-0.1,0.01
-2.136272400339545,-0.87,-0.53,-0.02,-0.08,-0.15,0.01
-0.663123258266296,0.3,-0.49,-0.16,0.4,-0.02,0.01
-1.1404936327018111,-1.2,-0.93,0.42,0.07,0.25,0.01
1.463114954862088,1.04,-0.41,-0.05,-0.16,-0.14,0.01
1.0260483613086846,0.52,0.55,0.07,0.32,-0.37,0.01
-0.6039058081949378,-0.04,-0.08,-0.36,-0.12,0.1,0.01
2.5959782748774085,1.28,0.34,0.39,-0.58,0.02,0.01
-1.265183664442604,-0.19,0.32,-0.29,0.25,-0.23,0.01
1.5267884495370199,-0.03,0.29,0.11,-0.32,0.21,0.01
-0.7250327571182935,0.61,0.37,0.05,0.09,0.02,0.01
-1.4876850171830491,-1.03,-0.21,0.05,-0.06,0.34,0.01
-2.2240380466017617,0.39,-0.39,-0.09,0.27,-0.17,0.01
-4.156134747692153,-1.02,-0.33,-0.65,-0.46,0.24,0.01
1.8751803696346103,-0.5,-0.26,-0.62,-0.35,0.0,0.01
2.243303179737133,1.03,0.52,-0.22,0.44,-0.19,0.01
-0.5344831229655567,0.66,-0.15,0.31,0.21,-0.13,0.01
1.357489867893058,1.15,0.97,-0.4,0.09,0.06,0.01
4.771181158600579,0.47,-0.06,-0.01,-0.17,0.09,0.01
0.0,-0.13,-0.09,0.21,-0.28,0.32,0.01
5.885511136139776,0.43,0.22,-0.01,0.05,-0.2,0.01
-0.1509255373366991,0.05,-0.03,0.03,-0.24,0.1,0.01
0.20149483637568188,-0.44,-0.53,0.2,0.22,0.02,0.01
2.4133056300905675,0.74,0.66,0.07,-0.29,0.01,0.01
-0.4418850993370915,0.18,0.15,0.3,0.06,-0.13,0.01
-1.9723239613155363,-0.49,0.47,0.32,-0.12,0.14,0.01
1.3581498890426813,0.9,0.19,0.06,0.11,-0.12,0.01
-0.6451551815643719,0.24,0.1,-0.25,0.02,0.16,0.01
-4.495567033540859,-0.67,-0.12,0.5,0.23,0.17,0.01
-0.8367311003734113,0.14,0.33,0.12,0.32,-0.18,0.01
-3.639294442914054,-0.03,0.18,0.06,0.29,-0.03,0.01
1.0399173444219478,-0.28,-0.34,0.31,-0.08,0.33,0.01
1.9773279571906777,0.59,0.31,0.0,-0.38,-0.33,0.01
-4.887117512502758,-0.21,0.17,0.43,-0.08,0.07,0.01
0.251309939601696,0.28,0.19,0.09,0.07,-0.03,0.01
0.27851483115006737,0.32,0.51,0.46,0.2,-0.02,0.01
3.138857390810834,0.22,0.3,0.13,0.2,0.09,0.01
2.289301804164645,0.46,0.61,-0.3,-0.25,-0.21,0.01
0.8688634770488646,0.36,-0.52,0.24,-0.04,-0.03,0.01
-1.8271873213803413,-0.07,-0.3,0.08,0.03,-0.04,0.01
0.6647403731119272,-0.18,0.08,-0.02,-0.33,0.09,0.01
1.8225210494808408,0.05,0.31,0.03,0.1,0.03,0.01
0.8819582180066066,-1.07,-0.38,0.24,-0.09,-0.1,0.01
-2.905682697045575,-0.72,0.04,0.17,-0.07,-0.39,0.01
-1.7478203431133932,-0.07,-0.03,0.56,0.52,-0.31,0.01
0.566011294941271,1.05,1.02,-0.51,-0.02,0.17,0.01
-2.5194197750274205,-0.07,0.35,0.05,0.1,0.07,0.01
1.2097491180130815,-0.63,0.23,0.25,-0.03,0.11,0.01
-0.8421760086524066,0.32,0.19,0.34,0.38,-0.09,0.01
4.054828712002245,0.92,0.6,-0.18,0.2,-0.31,0.01
-1.5534384371278853,-0.73,0.1,0.08,-0.25,0.07,0.01
0.6419046523576277,0.26,-0.09,-0.22,0.09,-0.09,0.01
1.6475521742460142,1.2,0.72,-0.58,-0.25,-0.04,0.01
-0.39211060942214715,0.69,0.74,-0.16,-0.09,-0.05,0.01
0.36740568934752194,0.2,-0.28,-0.03,0.01,-0.08,0.01
0.2876971278309881,0.01,-0.41,0.06,-0.08,0.1,0.01
6.258143996006704,0.15,-0.77,-0.43,-0.49,-0.02,0.01
1.963244089379157,0.12,-0.04,0.0,-0.11,0.02,0.01
-0.14440439429411756,-0.55,-0.2,0.1,-0.13,0.23,0.01
4.09734908012771,0.75,0.81,-0.17,-0.1,-0.09,0.01
1.0186936590576234,0.54,0.8,-0.36,0.13,-0.04,0.01
-0.77925092608645,-0.74,-0.65,0.17,-0.49,-0.3,0.01
1.640129236604948,0.57,0.99,0.48,0.51,-0.1,0.01
-0.4318109528035019,-0.47,-0.49,0.15,-0.06,-0.07,0.01
-0.4109288641780062,0.21,0.26,0.23,-0.35,0.35,0.01
0.8251122595981153,0.42,-0.37,-0.07,-0.06,-0.05,0.01
-0.431864214915223,0.67,0.52,-0.25,0.19,-0.2,0.01
-2.625592583077341,-0.66,0.26,0.12,-0.17,-0.01,0.01
0.234519643862674,0.15,0.28,-0.13,-0.13,-0.17,0.01
1.0292247960099532,0.7,0.0,0.07,-0.26,-0.01,0.01
0.06942835815277881,-0.02,-0.7,-0.02,-0.31,0.05,0.01
-1.1799966174399046,-0.82,-0.78,0.4,-0.09,0.03,0.01
0.6556002425288199,-0.81,-0.34,-0.03,-0.23,0.19,0.01
-0.7909160505789825,-0.32,0.01,0.2,0.45,0.03,0.01
2.7432852395960605,0.55,-0.54,-0.05,-0.28,-0.02,0.01
-1.004084313910636,-0.13,0.09,0.15,0.35,-0.19,0.01
1.4292155743264923,0.71,0.17,-0.08,-0.2,-0.17,0.01
4.772721544539005,-0.56,-0.33,0.12,0.11,0.0,0.01
3.427294211415921,0.31,0.45,-0.14,-0.19,-0.03,0.01
-2.9991046627563245,-1.22,-0.46,0.18,-0.3,0.04,0.01
1.9459297888064109,0.05,-0.08,-0.07,-0.63,0.3,0.01
-1.8027935248815852,-0.15,-0.38,0.1,0.09,-0.01,0.01
-1.0151098495436606,0.07,0.15,0.17,0.2,0.08,0.01
0.08725892240044608,0.19,0.49,0.15,0.01,0.14,0.01
-0.2833940808557034,-0.31,-0.04,-0.02,-0.36,0.13,0.01
0.06562727842320815,-0.56,0.48,0.16,-0.02,0.02,0.01
0.6335756904799261,0.21,0.12,0.2,-0.13,0.08,0.01
-0.6947581092651811,-0.66,-0.62,-0.09,-0.26,0.11,0.01
0.2186330373211698,0.65,0.35,-0.23,0.1,-0.01,0.01
1.592481258945866,-0.31,0.04,0.35,-0.13,0.19,0.01
0.687175380666627,1.12,0.73,-0.06,0.23,-0.39,0.01
-1.3435837410591733,0.13,0.11,0.26,0.41,-0.13,0.01
-0.08646500092153175,-0.36,-0.34,0.01,-0.13,0.02,0.01
5.58195217614601,1.22,0.27,-0.45,0.15,-0.11,0.01
-0.24586937254928998,0.3,0.14,-0.16,0.02,0.04,0.01
2.25961893727189,-0.4,-0.11,-0.1,-0.09,0.09,0.01
3.0735554586378777,0.73,-0.06,0.12,0.19,-0.12,0.01
0.17540070563111243,0.0,0.45,-0.24,-0.24,-0.16,0.01
-1.1283955218975072,-0.76,-0.26,0.16,-0.38,0.01,0.01
-2.3809480978108533,-0.44,-0.59,0.47,0.27,0.11,0.01
0.5240509643508862,-0.02,-0.21,0.3,0.14,0.04,0.01
2.6870639452051925,0.72,0.23,-0.07,0.2,-0.03,0.01
2.792384660904701,-0.55,-0.1,0.23,0.29,-0.22,0.01
1.0448425566520925,-0.78,-0.16,0.11,-0.51,0.04,0.01
-2.0304883375491745,-1.03,-0.47,0.28,0.61,-0.13,0.01
-0.4030208101560073,0.3,-0.08,-0.24,0.59,-0.15,0.01
2.5048561490069954,0.15,0.5,0.14,-0.53,0.06,0.01
1.203013698220734,0.12,0.59,0.0,0.07,-0.19,0.01
-0.7429624323950446,-0.02,-0.1,-0.1,-0.08,-0.17,0.01
-4.416152866749901,0.06,-0.54,0.21,-0.04,0.15,0.01
2.466713522141384,0.92,0.23,0.06,-0.3,-0.01,0.01
2.426469058217373,0.2,0.22,-0.22,-0.4,0.25,0.01
1.5482259998463643,0.0,0.47,0.02,-0.12,-0.05,0.01
-1.267454949322755,-0.96,0.12,-0.14,-0.45,0.18,0.01
-1.8046759371759702,-1.62,-1.12,-0.17,-0.25,-0.17,0.01
-2.046209094287732,-0.56,-0.41,0.1,0.05,-0.11,0.01
-0.7737385721736767,0.42,0.38,0.27,0.22,-0.11,0.01
-1.8128173811535198,-0.73,-0.11,-0.2,-0.11,-0.13,0.01
2.422049514044189,-0.33,-0.87,0.16,0.83,-0.18,0.01
-4.535728822742224,-0.79,-0.63,0.06,0.08,0.02,0.01
9.116747862127283,-0.09,0.29,-0.51,-0.81,-0.09,0.01
0.48374717337080764,0.91,0.53,-0.11,-0.02,-0.17,0.01
-1.0370187822559385,0.3,-0.28,0.0,0.23,-0.14,0.01
-2.301630736746463,-1.03,-0.15,-0.07,-0.51,0.24,0.01
5.228884657833821,1.45,0.4,-0.12,-0.04,-0.42,0.01
2.184217523183185,-1.45,-0.07,-0.38,-0.27,0.0,0.01
-0.8549989496510091,0.32,0.42,0.28,0.1,-0.31,0.01
2.0301692808701644,1.69,0.27,0.23,0.13,-0.07,0.01
-1.2150352005840137,-0.31,-0.23,0.08,0.54,-0.21,0.01
1.6578091469006795,-0.46,-0.21,0.2,-0.31,0.08,0.01
-2.8406120859884476,-1.25,-1.02,0.4,-0.22,0.3,0.01
-1.6964577969807215,1.55,-0.01,0.29,0.54,0.1,0.01
5.727920997877001,0.97,0.8,0.05,-0.3,-0.07,0.01
-0.15631522336898573,-0.27,-0.16,0.27,-0.15,-0.35,0.01
4.2608874421886656,1.15,0.86,-0.01,-0.08,-0.06,0.01
3.1693155037276988,0.43,-0.1,-0.15,-0.06,-0.27,0.01
-1.131730813845977,0.01,-0.01,-0.24,-0.29,0.07,0.01
-1.5045521697687803,0.25,0.23,-0.05,-0.13,0.03,0.01
-0.5478904393345974,-0.37,-0.32,-0.02,0.02,-0.02,0.01
0.3506012610895448,0.15,0.26,-0.01,-0.01,0.09,0.01
1.7800570944491945,0.8,-0.16,-0.5,-0.15,-0.28,0.01
0.5884606616240351,0.27,-0.02,-0.14,0.13,-0.22,0.01
-0.1462819655935088,-0.1,-0.3,0.08,-0.08,0.08,0.01
1.3506983928620153,-0.49,-0.69,-0.17,-0.02,-0.12,0.01
4.287117000598961,0.11,-0.36,0.0,0.19,-0.22,0.01
-0.6620124959563101,1.06,0.68,-0.13,-0.39,0.05,0.01
0.06191416035987718,0.43,0.31,-0.21,-0.02,0.11,0.01
0.6196081430096756,0.6,0.42,-0.35,0.15,-0.27,0.01
2.401479938705897,0.48,0.0,0.0,0.33,-0.01,0.01
0.8869928843261654,0.31,-0.29,0.19,-0.07,0.09,0.01
3.3228637003035466,0.18,-0.12,-0.08,0.13,0.0,0.01
0.4614906447054201,-1.01,-0.72,0.24,-0.14,0.14,0.01
-2.2394278436635773,0.01,0.31,0.25,0.21,0.08,0.01
-0.4111525403824534,-0.43,1.11,-0.14,-0.31,0.04,0.01
5.573562691049072,1.27,0.54,0.05,0.0,0.1,0.02
1.4385549742707449,0.05,0.08,-0.1,0.09,0.0,0.02
-1.115250546641544,-0.3,-0.17,0.01,0.32,-0.17,0.02
3.104960168140458,0.12,0.05,0.03,0.04,-0.13,0.02
-0.13506370033958826,-0.49,-0.12,0.04,-0.14,0.09,0.02
0.17581705480256282,-0.03,0.3,0.06,0.0,0.0,0.02
0.3374742102869588,0.27,0.2,0.06,-0.25,0.2,0.02
0.780345763664636,0.1,0.08,-0.09,0.15,0.07,0.02
0.09338803183556177,0.44,-0.55,-0.18,0.35,-0.26,0.02
-3.9610260936111086,0.34,-0.17,0.05,0.62,-0.06,0.02
0.23603894394179648,-0.23,-0.58,-0.39,-0.14,0.08,0.02
-1.4823508265533247,-0.29,0.02,-0.07,-0.2,0.01,0.02
0.37967409871839664,-0.73,-0.77,0.26,0.16,-0.09,0.02
1.0227083143538707,-0.02,-0.01,0.02,0.15,-0.04,0.02
1.92756319680083,0.34,0.7,-0.31,-0.1,-0.05,0.02
0.7075090336813528,0.45,0.11,-0.05,-0.41,0.15,0.02
-0.9051678261978058,0.08,0.27,-0.01,-0.09,0.1,0.02
1.1997320850868354,-1.0,-0.44,0.16,-0.21,0.13,0.02
-0.8891024124533464,0.19,0.38,0.09,0.08,-0.09,0.02
-2.8816292032178503,-0.27,0.01,0.24,-0.14,0.07,0.02
0.6158009400958564,-0.5,-0.15,0.24,-0.09,0.08,0.02
3.9783022604723772,1.5,-0.12,0.16,0.17,-0.31,0.02
0.2943341630757601,0.46,0.31,0.02,-0.44,0.31,0.02
-0.7869493692549967,0.03,0.25,-0.1,-0.54,0.2,0.02
2.581297467610333,0.93,0.09,-0.25,-0.04,0.14,0.02
-0.32768640126961124,0.45,0.52,-0.18,0.04,-0.05,0.02
6.324794633743247,0.05,0.6,0.03,-0.13,-0.1,0.02
3.759611534303242,0.28,-0.27,-0.09,-0.36,0.13,0.02
0.46483237684755707,-0.65,0.08,0.02,-0.15,0.08,0.02
1.5423037130162687,0.16,0.16,0.09,0.02,-0.03,0.02
-1.0281985789253656,-0.4,-0.25,0.19,0.41,-0.26,0.02
-2.6206856942402768,-0.35,0.39,0.28,-0.3,0.22,0.02
-4.182317349591536,0.62,0.95,-0.1,0.01,0.13,0.02
-3.7322867622476608,-1.81,0.47,0.5,0.36,0.27,0.02
2.0765547309877563,0.18,0.26,0.4,0.34,-0.19,0.02
-2.0986801137659272,0.45,1.03,0.07,-0.08,-0.03,0.02
-2.4197532929298826,-0.23,-0.01,-0.08,-0.07,-0.1,0.02
-2.5202341270419426,0.8,0.86,0.0,0.02,-0.06,0.02
-0.414771483311982,0.67,-0.17,-0.18,0.07,-0.3,0.02
4.123304806679706,0.11,-0.18,0.22,0.12,-0.04,0.02
0.6799924828041259,-0.21,0.55,-0.03,-0.1,-0.33,0.02
-0.1192185478962271,0.14,0.09,-0.01,-0.36,0.4,0.02
-4.402016274984444,-0.88,-0.26,-0.07,0.21,0.02,0.02
-0.3467088296358001,-0.51,0.24,0.01,-0.01,-0.01,0.02
-6.332651960445334,0.1,0.39,0.51,0.32,0.02,0.02
0.4457951383524117,-0.92,-0.57,-0.21,-0.42,0.4,0.02
1.7899192710023826,0.77,-0.31,-0.11,-0.18,0.38,0.02
-5.609644399228353,-0.19,-0.2,-0.26,-0.04,0.35,0.02
3.633574997218547,0.15,-0.4,0.0,-0.01,0.06,0.02
-3.862758520341014,-0.47,-0.5,0.18,0.03,0.16,0.02
4.5278539690129405,1.01,0.22,-0.12,-0.1,-0.02,0.02
2.3359832601068886,0.41,0.36,-0.49,-0.03,-0.09,0.02
1.9502727310835022,0.75,0.13,0.21,0.1,0.07,0.02
-0.39681828919341244,-0.16,0.02,0.32,0.08,0.17,0.02
-1.7214089529551724,-0.38,-0.14,0.1,0.55,-0.26,0.02
3.2426510527430175,0.73,0.03,-0.07,-0.33,-0.15,0.02
0.602845290664078,-0.29,0.17,-0.25,0.01,0.07,0.02
-0.4040977049572625,0.19,0.37,0.18,-0.08,0.0,0.02
-0.6577433834074942,0.4,0.12,-0.35,-0.39,0.3,0.02
-3.5216238222349205,-1.1,-0.2,0.11,0.07,0.13,0.02
0.8906078651132354,0.9,0.62,-0.02,-0.35,0.35,0.02
0.7380300071535562,-0.16,-0.05,0.09,-0.01,0.02,0.02
-2.715082605813268,-0.15,-0.03,-0.04,0.11,0.02,0.02
-3.3077078483408795,-0.75,-0.28,-0.11,-0.18,-0.02,0.02
1.2675139381552292,-0.4,-1.09,0.07,-0.01,-0.21,0.02
-0.9802025131648628,0.14,-0.08,0.04,0.02,-0.04,0.02
-2.634786268787437,-0.5,0.03,0.27,0.09,0.14,0.02
-1.1575314401963244,0.69,0.4,0.04,0.23,0.08,0.02
3.9404785747929605,0.23,0.03,0.15,0.04,-0.11,0.02
2.496996031523935,1.0,0.03,0.01,0.1,-0.22,0.02
-1.6191523458871315,0.48,0.37,0.13,-0.17,0.37,0.02
-2.8989790095022117,0.11,-0.11,0.25,0.26,0.06,0.02
0.5442877017445502,0.18,0.08,-0.29,-0.07,-0.01,0.02
-1.036245987597395,-0.07,0.09,-0.31,-0.3,-0.15,0.02
-3.406793660373375,-0.69,-0.5,-0.05,0.37,-0.16,0.02
-0.22649650972486057,0.63,0.51,0.06,0.37,-0.15,0.02
-2.448513318838663,-0.18,0.58,0.02,0.3,-0.03,0.02
-0.3324295044168091,0.22,0.67,0.23,-0.17,-0.1,0.02
-0.75051085769402,-0.07,0.18,0.28,0.1,-0.06,0.02
-1.344308609750744,-0.61,0.26,-0.07,0.13,-0.14,0.02
6.165880581119931,0.87,0.8,0.08,-0.27,0.18,0.02
0.6738271429056919,-0.16,0.08,-0.21,-0.33,-0.22,0.02
-0.04779298094987894,-0.23,0.71,-0.03,-0.24,-0.04,0.02
-0.11156394089164579,0.08,-0.85,0.64,0.22,0.22,0.02
-2.362392911216127,0.54,-0.21,0.06,0.19,-0.28,0.02
9.874117367644564,0.42,0.05,0.27,0.01,0.07,0.02
5.9961927733188425,-0.14,0.16,0.04,-0.16,-0.14,0.02
-2.0353866859761593,-1.02,-0.14,-0.14,0.03,0.08,0.02
-1.6048421949029668,-0.02,-0.34,0.06,0.62,-0.11,0.02
-0.9902403362774592,-0.83,-0.66,0.02,0.26,-0.09,0.02
-1.8826277537492553,0.19,0.58,-0.04,-0.19,0.15,0.02
-0.3597724569251337,0.12,0.36,-0.13,-0.24,0.21,0.02
-2.497355843936233,-0.28,0.11,0.24,0.61,-0.23,0.02
2.1755952324367778,1.72,0.71,0.08,0.12,-0.01,0.02
-0.8607408693267815,0.32,0.88,-0.01,-0.02,-0.35,0.02
3.0159412115301487,0.01,-0.47,0.04,0.05,0.36,0.02
-0.8723703848503628,-0.1,-0.15,0.2,0.38,-0.19,0.02
-1.9242289814878744,-0.3,-0.46,0.01,-0.27,-0.09,0.02
0.6387899010185771,-0.44,0.4,0.01,-0.06,0.21,0.02
2.992295126133415,0.2,-0.15,0.29,-0.19,0.05,0.02
1.7754626753897051,0.24,-0.91,0.11,-0.28,0.13,0.02
1.4850485392382762,0.05,0.35,0.47,0.65,-0.13,0.02
-1.1223823811456146,-0.41,0.0,0.35,0.05,0.16,0.02
2.9023351906914074,0.54,0.25,0.51,0.31,0.18,0.02
-0.6701379369288496,-0.31,0.41,0.04,-0.11,0.2,0.02
-0.014113598938669814,0.37,0.54,-0.28,-0.14,0.11,0.02
1.0684597230103288,1.04,-0.24,-0.04,0.12,-0.06,0.02
0.0,-0.05,0.04,0.07,0.07,0.2,0.02
-1.196241930636166,-0.02,-0.13,0.14,0.09,-0.06,0.02
-0.6054185260262579,-0.2,-0.5,0.47,0.14,-0.2,0.02
-3.4702296461094795,-1.36,-1.04,0.29,0.43,0.06,0.02
-0.6603524329280352,-1.25,-0.79,-0.07,-0.2,0.29,0.02
0.13293667219149707,0.04,-0.94,-0.26,0.27,-0.02,0.02
-4.145129245634605,-0.13,0.12,0.39,0.09,-0.27,0.02
0.4309246930547683,-1.66,0.08,0.21,-0.24,0.12,0.02
-3.1872393726153025,-0.69,-0.34,0.18,-0.03,0.3,0.02
2.1050927636221406,0.38,0.13,0.02,-0.05,0.37,0.02
-1.751697466405433,-0.55,-0.71,0.3,-0.04,0.02,0.02
-0.36289610723135857,-0.44,0.07,-0.09,0.27,-0.24,0.02
0.3008849111910239,0.04,-0.13,-0.08,-0.15,0.03,0.02
1.5630168369252129,1.22,0.68,-0.07,0.07,-0.03,0.02
-1.2125236586666643,0.6,-0.09,-0.19,-0.11,0.03,0.02
-3.666356957250394,-1.65,-0.8,0.18,-0.12,0.17,0.02
-2.368548241115853,0.94,0.44,0.37,0.22,0.22,0.02
4.015409331652697,1.29,0.73,-0.14,-0.28,0.18,0.02
-0.8203351668993553,0.16,-0.02,0.18,0.11,-0.11,0.02
-2.69217003760035,-1.94,-1.19,0.26,-0.25,0.22,0.02
-0.46665151815272754,-0.28,-0.16,-0.02,0.32,0.06,0.02
-1.9424143779623648,-0.57,-0.01,-0.15,-0.43,-0.02,0.02
3.756817313311678,0.01,-0.21,0.07,0.37,-0.15,0.02
-2.5016434767824114,-0.44,-0.27,0.04,0.19,0.09,0.02
-3.781267644427233,-1.48,-1.23,0.29,0.37,-0.08,0.02
2.3333860753866453,-1.15,-0.47,-0.37,0.22,-0.05,0.02
-1.2344047767179123,0.46,0.13,-0.26,0.13,0.25,0.02
3.072376485809447,2.33,1.11,0.19,-0.34,0.04,0.02
-3.0650177388044764,-0.43,-0.71,-0.02,0.21,0.07,0.02
-0.6253937455239167,-1.01,-0.8,0.19,-0.35,0.17,0.02
0.4720318948132185,-0.06,-0.37,0.04,0.04,0.0,0.02
0.6786328384012164,1.11,0.75,-0.18,0.02,-0.09,0.02
2.9726582462485496,-0.52,0.22,0.12,0.37,-0.29,0.02
-1.2588363754217236,0.03,0.31,0.16,0.2,-0.31,0.02
0.27204251062860063,0.5,0.59,0.21,0.07,-0.09,0.02
-2.6445782369415527,-0.99,-0.69,0.31,0.34,-0.21,0.02
-2.4551416131307957,0.47,-0.34,0.15,0.21,-0.02,0.02
5.265990070445725,2.3,1.43,-0.29,0.02,-0.02,0.02
-2.8828130982128553,-0.02,1.15,0.06,-0.21,0.22,0.02
1.187347508350478,0.72,-0.02,-0.22,0.25,-0.05,0.02
-1.6393720358967911,-0.88,-0.54,0.31,0.15,0.05,0.02
-2.1578519679561703,0.23,-0.11,0.07,0.12,0.24,0.02
-0.6634906995984124,-0.8,-0.8,0.68,0.08,0.23,0.02
-0.7219699607517893,0.04,-0.21,0.57,0.49,0.18,0.02
1.1817961790040465,0.37,0.29,-0.07,-0.24,-0.25,0.02
-4.833750327396702,-1.21,-0.62,0.27,-0.05,0.07,0.02
-1.3407090821005552,-1.43,-0.59,0.18,0.13,0.0,0.02
-3.0238464791474295,-0.6,-0.28,0.16,0.48,-0.11,0.02
3.3550077974727976,-0.22,-0.5,0.05,-0.27,0.35,0.02
1.0120598172033812,0.17,0.18,0.33,0.06,0.13,0.02
2.26840988071757,1.98,1.0,-0.27,0.29,-0.08,0.02
11.829944601457964,-1.11,-1.58,0.68,-0.32,0.18,0.02
0.3636213363323648,-0.89,-0.79,0.23,0.55,0.41,0.02
1.1528643553257334,1.75,0.9,-0.55,0.24,-0.35,0.02
0.8303457402092818,0.69,0.25,-0.18,0.0,-0.29,0.02
3.132509164474029,-0.13,-0.28,0.33,-0.11,0.23,0.02
-0.7358322970995812,-0.58,-0.72,0.31,-0.18,0.06,0.02
3.4542711833187356,1.31,0.63,-0.08,0.0,0.08,0.02
3.6133918352560412,-0.09,0.27,-0.15,-0.03,-0.22,0.02
-1.1477753948566982,-0.6,-0.93,0.4,0.26,-0.13,0.02
1.4587588663014905,0.64,0.31,-0.3,-0.07,-0.14,0.02
2.0979940172279887,0.27,0.85,-0.43,0.4,0.13,0.02
-1.8537251053338588,-0.13,-0.43,0.07,0.07,-0.02,0.02
-1.5959032357449332,-0.35,-0.31,0.1,0.35,-0.18,0.02
-3.6155524287333707,-0.42,-0.77,0.11,0.05,-0.04,0.02
-1.8369575394970639,-0.52,-0.47,-0.03,-0.18,0.59,0.02
0.7548239745216012,0.49,0.29,-0.36,-0.05,0.22,0.02
-0.6554903630359932,-0.49,-0.54,0.15,-0.02,0.01,0.02
0.4555722451889288,0.12,0.19,-0.23,-0.31,0.63,0.02
3.925627271392984,1.46,0.73,-0.45,-0.37,-0.14,0.02
2.302397506260423,0.91,0.54,-0.5,-0.19,-0.08,0.02
-0.5736550650859651,0.18,0.29,-0.21,-0.53,0.15,0.02
0.47345108959968574,0.3,-0.18,-0.14,0.13,-0.06,0.02
-1.9879297700147625,-0.48,-0.47,0.11,0.08,0.17,0.02
1.5925594247772068,0.07,0.26,0.03,-0.04,-0.02,0.02
-0.45842794273144305,-0.55,-0.77,0.17,-0.3,0.41,0.02
0.7428340887338125,0.16,-0.18,0.08,-0.12,-0.02,0.02
1.386201618583427,-0.07,0.2,-0.21,-0.03,0.04,0.02
-2.574556235596681,0.58,0.39,-0.09,-0.14,0.19,0.02
-0.7464763590796286,0.32,0.86,-0.18,-0.41,0.34,0.02
0.722040158809012,0.13,0.64,-0.3,-0.4,0.07,0.02
1.3291218514057679,0.03,0.04,0.27,0.05,-0.05,0.02
0.781210731348736,0.49,-0.28,-0.1,0.25,-0.02,0.02
4.533394996043172,0.21,0.53,0.02,0.04,-0.49,0.02
-2.0285424840286725,-1.13,-0.99,0.42,0.04,0.48,0.02
3.955486894865734,-0.5,-0.18,0.2,-0.02,-0.06,0.02
-0.3846411302840802,0.33,-0.11,-0.14,-0.22,0.41,0.02
-0.027536604116262797,-0.03,-0.18,-0.03,-0.19,0.48,0.02
0.1793003885682376,1.18,1.13,-0.29,-0.06,-0.13,0.02
2.161643467670471,0.44,0.43,-0.04,0.25,-0.25,0.02
-0.040433969848729934,-0.16,-0.26,0.03,-0.15,0.2,0.02
-0.09438409288269334,0.2,-0.05,-0.17,0.16,-0.21,0.02
-0.28340905355516144,0.04,-0.01,-0.23,0.25,-0.18,0.02
-0.16242521710400082,-0.29,-0.21,0.13,0.18,0.23,0.02
2.0197869702301086,0.6,0.55,-0.02,-0.27,0.26,0.02
-0.8105358035236043,-0.6,-0.33,0.04,0.36,-0.26,0.02
-2.21029341119493,-0.41,-0.8,0.41,0.17,0.08,0.02
3.767093265734367,0.86,0.18,0.11,-0.18,0.19,0.02
2.4555062927215543,0.71,-0.35,-0.22,0.45,-0.17,0.02
-1.5461832477438375,0.07,0.34,-0.09,0.13,0.08,0.02
0.7851755395695603,0.14,-0.12,-0.16,-0.04,-0.16,0.02
-0.03889666833727379,-0.33,-0.61,0.17,-0.36,-0.04,0.02
-2.754001497608749,-0.43,-0.55,0.19,-0.11,0.34,0.02
-1.0419406685211574,0.12,-0.35,0.42,-0.29,0.44,0.02
1.7548487236010324,1.28,0.71,-0.46,0.12,-0.14,0.02
-0.7296434169155042,0.43,0.9,-0.31,-0.01,-0.22,0.02
-0.8151616172561771,-0.31,-0.07,-0.11,-0.05,0.09,0.02
0.5524167146784498,0.2,0.44,0.07,-0.06,-0.04,0.02
-1.0987636751605079,0.21,0.03,-0.05,0.38,-0.28,0.02
-0.7858218823837859,-0.3,-0.27,0.21,-0.24,0.24,0.02
2.772101128204918,1.07,0.97,-0.26,0.14,-0.26,0.02
-0.31884201565614,0.22,0.48,-0.05,-0.1,-0.17,0.02
0.5064806335479455,0.35,0.62,-0.23,0.15,-0.19,0.02
-1.472163220654099,-0.45,-0.19,0.35,-0.16,0.37,0.02
0.3231121667380821,0.08,-0.33,0.07,0.06,0.19,0.02
5.984119671727073,0.1,0.49,-0.25,0.09,-0.23,0.02
1.2153550934037138,-0.02,-0.7,-0.09,0.12,0.17,0.02
1.8886880565383457,0.56,-0.47,-0.22,0.09,-0.09,0.02
-0.5033385446248317,0.01,-0.15,0.19,0.46,-0.53,0.02
0.7773111077610029,0.31,0.23,-0.03,0.14,-0.09,0.02
0.6244395796140445,0.62,0.43,0.2,-0.5,0.09,0.02
-2.1657710769864447,-0.88,-0.3,0.03,0.0,0.31,0.02
0.012456874251931538,0.07,0.39,0.16,-0.27,0.39,0.02
0.8206970295142613,-0.07,-0.36,-0.16,-0.06,-0.12,0.02
-2.368053117995783,-0.88,-0.99,0.31,0.28,0.5,0.02
-0.22740286922886543,-0.05,-0.24,0.02,-0.1,-0.19,0.02
-0.8736575509606936,-0.11,0.56,-0.01,-0.04,-0.12,0.02
1.8138005908887367,1.16,0.22,-0.14,-0.06,0.0,0.02
1.0036558865038847,0.23,0.03,-0.24,-0.31,0.1,0.02
2.4096423611090545,0.29,0.34,0.31,-0.08,0.01,0.02
1.0794470315520055,-0.58,-0.43,0.31,0.2,0.1,0.02
-0.26400612240089494,0.27,0.64,0.08,-0.25,-0.08,0.02
1.4797826888675703,0.27,0.12,0.01,-0.33,0.03,0.02
0.770622349622041,0.71,0.88,-0.24,0.14,-0.16,0.02
-1.1176566424267564,0.36,0.53,-0.33,0.07,-0.09,0.02
1.8560304722154974,0.16,-0.34,0.13,-0.27,0.52,0.02
0.2803506690910229,0.03,-0.33,-0.22,0.21,-0.08,0.02
0.7221921171226997,-0.06,0.24,0.02,0.06,-0.07,0.02
2.4632913172927484,0.14,-0.01,-0.14,0.23,-0.54,0.02
1.9300264904893005,0.27,-0.17,-0.24,-0.12,-0.05,0.02
1.4616069595737358,-0.32,0.23,0.07,-0.02,-0.11,0.02
-2.2809010853287015,-1.53,-0.95,0.3,0.28,0.07,0.02
2.535172628097726,0.3,0.01,-0.03,0.3,-0.14,0.02
-0.010901451313072297,0.95,0.2,-0.08,0.26,-0.39,0.02
-0.15252438112579592,0.1,0.14,0.15,-0.27,-0.13,0.02
-0.37088307256978315,-0.3,-0.32,0.13,0.13,-0.03,0.02
-0.21903346012278613,0.98,0.83,-0.17,-0.01,-0.01,0.02
0.16464660784976104,0.4,-0.16,0.24,-0.02,-0.11,0.02
-1.5777723833566015,-0.1,-0.06,0.14,-0.1,-0.09,0.02
-3.1058988112500185,-0.41,0.0,0.06,-0.04,0.22,0.02
1.4016944729836167,0.14,-0.16,-0.09,-0.16,0.21,0.02
0.5551882162722066,0.18,-0.26,0.64,-0.17,0.03,0.02
-2.9408366176997602,-0.2,-0.49,0.46,-0.08,0.19,0.02
3.3781805211207327,0.09,-0.02,0.14,0.24,-0.03,0.02
-0.5614755715499076,0.8,-0.13,-0.1,0.18,0.29,0.02
-0.9373418540298495,0.07,-0.32,0.38,-0.34,0.29,0.02
-2.5649172635106687,-0.46,-0.95,0.2,-0.31,0.41,0.02
0.9827923901301938,0.16,-0.12,0.02,0.1,0.05,0.02
-1.795862051179553,-0.12,0.55,0.1,-0.18,0.22,0.02
-2.1944004985138044,-0.38,0.06,0.36,-0.06,0.15,0.02
-0.8444568595901703,-0.48,0.3,0.07,-0.09,0.11,0.02
-0.8393856826003687,0.44,0.37,0.39,0.04,0.23,0.02
0.012298516697484274,0.74,0.54,-0.09,0.25,-0.1,0.02
-0.7974134358181173,-0.18,-0.17,-0.03,0.09,-0.09,0.02
4.909130354901725,-0.51,-0.31,-0.12,-0.1,-0.06,0.02
-1.225816384004219,-0.05,-0.01,0.2,-0.24,0.84,0.02
2.219586670830598,0.16,0.11,-0.51,-0.33,0.05,0.02
-0.712109707139641,-0.73,-0.96,-0.29,0.08,-0.18,0.02
0.49382282162089286,0.24,-0.07,0.04,0.03,0.02,0.02
8.307006544074325,0.0,0.2,-0.31,0.13,0.24,0.02
4.785570490374624,0.23,-0.16,-0.19,-0.47,-0.03,0.02
-1.2371224762807165,0.74,0.49,-0.35,-0.02,0.34,0.02
-1.2317323816313897,0.51,0.24,-0.3,0.19,-0.14,0.02
2.6209928453073017,0.0,-0.31,0.01,-0.22,0.2,0.02
-2.2141808669615792,-0.14,-0.19,-0.04,0.25,-0.18,0.02
-6.192778897967344,-0.48,-0.92,0.42,0.39,0.43,0.02
-0.6399178311874643,0.33,0.44,0.09,0.1,-0.38,0.02
-1.9322072843488858,-0.56,-0.4,0.31,0.07,0.2,0.02
-1.255925262394153,0.37,0.64,0.04,0.36,-0.39,0.02
1.1669026210133993,0.82,0.2,-0.23,-0.08,-0.37,0.02
-0.5190292065104685,-1.15,-0.07,-0.1,-0.14,0.03,0.02
-1.0087354984421482,-0.06,0.56,0.12,0.08,-0.04,0.02
0.655926151767372,0.02,0.62,0.23,-0.13,0.15,0.02
-0.45382612209133866,0.51,0.05,0.17,-0.15,-0.25,0.02
0.210435993531366,0.64,-0.38,0.0,0.28,-0.15,0.02
-1.1547913119975606,0.59,0.36,-0.19,0.22,-0.12,0.02
0.011792210555405802,0.14,0.11,0.2,0.02,-0.1,0.02
-0.955778702533272,-0.12,-0.26,0.12,-0.15,0.06,0.02
0.25019552148313196,0.1,0.28,0.23,-0.12,-0.04,0.02
2.3766976276668794,0.21,0.35,0.07,-0.52,0.12,0.02
0.034834550189533076,-0.1,0.22,-0.26,-0.17,-0.2,0.02
-3.3766493489314375,-0.75,-0.32,0.18,0.01,0.17,0.02
1.9334940003803425,-0.35,0.24,0.12,0.08,0.19,0.02
-0.2121250804635766,0.72,-0.09,0.3,0.04,-0.06,0.02
0.7084302638255213,0.72,-0.52,-0.19,-0.08,-0.08,0.02
-0.10556362326190616,0.11,0.09,-0.41,0.13,-0.03,0.02
-0.44591249214572803,0.0,0.32,0.05,-0.13,-0.38,0.02
1.2613557676818044,0.42,0.59,-0.14,-0.1,-0.11,0.02
3.841646524912279,-0.09,0.33,-0.22,0.18,-0.02,0.02
0.3475124249082473,-0.06,0.36,-0.12,-0.04,-0.17,0.02
-0.4915627989948823,-0.31,0.12,-0.28,0.07,-0.07,0.02
-0.6286988750965894,-0.19,-0.14,0.07,0.16,0.07,0.02
-5.17456288548127,-3.42,-0.19,0.18,-0.03,0.16,0.02
0.8102534608916079,0.47,-0.5,0.21,-0.09,-0.07,0.02
2.8956064832962314,-0.25,-0.05,0.16,0.17,0.06,0.02
-1.8952621095321587,-1.23,-0.65,0.29,-0.2,-0.02,0.02
1.0654275336527297,-1.1,-0.77,-0.3,-0.07,0.37,0.02
2.1664024761095746,1.58,0.68,-0.02,0.1,-0.18,0.02
-0.5330029794766489,-0.21,-0.04,0.07,0.26,-0.2,0.02
0.31923715135262487,0.68,-0.02,-0.06,0.11,-0.06,0.02
-0.03406609925367121,0.09,0.31,0.15,0.02,0.06,0.02
2.159818216075804,0.28,0.24,-0.21,-0.21,0.19,0.02
-1.6356729938412307,-2.03,-0.31,-0.25,-0.19,0.04,0.02
1.8099318011179255,0.57,0.09,-0.06,0.36,-0.29,0.02
-0.4777744771973347,0.45,0.5,0.17,0.08,-0.05,0.02
0.02232152564565215,-0.42,-0.14,-0.19,-0.12,-0.02,0.02
1.7189418035991721,1.08,-0.08,-0.09,0.05,-0.03,0.02
0.38408375885483625,0.66,0.09,0.12,0.14,-0.1,0.02
2.6125852428703578,1.64,-0.1,-0.12,0.09,-0.22,0.02
0.09583288695724779,-0.02,0.21,-0.42,0.18,-0.36,0.02
-0.4682482680338884,0.09,0.13,0.05,-0.01,-0.07,0.02
2.4914257677239204,0.06,-0.07,-0.17,-0.02,-0.06,0.02
-0.4068716581465237,-0.62,-0.16,-0.05,-0.12,-0.18,0.02
-2.3256209036895403,-0.74,0.18,0.02,-0.1,0.23,0.02
0.5469869040310993,0.29,-0.13,0.11,0.41,0.04,0.02
-0.8959840854137036,-0.07,0.28,-0.1,-0.35,0.2,0.02
0.7965147101655301,0.22,0.05,-0.2,0.05,0.0,0.02
0.907602070323188,0.94,0.03,-0.07,-0.12,-0.1,0.02
-0.243360520326652,0.1,-0.2,-0.25,0.0,0.25,0.02
0.4348910259442951,0.31,0.02,-0.15,-0.18,0.11,0.02
-1.0878388680920947,0.04,-0.2,0.02,0.02,0.15,0.02
0.6406243328421546,0.23,0.08,0.03,0.04,-0.11,0.02
-1.761231648407191,-0.64,-0.09,0.12,-0.18,0.0,0.02
-0.4320667857126259,0.61,0.24,-0.16,-0.02,0.04,0.02
-2.1151930990136125,0.33,0.21,-0.06,-0.09,0.19,0.02
1.3187506133590654,1.06,0.32,0.03,0.32,-0.19,0.02
-1.1812411709708703,0.09,-0.47,-0.07,0.03,0.0,0.02
0.0553176621367335,0.0,-0.62,0.54,-0.11,0.07,0.02
-0.1437622333763544,-0.23,-0.36,-0.08,0.2,0.43,0.02
0.7754504850022048,0.88,0.22,-0.04,0.37,-0.15,0.02
2.7920977064228136,-0.23,0.05,-0.33,-0.16,-0.16,0.02
-0.2887670902603112,-0.09,-0.08,-0.23,-0.03,0.19,0.02
2.263010708682911,0.91,-0.32,0.21,0.36,0.03,0.02
3.6602034445913034,-0.02,0.3,-0.3,0.21,-0.19,0.02
1.0926599404483373,-0.13,-0.33,-0.39,0.26,0.29,0.02
-0.1200802922089017,-0.93,-0.85,-0.03,0.19,0.12,0.02
-0.33065166416719194,0.22,-0.1,-0.02,0.31,0.27,0.02
0.9249080538505261,0.79,0.62,0.03,-0.11,0.02,0.02
0.00993806251017304,0.37,-0.29,0.15,0.16,-0.05,0.02
0.40837023181730103,0.25,0.17,0.02,-0.16,-0.07,0.02
3.085029421074581,0.18,-0.33,0.28,-0.05,0.28,0.02
1.0969794052443804,-0.13,-0.02,-0.11,0.24,-0.04,0.02
1.7323538892495716,0.35,0.1,-0.05,0.23,-0.35,0.02
0.43037346884644556,-1.42,-0.51,0.26,0.0,0.03,0.02
1.3042508389579988,0.95,0.19,0.02,-0.12,-0.32,0.02
0.5701473180310446,-0.28,-0.56,-0.01,0.11,0.05,0.02
-1.6824702807199277,-0.27,-0.69,0.16,0.21,0.25,0.02
-0.16742195330343712,0.82,-0.16,0.05,0.1,0.09,0.02
1.9563910705483023,-0.1,-0.32,-0.02,0.16,-0.4,0.02
0.530013710695254,0.66,0.38,-0.5,0.05,-0.09,0.02
1.7814761853494288,0.3,0.92,-0.19,-0.07,-0.24,0.02
1.3930857845432243,0.07,0.67,0.02,-0.22,-0.23,0.02
-0.5724399681257375,-0.18,-0.21,-0.17,0.14,0.03,0.02
-1.9488524896777326,-1.07,-0.41,-0.07,0.15,0.1,0.02
2.647052571039188,0.55,0.21,-0.07,0.06,0.05,0.02
0.6425076872829782,0.23,0.59,-0.03,0.01,-0.01,0.02
3.8653136698111767,0.77,-0.21,-0.05,0.15,-0.36,0.02
2.0375544928492806,0.13,0.35,-0.32,0.04,-0.26,0.02
-2.3022065600725394,0.44,0.31,0.09,0.17,-0.16,0.02
2.4747015771417358,0.18,0.04,-0.02,0.01,-0.37,0.02
1.1044148682799682,-0.55,-0.13,-0.22,0.03,-0.04,0.02
0.7907406779756432,-0.93,0.06,0.02,-0.21,-0.15,0.02
0.34780725637273413,-1.75,-0.03,0.1,-0.08,-0.06,0.02
0.3385028001287482,1.07,-0.03,-0.05,0.08,0.19,0.02
-3.4540882442173237,0.08,-0.27,0.17,-0.06,0.02,0.02
0.1580539521160551,-1.06,-0.2,-0.08,0.05,0.04,0.02
-2.392393631184331,1.37,-0.19,-0.17,0.12,0.14,0.02
1.0637996296338548,0.5,0.13,-0.13,0.02,0.03,0.02
1.4736964296616861,0.69,0.52,0.0,0.09,0.23,0.02
3.809120813126854,-0.12,0.0,-0.03,0.0,-0.19,0.02
-1.1431712326638532,0.14,0.03,0.09,-0.13,0.27,0.02
-1.7063097518273618,-1.29,0.04,-0.17,-0.03,0.2,0.02
1.933445341481943,0.56,-0.19,-0.02,0.1,-0.09,0.02
-0.7264598781104081,-1.25,0.56,0.0,-0.16,-0.18,0.02
-0.536595615445612,-0.38,-0.4,-0.08,0.15,0.09,0.02
-2.1987694724950657,-0.35,0.15,-0.21,0.02,0.28,0.02
1.8721464858152848,0.92,0.48,-0.36,0.2,-0.18,0.02
-1.0911817102428167,0.03,0.16,0.06,0.05,0.08,0.02
1.2276278142382635,-0.19,-0.32,-0.05,0.09,-0.09,0.02
-0.6391254801941804,1.06,-0.03,0.1,0.05,0.12,0.02
4.873830152661518,0.36,-0.04,-0.12,0.22,-0.18,0.02
4.387814775536403,0.07,0.14,-0.56,0.18,-0.06,0.02
-0.339005786632951,0.4,-0.08,-0.07,0.1,-0.18,0.02
-1.489074173998406,0.1,0.05,-0.07,-0.01,-0.12,0.02
1.5499922077074402,-1.43,-0.2,-0.37,0.17,0.0,0.02
0.030164848917180187,0.55,-0.27,-0.09,0.1,-0.09,0.02
1.2689735196825147,1.77,-0.17,-0.25,0.22,-0.16,0.02
2.7299709668643812,0.27,-0.26,0.05,0.04,-0.07,0.02
0.26867107556278746,-0.31,-0.5,-0.33,-0.1,0.15,0.02
0.5864900066325784,0.03,0.1,-0.18,-0.2,0.25,0.02
-0.5686944715677322,-0.24,-0.21,-0.21,0.31,-0.13,0.02
1.3611341879349093,0.44,0.24,-0.46,-0.09,0.19,0.02
2.6785121103376053,-1.25,-0.34,-0.22,-0.12,-0.13,0.02
-0.03470753262954096,0.36,-0.49,-0.49,-0.11,0.13,0.02
-6.130872026914447,-2.03,-0.64,-0.32,-0.36,-0.01,0.02
1.756999136375481,0.3,-0.38,0.07,-0.01,-0.05,0.02
6.367464663517919,-2.36,-0.1,-0.24,-0.12,-0.51,0.02
-1.472625455703358,-1.51,-0.08,0.08,-0.01,-0.34,0.02
-1.682244540099509,0.93,-0.28,-0.08,0.06,-0.25,0.02
-6.837339676120779,-1.19,0.34,-0.1,-0.03,0.18,0.02
2.4590306857697364,0.52,-0.52,-0.28,0.28,0.2,0.02
1.1037070022121176,0.55,0.11,-0.27,-0.42,-0.08,0.02
-3.3995053494343286,-2.66,-0.79,-0.79,-0.44,-0.08,0.02
2.5786493011024536,2.07,-1.07,-0.44,0.49,-0.24,0.02
-0.16262565312115118,0.65,0.32,-0.62,0.05,-0.76,0.02
-0.7554028880163322,1.47,1.1,-0.69,-0.56,-0.79,0.02
-5.686150260586986,-2.74,1.48,-0.59,-0.88,-0.75,0.02
-1.0998003307797544,0.04,0.16,1.42,0.56,0.97,0.02
2.2319787534167634,-0.06,-1.1,0.25,0.01,0.37,0.02
-2.9423084878626105,-1.82,-0.14,-0.15,0.04,0.39,0.02
-3.3298076993334536,-1.46,0.0,0.0,-0.16,0.09,0.02
-2.3770010730382096,0.32,1.45,1.34,-0.24,0.28,0.02
4.280258917831481,2.36,-0.37,0.41,-0.12,-0.27,0.02
0.13107231153592913,0.0,0.13,-0.34,0.04,0.05,0.02
4.377307633643146,0.15,-0.03,0.0,-0.27,0.1,0.02
3.8723958656273316,1.2,0.04,-0.02,0.03,0.07,0.02
-1.086693661478566,-0.24,-0.99,0.2,-0.15,0.03,0.02
3.2272816651744307,1.21,0.11,-0.26,0.36,-0.01,0.02
-2.2542250709123746,-0.85,-0.16,-0.16,-0.05,0.02,0.02
-4.10588860163924,-2.34,-0.15,-0.4,0.1,-0.06,0.02
5.724639239189533,2.13,0.15,0.02,0.12,0.03,0.02
1.6184627556484754,-0.43,-0.09,-0.44,-0.18,-0.13,0.02
1.6366670361920965,1.12,0.06,-0.02,0.15,-0.05,0.02
4.101699176962081,1.03,-0.18,0.01,-0.27,-0.35,0.02
-5.133111026678472,-1.04,-0.06,-0.33,0.06,-0.27,0.02
-1.2796988664826814,0.42,-0.04,-0.19,-0.17,0.15,0.02
-2.399795184817677,-1.7,-0.32,0.21,-0.06,-0.11,0.02
3.7489421169341064,-0.27,-0.56,-0.21,-0.21,-0.18,0.02
-0.8923784454046624,1.35,0.05,-0.32,0.0,-0.28,0.02
1.003749112124952,-0.03,-0.45,-0.16,0.16,-0.28,0.02
0.2557832385764236,0.69,-0.56,0.22,0.14,-0.34,0.02
1.1734318318140202,0.1,0.36,-0.1,0.26,-0.19,0.02
-0.28818301866672114,-0.6,-0.42,0.01,0.05,0.06,0.02
1.813459985712318,2.88,0.7,0.44,0.31,-0.17,0.02
-0.106473094811943,0.59,0.57,0.2,-0.07,0.06,0.02
-0.32670588507691667,-0.65,-0.19,-0.33,-0.09,-0.23,0.02
2.7367421012499893,0.43,-0.19,-0.26,-0.01,-0.2,0.02
2.865076682934742,-0.56,-0.47,-0.63,-0.1,-0.17,0.02
3.304609902613964,-0.03,-0.34,-0.39,-0.33,-0.15,0.02
-0.26765609570228444,0.6,0.21,-0.21,-0.05,0.01,0.02
1.132403283686445,0.43,0.18,-0.05,0.07,-0.18,0.02
-0.6666701655453244,-0.37,-0.6,-0.01,-0.17,-0.09,0.02
1.8700422766222191,1.37,0.8,0.06,-0.11,0.25,0.01
1.3496727998141722,0.11,0.7,0.21,-0.1,-0.18,0.01
-0.3345026946552143,-0.48,-0.2,-0.11,0.0,0.12,0.01
-1.0638506728867791,0.18,0.0,0.09,-0.12,0.08,0.01
3.334593148801912,1.1,0.67,-0.05,-0.16,-0.12,0.01
4.001252250106124,-0.27,-0.22,-0.36,-0.24,-0.08,0.01
-0.02977985913795722,0.78,-0.19,-0.21,0.1,-0.08,0.01
-0.637421995202736,-0.13,-0.01,-0.42,-0.02,-0.41,0.01
-2.733979213540927,-0.57,-0.61,0.48,0.07,-0.1,0.01
3.094374112934073,0.51,0.07,-0.33,-0.45,-0.13,0.01
-0.1614363059053492,-0.89,-0.36,-0.14,0.19,0.06,0.01
1.5570915311515998,-0.67,-0.05,-0.29,0.17,0.17,0.01
1.8692805873839813,0.22,-0.16,-0.19,-0.51,-0.04,0.01
0.4342010574452937,-0.1,0.05,-0.41,0.17,-0.12,0.01
-1.7752615826736928,-2.45,-0.53,-0.01,-0.18,0.14,0.01
2.3119603354736507,0.47,0.86,0.05,0.06,0.21,0.01
6.767569038384869,0.85,0.06,-0.63,-0.09,-0.38,0.01
-0.12350672672243324,-0.33,-0.45,-0.26,0.56,0.12,0.01
-1.6942140527113736,-0.19,-0.34,-0.13,0.83,0.35,0.01
1.050452988877626,1.37,0.3,0.36,-0.26,0.17,0.01
0.2111415926986604,0.4,-0.32,-0.54,0.14,-0.39,0.01
1.0319569583563837,-0.63,-0.04,0.15,-0.48,0.45,0.01
1.577552408019689,1.23,-0.01,-0.14,0.11,-0.03,0.01
-1.3214135199009491,-2.66,-1.04,-0.46,-0.17,0.08,0.02
0.22939668857515638,0.08,0.18,-0.87,0.24,-0.06,0.02
-0.8995424851701794,-0.59,-0.37,-0.02,-0.17,0.08,0.02
3.0131759035082695,1.18,0.09,-0.17,0.36,-0.41,0.02
-2.8624832521994548,-2.76,-0.2,-0.5,0.08,-0.08,0.02
-5.813227977373636,-0.05,0.66,1.13,0.27,0.52,0.02
-5.755949968463215,-1.46,0.3,0.89,0.24,0.08,0.02
-7.0206403684850205,-1.08,0.43,0.28,0.37,0.73,0.02
10.535948642374017,2.81,-0.41,0.15,0.02,-0.7,0.02
-2.2652596389369672,-0.63,-0.16,-0.22,0.2,-0.27,0.02
-1.0896360385339587,-1.26,-0.15,-0.07,-0.27,0.12,0.02
1.2720809895627738,0.39,-0.64,-0.66,-0.04,-0.38,0.02
-1.466427398155612,-1.81,-0.37,-0.38,0.52,0.29,0.02
2.9886930123019573,0.32,-0.54,-0.13,0.88,-0.33,0.02
-0.23096149587115145,-1.54,0.35,0.08,0.14,0.11,0.02
1.8283553352843374,1.6,0.28,0.21,0.14,-0.05,0.02
0.5829006299479023,-2.1,-0.22,-0.58,-0.09,-0.43,0.02
1.31566095062714,1.31,-0.6,-0.2,-0.31,0.2,0.02
3.0947596011646317,2.9,0.37,-0.17,-0.27,-0.01,0.02
2.2583705886374705,0.02,-0.52,-0.31,-0.19,-0.14,0.02
-1.1232360655791473,0.7,-0.51,0.88,-0.1,0.26,0.02
-1.8439004794401304,-0.59,-0.53,0.23,-0.09,-0.25,0.01
0.5311416705801486,-0.61,-0.2,-0.2,0.14,0.05,0.01
3.1644155973689525,1.47,0.05,-0.06,0.1,-0.03,0.01
2.3989546732218203,1.55,0.99,0.37,-0.02,0.03,0.01
2.290079019473823,-0.07,0.01,-0.12,0.22,-0.06,0.01
-0.04634777260656975,0.71,-0.1,0.19,0.32,-0.18,0.01
-2.919503482115582,-2.5,-0.37,-0.08,-0.17,-0.31,0.01
1.2305062811747147,0.48,0.07,-0.21,0.27,-0.25,0.01
0.5082016935780143,0.06,-0.34,-0.34,0.08,0.63,0.01
-0.7506654416655323,-1.37,-0.53,-0.3,-0.13,-0.08,0.01
-3.146168283614026,-1.59,-0.23,0.29,0.56,0.47,0.01
-0.7700651320316165,0.66,1.16,-0.03,0.29,0.16,0.01
0.07651623975946098,-0.1,0.31,-0.39,0.11,-0.17,0.01
2.233536624436927,0.64,0.74,-0.33,-0.31,-0.14,0.01
3.5788278974932863,1.64,0.44,0.01,0.02,-0.19,0.01
2.521794229934482,0.8,0.15,0.16,0.05,-0.1,0.01
0.07545779126287844,0.1,0.23,-0.08,-0.3,-0.26,0.01
-0.19101560171193022,-1.49,-1.23,0.07,-0.11,-0.18,0.01
0.6345556469055103,0.12,-0.36,-0.11,0.16,-0.31,0.01
-0.87573953951251,-0.66,0.04,0.41,-0.29,0.12,0.01
-1.6357322403301344,-1.46,-0.1,-0.07,0.22,-0.35,0.01
0.046219341129583036,-0.14,-1.07,-0.4,-0.14,-0.34,0.01
-7.633508027634617,-2.55,-0.5,0.04,0.04,0.07,0.01
-1.338536264883261,0.16,0.13,0.17,0.37,0.96,0.01
-3.5971811552408917,-1.81,-0.58,-0.94,0.26,0.04,0.01
4.759129647314464,1.1,-0.4,-0.64,0.69,0.06,0.01
-0.7692117489441874,0.89,-0.02,0.51,-0.69,-0.03,0.01
-2.9940594130148157,-1.43,-0.76,0.29,-0.14,-0.05,0.01
3.5266039980411445,1.02,-0.03,-0.13,0.28,-0.21,0.01
-5.448071992465653,-2.39,0.32,-0.05,-0.13,0.53,0.01
-5.560802343814153,-0.5,0.91,1.1,-0.6,0.44,0.01
0.7829946212817074,-2.79,0.21,-0.07,-0.51,0.24,0.01
0.2921447135671329,-0.57,-0.4,-0.78,0.62,-0.44,0.01
-3.5448700016937895,-0.98,0.53,1.32,0.36,-0.19,0.01
-10.646403719075682,2.03,0.98,1.75,0.88,1.13,0.01
-2.495120563691511,1.02,-1.01,-0.44,0.22,-0.14,0.01
-4.1224149239752155,-1.39,0.88,0.15,-0.02,-0.05,0.01
0.0,1.72,0.2,1.02,0.14,0.37,0.01
1.1768322160027989,0.69,-0.31,1.07,-0.13,0.05,0.01
0.486492134737615,-0.59,-0.45,-0.04,0.22,0.07,0.01
2.4059071695953005,1.66,0.86,0.5,0.37,0.09,0.01
-1.1894298223719124,1.48,0.72,0.04,-0.65,-0.41,0.01
-1.5701153262028256,-0.99,0.05,-0.19,-0.42,-0.11,0.01
-1.7394567227549063,-3.01,0.32,0.07,0.01,0.25,0.01
-5.68953705403924,-0.85,-0.41,0.5,-0.28,0.36,0.01
-0.6229599678677422,0.81,0.43,0.17,0.43,-0.27,0.01
3.497187621324249,-0.29,-0.15,-0.33,0.02,-0.23,0.01
3.1638352076401866,0.59,-0.25,-0.54,0.47,-0.25,0.01
-3.5457390126109933,0.61,-0.1,-0.03,-0.06,0.42,0.01
3.6360421679505484,1.46,0.72,-0.05,-0.34,-0.39,0.01
-1.4992359049419646,-1.35,-0.82,0.14,0.02,0.0,0.01
-2.220291806073671,-0.03,-0.86,0.46,-0.23,0.25,0.01
-1.9658170359880933,-0.06,0.2,-0.28,0.69,-0.32,0.01
1.3422614862922844,0.83,0.28,0.06,1.04,0.19,0.01
-1.8413912202916438,-1.28,-0.43,-0.26,-0.31,0.04,0.01
-1.7113162008542293,0.61,-0.8,0.58,0.2,-0.04,0.01
0.2343704977060712,1.46,0.55,-0.14,0.37,-0.09,0.01
-0.4927474132238041,0.72,0.45,-0.02,0.48,0.19,0.01
3.197664914916931,-0.11,-0.04,-0.24,-0.24,-0.1,0.01
5.6522360355665935,-0.93,-0.45,-0.48,0.28,-0.6,0.01
-3.7641586676441574,-2.64,-0.02,-0.19,-0.36,0.08,0.01
-2.6315399584280086,-0.04,-0.25,-0.39,0.86,0.28,0.01
2.374095753375549,-0.36,-0.09,0.09,-0.05,0.46,0.01
-0.10432411795119334,0.55,-0.23,-0.37,0.27,-0.07,0.01
-2.8596677950555094,-2.26,-0.56,-0.21,-0.03,0.34,0.01
1.0915349376441785,-0.88,0.26,0.69,-0.01,0.44,0.01
-2.094041123767787,-1.72,-0.66,0.62,0.52,0.7,0.01
6.399856004202986,3.56,0.41,0.31,0.29,-0.32,0.01
-1.0365267903475583,-0.77,0.03,-0.73,-0.25,-0.19,0.01
1.5154940451672871,0.65,1.3,-0.17,0.46,-0.34,0.01
-1.0395824620075045,-2.07,-0.29,-0.34,0.2,0.17,0.01
0.09481704692586579,-1.2,-0.86,0.52,-0.08,0.99,0.01
4.805445037318168,4.09,0.2,-0.17,0.15,-0.64,0.01
-2.3715399405960014,-2.37,-0.08,0.19,-0.99,0.51,0.01
2.7762122398222733,2.29,0.03,0.81,0.12,-0.34,0.01
4.697249549576843,1.72,1.1,-0.59,-0.39,-0.92,0.01
1.039181745078288,0.37,0.39,-0.12,-0.03,0.02,0.01
2.894030975824635,-0.83,0.59,-0.49,0.48,-0.57,0.01
-3.315829756460653,-1.13,-0.2,-0.01,-0.51,0.27,0.01
1.9678989118632861,-0.82,-0.5,0.22,-0.12,-0.22,0.01
0.3425896845095089,0.57,0.13,0.43,0.03,-0.23,0.01
4.202119762363243,3.37,-0.57,0.07,-0.09,-0.24,0.01
-1.3642495898904428,-0.09,0.49,-0.21,0.23,-0.33,0.01
2.7933814254709644,0.15,-0.09,-0.15,-0.2,0.13,0.01
0.9696163660763979,0.16,0.03,-0.51,0.11,-0.03,0.01
1.8356504086066483,0.14,-0.37,0.48,-0.09,0.04,0.01
-1.956526705629802,-0.34,0.32,-0.13,0.32,-0.36,0.01
-0.9160001206700463,-0.96,-0.86,-0.14,0.23,-0.07,0.01
2.053578318382221,0.53,0.61,-0.55,-0.04,0.1,0.01
-4.7944882057441855,-2.03,-0.56,0.47,0.34,0.11,0.01
0.4349241616526278,-0.38,0.1,-0.3,0.67,-0.12,0.01
0.40603623319301896,0.47,0.33,0.4,0.44,-0.02,0.01
3.585371815006888,2.28,0.57,0.1,0.14,0.02,0.01
0.5139917623530721,-0.1,-0.79,0.37,-0.01,0.05,0.01
4.23974265519742,1.68,0.12,-0.56,0.45,-0.33,0.01
4.421282618214417,-0.17,-0.15,-0.63,0.3,-0.44,0.01
-4.733582910503465,-0.97,-1.09,0.39,0.06,-0.38,0.01
1.6791444540217526,0.26,0.13,-1.21,-0.21,0.24,0.01
3.7141289284412515,0.66,0.6,0.4,-0.52,0.36,0.01
0.46764373998293696,0.68,-0.04,0.21,0.33,-0.49,0.01
1.4788249510552465,-0.03,0.61,0.14,-0.02,-0.24,0.01
1.6314339783677356,-0.36,-0.4,0.39,-0.52,-0.21,0.01
-0.6283614617928146,-0.3,-0.06,0.0,-0.18,-0.24,0.01
3.477978557724204,1.66,0.12,0.27,-0.95,0.43,0.01
0.5222308265022901,0.2,-0.75,0.04,0.09,-0.27,0.01
2.094599451230117,-0.41,0.38,-0.2,0.82,0.08,0.01
1.044795324103709,0.75,-0.01,0.37,0.19,-0.18,0.01
-2.1804448963797407,-1.66,-0.01,-0.16,0.36,0.46,0.01
1.3527787017573845,0.37,0.04,-0.29,0.02,-0.11,0.01
-0.8699776064167719,-0.54,0.6,-0.2,0.17,0.01,0.01
2.567437963209973,1.1,0.66,-0.4,0.03,0.36,0.01
0.9566038059495963,0.08,0.62,-0.12,0.34,-0.1,0.01
-1.9477505256250582,0.38,-0.43,0.1,-0.17,0.3,0.01
1.8629669442573826,1.02,-0.1,-0.28,0.06,0.19,0.01
-1.1120724800483317,0.11,-0.37,0.0,0.3,-0.47,0.01
-2.1426618122997954,-0.02,-0.22,0.14,0.2,-0.24,0.01
1.2527295563847352,-0.8,0.52,-0.17,0.49,-0.3,0.01
-4.147395834446954,-1.56,0.45,0.25,0.13,0.35,0.01
-0.6397738351042737,0.38,0.28,0.05,-0.44,0.22,0.01
2.3270570604657204,-1.24,0.05,-0.36,-0.24,-0.09,0.01
2.9033079036721032,0.72,0.57,-0.14,-0.29,0.13,0.01
0.31113821596520097,0.49,0.0,-0.13,0.25,-0.18,0.01
-0.17114232614132696,0.61,0.29,-0.23,-0.66,0.08,0.01
1.1034482171280668,0.29,0.25,0.0,0.16,-0.5,0.01
-1.403966802388601,-0.98,0.17,0.22,0.59,-0.04,0.01
-0.39226293526201106,-0.46,0.23,0.01,-0.3,0.11,0.01
-0.0971181894829698,0.02,0.51,-0.67,-0.38,0.24,0.01
2.2895486280643196,1.95,0.46,-0.15,0.59,-0.54,0.01
-2.0007140971061266,-2.9,0.13,-0.04,0.18,-0.4,0.01
-2.1708681434199795,-0.03,-0.54,-0.4,1.11,-0.03,0.01
2.2190405886485243,-0.31,-0.02,-0.18,0.0,0.45,0.01
-2.601847177802896,-1.65,-0.2,-0.03,0.45,-0.21,0.01
-4.175636287245821,0.31,-0.03,0.05,-0.23,0.51,0.01
-0.5136950160782638,1.56,0.34,-0.43,0.13,-0.12,0.01
2.5933041690499037,0.16,0.85,-0.11,0.1,-0.38,0.01
2.595515465419096,-0.55,0.1,-0.23,0.45,-0.4,0.01
-1.4770867652752595,-0.96,0.23,0.19,0.41,0.08,0.01
1.2027529158003647,0.34,0.5,-0.64,-0.09,0.37,0.01
-3.112205948296365,-1.8,0.33,0.16,0.36,-0.02,0.01
-1.2038468962994653,-0.16,-0.6,-0.31,1.21,-0.22,0.01
0.051923439783263525,-0.55,-1.2,0.28,-0.31,0.3,0.01
2.389679801848077,0.64,0.31,-0.42,-0.51,0.13,0.01
-5.146881542366888,-2.83,0.57,0.15,0.36,-0.1,0.01
1.0875809942960446,-0.36,0.19,-0.5,0.53,-0.39,0.01
-1.558019435702629,-0.06,-1.1,0.23,0.68,-0.08,0.01
4.323972476240989,0.29,-0.37,0.31,0.15,-0.47,0.01
-3.7210486851568914,-2.0,-0.88,0.16,-0.43,0.14,0.01
1.1534517144181855,-0.15,-0.67,-0.24,0.41,0.22,0.01
2.962627616561231,-0.81,-0.14,-1.26,0.28,0.23,0.01
2.5062853879276537,1.84,1.38,2.27,-1.05,0.26,0.01
-2.951827846348176,-2.05,-0.38,-1.4,0.36,0.12,0.01
1.3658908862167918,0.65,-0.17,-1.16,0.54,-0.37,0.01
-2.2929652615744867,-0.88,1.34,-1.08,-0.07,0.07,0.01
0.7532692969059784,-0.93,-0.52,-2.42,0.82,-0.22,0.01
-2.4384356156529896,-0.97,0.87,-1.24,0.18,0.52,0.01
1.868629119632903,2.52,0.96,4.6,-1.05,0.04,0.01
-0.5786448377663622,1.12,0.64,3.99,-1.16,0.39,0.01
-3.876376384018576,-0.08,-0.52,1.05,-0.03,0.02,0.01
0.6903086932549929,0.16,0.31,-0.52,0.0,-0.43,0.01
-2.567774309081583,1.37,1.53,3.0,-0.57,0.04,0.01
2.6169193510859667,0.32,0.25,1.43,-0.37,0.45,0.01
-4.348634361899095,-2.31,0.11,-2.81,0.78,-0.07,0.01
1.9430303827694173,0.46,0.69,-0.96,0.36,-0.36,0.01
-4.761901492861098,-1.76,-0.18,-1.36,0.75,0.07,0.01
1.735775334367129,2.26,0.24,3.24,-0.57,0.28,0.01
1.7825291735452664,1.59,-1.27,-0.07,0.26,-0.26,0.01
-0.5817153083530702,-1.17,0.58,0.4,-1.1,0.36,0.01
-1.4406815772527004,-0.47,0.77,0.93,-0.4,-0.39,0.01
-2.1895002594574553,-1.09,-0.21,0.31,0.0,0.88,0.01
4.835893398257385,2.65,-0.37,1.64,-0.14,0.22,0.01
2.209940322119608,0.5,0.33,-1.06,0.21,-0.85,0.01
-0.3776269241208774,-1.73,0.31,-1.73,1.0,0.06,0.01
3.6559199569356604,2.29,0.83,1.2,0.29,0.9,0.01
2.365083648897248,0.83,1.56,1.15,-0.29,0.27,0.01
1.8264797516349462,-1.05,0.55,-2.04,0.62,0.06,0.01
1.4541851737364553,-0.15,0.41,-1.87,0.29,-0.55,0.01
0.01111976868752862,0.63,0.28,1.25,-0.52,-0.01,0.01
-1.9963794724939143,0.38,-0.3,1.0,-0.24,0.46,0.01
-0.19916213303060593,-1.45,0.07,-0.93,0.57,0.14,0.01
-1.0604832144775034,-1.0,-0.77,-1.14,0.58,-0.29,0.01
1.331170178738783,0.54,-0.52,0.01,0.37,-0.59,0.01
-0.8815241426110121,0.12,-0.97,-0.41,0.34,0.01,0.01
1.4344420440532302,1.14,0.62,1.01,-0.18,0.44,0.01
-2.398342276754206,-1.92,-0.28,-0.53,0.08,-0.06,0.01
0.6316880449754869,0.34,-0.09,0.2,0.23,-0.23,0.01
0.593202848545693,0.88,0.31,0.43,-0.01,-0.1,0.01
-0.5324409496553217,1.51,0.41,1.75,-0.86,0.16,0.01
-2.4231680163638303,-1.25,0.28,0.62,-0.21,0.15,0.01
-1.9701537721937945,-0.45,0.62,1.88,-0.05,0.78,0.01
0.46331795892124994,-0.23,0.8,1.52,-0.11,0.41,0.01
-3.437904184694196,-2.91,0.05,-0.49,0.58,0.3,0.01
-0.6451243242027838,0.42,-0.54,1.56,-0.61,0.0,0.01
-1.4108884233637986,1.76,-0.06,2.1,0.07,0.89,0.01
-3.951360497953038,-3.41,0.45,-0.85,0.69,1.01,0.01
-0.04619480391788722,0.7,0.34,-0.71,0.65,-0.35,0.01
0.6860062793982991,1.22,-0.86,0.12,0.89,-0.02,0.01
-2.4304132822249747,0.29,-0.2,-0.12,0.77,-0.12,0.01
-5.760722192444967,-4.45,0.86,-2.31,0.99,1.14,0.01
-0.34192148889052865,1.66,0.77,2.03,-0.2,-0.95,0.01
-8.614578650615801,-4.6,0.19,-2.16,0.75,0.04,0.01
4.897135137138631,4.4,1.91,4.82,-2.53,-0.22,0.01
5.086169832578702,4.27,-1.17,3.93,-2.71,-1.36,0.01
-6.997391072598413,-3.93,-0.09,-3.37,1.54,-0.07,0.01
-3.2125235911663608,-1.55,0.03,0.14,-0.18,0.29,0.01
1.4743033706456687,-0.32,-1.33,-0.77,0.03,0.16,0.01
2.5017801962134545,1.7,-1.0,0.66,0.23,0.05,0.01
-2.79693787873172,0.11,-0.59,1.04,0.32,-0.27,0.01
-17.91953315727216,-8.26,2.62,-4.03,1.24,0.88,0.01
7.980206969023529,4.88,-2.82,2.98,-0.26,-1.0,0.01
-3.9943508874683897,-0.47,-0.62,3.0,-1.27,0.17,0.0
-8.26613667001399,-4.2,-0.61,0.68,-0.14,0.96,0.0
-3.0269537915148303,-1.47,-1.28,-1.21,0.25,0.98,0.0
1.1022727896254692,-3.95,-0.01,0.4,0.43,0.57,0.0
-9.150176226630258,-5.76,0.3,-3.51,1.07,0.44,0.0
0.7065976186512835,-1.28,-0.59,-2.29,0.95,-0.42,0.0
-1.1694381126367115,-7.36,-0.68,-2.58,0.15,0.07,0.0
9.082734167417673,-0.96,4.53,3.1,-0.77,-0.72,0.0
13.904948351028711,11.36,-2.84,-1.97,0.3,-0.68,0.0
-5.604907073114007,-0.86,-2.06,4.54,-1.65,0.17,0.0
-5.889735767816839,-8.79,0.1,0.76,-0.26,0.41,0.0
4.022479807292756,4.32,2.04,-1.36,1.23,-0.43,0.0
-4.406728272302329,-0.42,-1.12,-0.88,-0.46,0.12,0.0
1.0677765720882748,4.56,-1.23,-0.83,0.38,0.31,0.0
-7.060144134016855,-2.95,0.18,0.44,0.43,-0.17,0.0
5.880437249558335,-5.76,0.73,0.05,-0.63,0.02,0.0
1.4039309903599584,0.3,-3.24,-0.77,1.66,0.89,0.0
-1.883307922961719,-3.28,-0.23,-0.5,0.4,0.36,0.0
-4.451107376306007,-3.37,-0.87,0.38,1.16,0.62,0.0
8.491638013288672,9.78,-3.39,0.5,0.98,-0.1,0.0
4.644229438758463,-0.47,2.43,-1.31,-0.25,-0.78,0.0
6.2074991833638515,2.97,1.89,-0.45,-0.17,-0.99,0.0
-3.1070042637786677,1.88,2.64,2.01,-0.35,-0.4,0.0
-0.5855366694131003,-0.05,0.26,0.52,-0.69,0.44,0.0
3.7677643802747074,3.57,-2.56,0.21,-0.62,-0.72,0.0
-6.928538220145642,-5.05,-0.07,-1.57,0.51,0.03,0.0
-4.065792701828219,-4.83,1.45,-0.35,0.49,1.18,0.0
-0.867860190015235,2.61,-1.19,-0.69,0.52,-0.1,0.0
-2.4022636463029046,-1.31,-1.02,-2.07,0.97,0.15,0.0
-1.1577167366103591,-2.25,0.02,0.04,0.18,0.39,0.0
-4.906644127669679,-5.14,-0.72,-1.1,0.82,-0.01,0.0
7.012930992658117,6.8,0.79,0.09,0.67,0.31,0.0
-6.428911103712465,-4.27,-2.29,-0.15,-0.01,0.04,0.0
-2.3271085060150187,-2.43,1.54,-1.7,0.98,0.11,0.0
2.0081596310578487,0.71,-1.43,-0.61,0.89,0.15,0.0
-4.0262279578380795,-6.3,-0.75,-2.98,1.25,0.25,0.0
-6.721520453214424,-6.61,0.96,-2.51,1.11,1.16,0.0
2.596602337865561,6.12,-1.55,-2.15,1.03,1.08,0.0
12.557515416783826,6.27,0.01,4.77,-0.78,-1.58,0.0
-2.3130899970707275,0.94,0.49,2.12,-0.58,-0.16,0.0
4.6255731657274035,3.88,1.87,0.28,-0.66,-0.42,0.0
-2.4526539225542376,1.06,-0.2,1.74,-1.15,0.08,0.0
-4.035840471829156,-8.96,-1.59,-3.73,0.99,0.51,0.0
3.980713063146135,3.97,1.12,2.44,-0.87,0.46,0.0
3.709293035809047,2.63,-0.04,1.53,-0.13,0.1,0.0
-4.681951454853972,-2.91,0.14,1.17,-0.09,0.56,0.0
2.8333866876222524,3.76,0.52,1.85,-0.79,-0.49,0.0
6.085150824054009,3.8,0.06,0.08,0.1,-1.2,0.0
0.34089767648761704,-2.23,-0.87,-1.08,-0.62,-0.55,0.0
-1.8488957631633718,1.2,0.97,-0.9,0.89,-0.36,0.0
-3.26849137853229,-2.93,-1.72,-2.2,0.29,-0.01,0.0
3.442118699623209,0.96,2.37,0.75,-0.61,0.06,0.0
-3.5819652861965867,-1.54,-1.59,-1.37,0.7,-0.07,0.0
0.7176506399327653,5.15,0.41,2.55,-0.93,-0.04,0.0
-6.5702361164807215,-0.63,1.62,-0.57,0.18,-0.28,0.0
0.3028466569308108,-1.84,0.71,-0.19,0.0,-0.22,0.0
0.6373414457814031,0.35,0.8,-0.2,0.26,-0.22,0.0
-4.733323846740833,-1.87,-0.26,-0.82,0.05,0.51,0.0
0.746446343519036,-0.88,-0.44,-0.83,0.01,-0.31,0.0
-1.5512875766953704,0.51,-0.03,0.76,0.42,-0.02,0.0
0.9054327272373763,0.63,0.6,0.06,0.01,0.18,0.0
0.9322715135286375,-0.56,-1.51,0.02,0.5,-0.09,0.0
-0.36945134579750016,2.47,0.84,1.01,0.08,0.07,0.0
-1.0893585392231286,1.7,1.71,0.75,-0.55,-0.1,0.0
6.326858357640286,3.12,-1.38,-0.42,-0.19,-0.1,0.0
4.220399158027788,-0.26,0.35,-1.16,-0.35,-0.58,0.0
-1.6493824429314685,0.87,1.18,0.88,-0.48,-0.14,0.0
-2.1608171314067226,-2.97,-0.03,-1.17,0.23,0.09,0.0
1.8569237726266286,0.47,0.67,0.41,-0.26,0.58,0.0
-2.286938158585883,-2.21,-1.59,-1.25,0.55,0.11,0.0
-2.1196840707875864,-2.26,-0.11,-1.94,0.39,0.45,0.0
-1.0714826583787862,0.29,0.35,0.39,-0.67,-0.34,0.0
-2.7134974166101555,-3.38,-0.76,-1.3,0.33,0.22,0.0
-2.285231325031145,0.43,1.75,-2.3,0.64,0.42,0.0
-1.259312460379225,0.77,0.12,-1.05,0.28,0.45,0.0
-5.016396595811412,-5.29,-0.89,-4.11,0.9,1.14,0.0
5.92069716279493,4.17,-0.18,2.83,-0.85,-1.11,0.0
6.67634292936039,-1.61,-1.23,-1.78,0.5,-0.8,0.0
0.0,0.43,-0.31,1.12,-0.32,-0.44,0.0
1.4486446666698516,0.55,0.74,-0.68,0.38,-0.31,0.0
1.2159677444672834,1.07,-0.18,0.29,-0.7,-0.1,0.0
3.8245190666945206,3.29,0.07,2.82,-0.48,-0.61,0.0
-1.273878093742531,-3.22,-0.68,-2.15,0.05,-0.01,0.0
-3.0860319789992263,-2.16,0.09,-1.19,-0.06,-0.33,0.0
1.5311187772500512,0.06,1.17,-0.39,-0.12,0.28,0.0
1.6063855811878192,1.46,-0.58,-2.42,0.88,0.48,0.0
0.6130506088440679,-0.6,-0.3,-0.32,-0.34,-0.52,0.0
3.1106066460505177,1.61,0.04,-0.08,-0.13,-0.15,0.0
3.3797102008257918,2.79,0.48,2.43,-0.16,-0.3,0.0
2.797789211364221,0.03,-0.68,0.06,0.07,-0.38,0.0
-4.565419813875171,-4.63,0.38,-2.84,0.46,-0.13,0.0
-1.032431897873809,0.75,-0.48,1.22,-0.73,-0.02,0.0
2.530508326782499,0.3,0.24,-0.52,0.2,-0.49,0.0
-0.11079231681908608,-0.85,0.59,-1.48,-0.31,-0.22,0.0
-4.669269466058945,-4.36,0.42,-2.38,0.48,0.49,0.0
-0.16926144253436304,-0.33,-1.03,-0.75,0.38,-0.27,0.0
-3.952482300271798,-1.15,-0.34,-1.99,0.72,-0.28,0.0
0.6178175486776238,-1.17,-0.33,-0.94,0.47,0.37,0.0
-4.660121563537567,-3.43,-0.32,0.75,-0.01,0.54,0.0
3.7953304444533043,4.01,-0.3,3.05,-1.15,-0.26,0.0
1.0082985625696317,-1.15,-1.42,0.31,-0.06,-0.04,0.0
-2.1610324022743876,-1.54,-0.19,1.35,0.13,-0.23,0.0
0.13452652199339443,-2.01,1.31,-2.04,0.26,0.37,0.0
-1.5339880699014818,-4.76,-0.53,-0.3,0.24,0.83,0.0
0.4889755631544812,-0.72,-1.1,-2.31,-0.26,-0.79,0.0
3.168502396232964,2.42,0.19,-0.91,-0.53,-0.2,0.0
-2.5556713809188225,-4.21,-1.15,-3.13,0.42,0.1,0.0
-3.9846554729528805,0.2,0.2,-0.63,-0.24,-0.13,0.0
-2.5674225085465796,-1.1,-0.88,0.15,0.14,-0.56,0.0
6.641767110298624,6.36,0.06,4.19,-1.99,-0.08,0.0
4.569579625905806,0.3,-0.38,0.54,0.16,-0.5,0.0
3.959844784356892,4.16,1.88,2.6,-0.62,0.01,0.0
-0.43590708723604266,0.74,0.2,0.47,-0.13,-0.01,0.0
-0.5316734263227318,-0.55,-0.82,0.38,0.83,-0.1,0.0
4.443605211486701,3.2,0.99,1.55,-0.42,0.11,0.0
1.8663026703618302,2.17,0.99,4.01,-0.89,0.37,0.0
0.09850937616626698,-1.03,0.47,-2.7,0.69,-0.53,0.0
-0.02952372920841384,-1.95,-0.75,-0.87,0.27,0.05,0.0
5.974999616563337,6.9,0.35,4.25,-0.8,-0.1,0.0
-1.0775014972990271,-1.93,-1.51,-1.77,0.39,-0.22,0.0
-0.009352982608679117,0.94,1.34,1.41,-0.45,-0.29,0.0
3.173988542308437,2.68,1.89,-0.13,-0.13,0.22,0.0
-2.748692614767567,-2.03,-1.4,0.17,-0.41,0.39,0.0
-2.2086959381294125,-3.49,0.97,-3.84,1.24,-0.13,0.0
0.6029233199127404,1.3,-0.08,1.8,-0.24,-0.25,0.0
3.39611991280786,1.65,-0.19,1.6,0.0,0.57,0.0
3.6985627273394828,3.07,2.03,0.51,0.1,-0.21,0.0
2.9101714336658313,1.01,0.05,0.97,0.02,-0.49,0.0
2.1208363075727377,-0.92,-0.77,-0.8,0.29,0.07,0.0
-2.9126093699150646,-2.43,-0.81,-0.1,0.33,0.39,0.0
1.1478409968513903,1.28,1.07,0.02,-0.01,0.19,0.0
2.7940261377829234,3.92,1.51,4.54,-0.11,-0.55,0.0
0.5435712320121189,0.26,-0.47,2.3,-0.88,-0.22,0.0
-1.588755203533343,-2.02,-0.56,-3.0,0.28,-0.05,0.0
-0.5662865419174823,1.12,0.32,2.38,-0.32,0.4,0.0
3.2387091385539746,1.69,1.28,0.05,0.0,0.49,0.0
1.6220379585879297,0.55,0.96,0.37,0.46,0.14,0.0
-2.365896818918367,-4.32,-0.82,-4.29,0.45,0.33,0.0
1.0456276837111922,2.19,1.46,3.06,-0.12,-0.35,0.0
-0.2052900764515031,-0.6,1.37,-1.19,0.8,-0.11,0.0
3.201342132150664,0.66,-1.6,0.25,0.73,-0.38,0.0
-1.1960881071031215,1.77,0.83,0.05,-0.2,0.35,0.0
0.6698177841546027,-0.95,-0.64,-1.74,-0.24,-0.16,0.0
-0.6653610773298069,-0.2,0.94,0.12,0.28,-0.07,0.0
1.0007518487278766,2.41,1.1,1.26,-0.96,0.0,0.0
0.5513750071069801,-0.05,-0.44,-0.66,0.05,0.04,0.0
1.1205716325454196,0.45,-0.54,-0.2,0.28,-0.05,0.0
3.795993406856213,3.36,0.27,3.11,-0.26,-0.4,0.0
0.48456374756264964,-0.28,0.0,-0.24,-0.38,-0.38,0.0
-0.15822045507206672,1.46,-1.36,2.6,0.16,-0.23,0.0
-2.5962324139308546,-1.42,-0.72,-0.89,0.73,-0.14,0.0
0.10072894047234993,2.48,0.77,3.01,-0.47,-0.34,0.0
0.29415398868697373,-2.01,0.62,-2.42,-0.19,0.06,0.0
-3.9747552199347003,-0.32,-1.25,-1.46,0.37,0.5,0.0
-3.962353276731545,-2.91,-1.84,-1.52,0.18,0.43,0.0
2.8956152122005197,1.11,0.7,1.01,-0.3,-0.26,0.0
-0.431021077436311,-1.02,0.37,-1.19,0.11,-0.14,0.0
3.4553092740023716,3.13,0.71,2.09,-0.19,-0.28,0.0
0.6316479929698859,-0.04,0.04,-1.32,-0.05,0.01,0.0
-1.2397229039608049,-0.48,-0.27,-1.18,0.0,-0.11,0.0
-1.3426068235474875,-1.68,-0.04,0.4,-0.38,-0.21,0.0
-1.3528759127975354,-0.15,-0.54,-0.6,-0.32,0.37,0.0
6.759169541685006,2.79,1.75,0.66,0.18,0.04,0.0
1.7357405033694207,-1.8,0.01,-1.23,-0.19,-0.33,0.0
1.5182445431159541,1.34,-1.17,0.56,-0.11,-0.3,0.0
0.5478301382853212,1.38,0.51,-0.18,0.04,-0.16,0.0
2.606617704733183,2.73,1.39,-0.79,0.66,-0.21,0.0
0.1004503608180718,0.29,0.76,-0.22,-0.08,-0.05,0.0
1.0466604934134427,-1.39,0.66,-0.82,0.15,0.28,0.0
1.9794456027240948,1.18,0.46,1.25,-0.58,-0.51,0.0
0.6470006548209062,-0.19,0.04,-0.6,0.17,-0.22,0.0
-0.5668452148133274,-0.2,-0.79,0.58,-0.11,0.06,0.0
-0.7854497706838992,0.49,0.25,-0.25,-0.51,-0.31,0.0
-1.7307096949130796,-0.35,-0.37,-0.45,0.2,-0.02,0.0
-0.21396342012263148,0.63,-0.18,0.33,-0.71,-0.06,0.0
-2.129248624784996,0.03,-0.11,-0.03,0.06,0.24,0.0
-0.6424961212271207,-2.38,-0.42,-0.36,0.07,0.2,0.0
0.19100441521735512,-1.33,-0.23,-0.33,-0.27,0.08,0.0
-0.5647145578909663,-0.08,0.76,-1.02,0.15,0.22,0.0
0.22128646829142617,0.74,-0.41,0.41,0.3,-0.16,0.0
2.6494223567265163,0.35,0.38,0.15,-0.29,-0.27,0.0
-1.5127831153560978,-3.07,-0.68,-0.79,0.1,0.66,0.0
-2.445939481663928,0.08,-1.0,0.18,-0.23,0.0,0.0
1.6490988370161608,0.78,0.22,-0.15,-0.4,-0.09,0.0
2.6721878935219268,2.19,0.8,-0.01,0.41,0.0,0.0
1.844688945337425,0.03,1.55,0.13,-0.61,-0.47,0.0
-0.3299744666601545,0.82,-0.99,0.39,0.08,0.41,0.0
0.3240450861113242,-0.74,0.26,-0.2,0.05,-0.18,0.0
0.2808473263968603,0.55,1.41,0.2,0.49,0.56,0.0
-1.9673938851930028,-2.9,-0.83,-1.11,0.07,-0.24,0.0
-1.0070096885677948,-0.03,-0.99,-0.95,-0.03,-0.11,0.0
-2.3158909215708623,-1.92,-0.01,-0.15,-0.22,-0.1,0.0
1.3441974804150103,-0.19,-0.75,-1.1,0.98,-0.63,0.0
-0.6267729154939894,0.35,-0.39,1.25,-0.47,0.13,0.0
1.5840910659684404,-0.34,0.84,-0.53,0.36,0.05,0.0
2.7577489953024115,2.43,-0.32,1.78,-1.16,-0.08,0.0
-0.04922599467617195,0.59,0.34,0.62,0.29,0.43,0.0
3.24034608154955,2.98,0.68,1.37,-0.41,0.49,0.0
0.4357157918938537,0.94,0.41,-0.15,0.56,-0.05,0.0
2.867363540892476,-0.05,-0.31,-0.11,0.52,0.33,0.0
0.764487849404083,1.19,0.39,0.35,0.39,0.7,0.0
-0.9156013660663875,0.31,-0.65,-0.82,0.57,-0.11,0.0
3.4519082018079628,0.08,0.63,0.39,-0.33,0.26,0.0
0.6891058705766229,2.37,0.76,1.02,-0.18,0.49,0.0
1.3749650420663784,0.38,0.31,0.09,-0.16,0.35,0.0
0.06874895778448131,0.29,0.22,0.98,-0.81,0.45,0.0
-0.062485004393419974,-0.2,0.24,-0.3,-0.49,-0.06,0.0
0.01873138537524799,-0.46,-0.16,-0.84,0.08,0.1,0.0
1.724683511291225,1.24,0.49,1.46,-0.21,-0.14,0.0
0.36860757733179206,0.05,-0.07,1.23,-0.19,0.12,0.0
1.860615967840551,1.63,0.24,1.68,-0.06,0.06,0.0
-0.5288242458981185,0.32,0.53,0.78,-0.47,0.56,0.0
-0.2657794163378746,-0.31,-0.86,1.69,-1.4,0.19,0.0
-0.7267793450377091,-0.62,-0.97,0.07,0.06,0.33,0.0
0.9761334631068319,1.44,1.12,1.2,-0.08,0.19,0.0
-0.4773639037844779,-0.32,0.57,0.3,0.13,-0.04,0.0
-1.1473154195605573,-1.25,-0.27,-1.21,0.9,0.16,0.0
1.5230457086541804,1.21,0.53,0.51,-0.44,0.16,0.0
1.8813343963014928,0.73,-0.17,1.1,-0.77,-0.05,0.0
-0.9737646193316629,-0.97,-1.21,-0.26,-0.03,-0.13,0.0
-4.311071398303811,-2.46,-0.33,-1.69,0.54,-0.12,0.0
2.763317060418591,1.11,0.56,1.24,-0.33,0.26,0.0
0.36586854345850295,0.72,0.35,-0.43,0.26,0.22,0.0
1.051016329545118,1.0,0.05,0.82,-0.11,0.1,0.0
1.7375500575732783,1.83,0.44,0.72,-0.26,-0.02,0.0
-0.09457657907702144,-0.09,0.06,-0.32,0.47,0.05,0.0
0.20107849396806543,0.27,0.26,0.69,-0.31,0.62,0.0
-1.1747196641582525,-0.01,0.15,0.09,-0.14,0.23,0.0
1.2185616609371452,0.21,-0.12,0.55,-0.11,0.24,0.0
0.354129338370579,-0.19,-0.39,0.56,-0.39,0.33,0.0
-1.082078981396728,-0.86,-0.52,-0.63,-0.22,-0.16,0.0
-1.729964478188739,-2.15,-0.17,-2.06,1.06,-0.44,0.0
-0.07260977358908294,-0.28,-0.02,-0.7,0.21,0.17,0.0
0.8293962830163926,0.93,0.22,1.12,-0.45,0.15,0.0
2.257598596315713,1.31,0.25,0.25,0.12,0.19,0.0
1.5383531028456465,0.89,0.17,0.09,0.19,-0.01,0.0
-1.0350786300638126,0.9,0.93,0.69,-0.2,0.13,0.0
0.8297392489621025,1.08,0.58,0.93,-0.22,0.18,0.0
-0.23186502682088772,-0.1,0.07,-0.05,0.34,0.05,0.0
0.9061673795627945,0.65,0.23,0.61,-0.25,0.35,0.0
0.8289117962031467,0.44,0.6,0.57,-0.07,-0.01,0.0
3.8308143673375206,1.54,0.53,1.31,-0.61,-0.15,0.0
1.4735826729526114,-0.3,-0.01,-0.28,-0.02,-0.17,0.0
0.2546475240787771,0.23,0.15,-0.18,0.17,0.13,0.0
-0.5404497302778477,-0.27,-0.17,-0.65,-0.11,0.04,0.0
0.24992044726135365,0.66,0.12,1.48,-0.35,0.13,0.0
0.552925538539184,-1.0,0.0,-0.89,0.15,-0.16,0.0
-0.9056527442613538,-1.06,-0.79,-1.33,0.53,-0.37,0.0
-0.7888162618331251,-0.64,0.1,-0.5,0.24,0.0,0.0
2.072709157962893,1.78,0.52,1.1,-0.43,0.31,0.0
-0.41364709129992905,-0.12,0.02,0.38,0.42,0.01,0.0
-0.016192640273460235,-0.4,-0.63,-0.62,0.26,-0.16,0.0
-2.4224184296599782,-2.58,-0.78,-1.38,0.77,-0.24,0.0
2.2337459894573586,-0.52,-0.29,-0.14,-0.1,0.01,0.0
0.6057392165581321,1.49,0.36,1.81,-0.34,0.38,0.0
2.144938179232936,1.4,0.53,0.26,0.11,-0.16,0.0
0.12633436383391317,0.26,-0.31,0.57,-0.36,-0.15,0.0
-0.5151294626307146,0.84,0.3,0.42,0.81,0.02,0.0
0.6340070515790774,0.58,0.57,-0.25,-0.12,0.07,0.0
0.17850110160821941,0.36,-0.48,0.35,0.06,0.23,0.0
-0.4140439301526522,-0.21,0.05,-0.16,-0.04,-0.02,0.0
0.6683957731663082,1.7,0.18,1.17,-0.59,0.28,0.0
-0.3816534075395617,0.35,-0.3,-0.42,0.78,-0.26,0.0
-1.3171590108212339,-0.8,-0.17,-1.26,0.76,-0.37,0.0
0.962515482919124,0.94,0.02,0.01,0.45,0.08,0.0
4.6876779524531065,-0.71,-0.75,-0.55,0.38,-0.37,0.0
3.099198906725986,-0.87,-0.17,-0.54,0.76,-0.06,0.0
0.13660131641894946,1.03,0.1,0.65,-0.41,0.34,0.0
-0.6139990925297378,-1.23,-0.9,-1.02,0.42,-0.99,0.0
-0.7158825736160224,-1.18,-0.2,-1.34,0.78,-0.06,0.0
-2.523694678455779,-0.52,-0.69,-0.61,0.22,0.08,0.0
-2.5181448108072435,-2.15,-1.72,-1.34,0.08,-0.33,0.0
2.053020432940822,2.17,0.03,1.69,-0.68,0.29,0.0
-3.9979643040636725,-2.75,-0.34,-1.93,0.59,-0.29,0.0
0.42969493633229217,0.52,-0.78,-0.3,0.34,-0.08,0.0
-0.2957974340202507,0.46,1.15,0.8,-0.15,0.25,0.0
1.0913882797542351,0.07,-1.18,-0.53,0.3,-0.24,0.0
1.68754773504054,2.04,1.25,0.64,0.06,0.36,0.0
0.15977984322252947,0.26,-0.32,-0.49,-0.1,0.01,0.0
3.663658008080728,2.17,-0.28,1.34,-0.11,0.29,0.0
0.7545272145858428,-0.04,-0.79,-0.08,0.65,0.0,0.0
0.13301127388236633,0.53,0.31,0.31,-0.66,0.28,0.0
-0.6199130008147979,-1.1,-1.0,-0.77,0.15,-0.07,0.0
1.2178454873739364,0.63,0.32,-0.04,0.15,0.07,0.0
1.0662771093332024,1.56,1.29,0.17,0.27,0.35,0.0
0.17906837507992712,0.14,-0.23,-0.07,-0.06,-0.19,0.0
-0.5024108207543732,-0.14,-0.39,0.45,-0.3,0.05,0.0
-2.6461527677830166,-1.38,-0.87,-0.62,0.13,-0.14,0.0
-0.29422980199157456,-0.33,0.13,-0.44,0.07,-0.18,0.0
2.9812094280914136,1.3,0.41,-0.1,0.08,-0.29,0.0
-0.6994678965596246,-0.07,-0.22,-0.5,0.21,-0.03,0.0
-0.12229348382988281,0.48,-0.43,0.12,0.22,-0.04,0.0
-1.7630500533104998,-1.74,-0.65,-0.81,0.36,-0.13,0.0
-0.33898307771619285,0.25,-0.26,0.74,-0.81,-0.25,0.0
-1.4706807501524866,1.3,0.53,-0.28,0.24,0.12,0.0
-0.3756846728451002,0.2,1.0,-0.36,0.05,0.16,0.0
0.12740196332226006,-0.86,-0.28,-0.33,0.35,0.08,0.0
-1.6083412507587158,0.7,1.71,0.77,-0.35,0.4,0.0
-2.260455787182658,-0.14,0.54,-0.26,0.52,0.25,0.0
0.48684976362232124,-0.98,0.02,-0.14,-0.11,0.01,0.0
4.1765976384056325,0.33,-0.19,-0.02,-0.04,-0.06,0.0
-0.6926491065235685,0.5,-0.94,-0.1,0.49,-0.26,0.0
-0.8959889971489221,0.44,0.43,0.49,0.17,0.24,0.0
1.1866216048455058,0.78,0.71,0.33,-0.2,-0.64,0.0
-1.426523678791758,-0.46,0.16,-0.59,0.39,-0.32,0.0
0.44288323561629817,0.18,0.51,0.71,-0.46,0.07,0.0
-1.6253699794098742,-1.16,0.13,-0.34,0.33,-0.27,0.0
1.8607323796504538,0.67,0.26,0.19,-0.6,-0.55,0.0
1.4327366011043896,1.02,0.29,0.29,0.14,0.2,0.0
1.0745093572819053,0.43,0.56,-0.1,-0.07,0.4,0.0
0.8684316317401741,0.38,0.86,-0.39,0.44,-0.19,0.0
3.4339382889279957,0.5,-0.07,0.19,-0.16,-0.03,0.0
1.2294287714413432,0.09,-0.16,-0.29,0.17,-0.16,0.0
-1.1861113828494085,-0.09,0.07,-0.09,-0.03,0.0,0.0
1.2146970195817897,-0.01,-0.06,-0.1,-0.18,0.22,0.0
-0.4299667777530658,-1.01,-0.17,0.39,-0.45,0.17,0.0
1.556492981340707,1.69,0.79,1.14,-0.17,0.21,0.0
0.17287101165832652,0.31,-0.42,1.22,-0.18,0.18,0.0
-1.5906293233095004,0.13,-0.14,0.55,-0.05,0.2,0.0
-0.18485023874982298,0.4,0.25,0.96,-0.66,0.22,0.0
0.6648222912416069,0.33,0.31,0.02,0.23,-0.4,0.0
-0.882128039860075,0.13,-0.14,-0.26,0.18,0.58,0.0
-1.1375301796423654,-1.0,-0.36,-1.28,0.52,-0.03,0.0
1.410555719228035,0.85,0.32,0.31,-0.34,0.09,0.0
-0.5791609536542897,0.24,0.25,0.08,-0.3,-0.02,0.0
-1.6711861388109428,-1.11,-0.19,-0.39,0.62,-0.15,0.0
4.423829041837757,1.26,0.46,-0.2,-0.15,-0.03,0.0
-1.5392335499280319,-0.98,-0.53,0.22,-0.55,-0.14,0.0
-1.7286573289254092,-1.74,0.13,-1.09,-0.03,-0.45,0.0
-4.959844410223157,-2.13,0.49,-0.9,0.47,-0.01,0.0
2.6902692150601037,0.37,-0.22,0.34,0.08,0.11,0.0
1.413298804297991,-0.45,-0.24,-0.45,0.3,-0.07,0.0
0.9420234581736908,0.53,0.27,0.2,-0.88,-0.01,0.0
-4.132178498840588,-1.18,-0.51,0.42,-0.03,0.05,0.0
-3.627890731350214,-0.97,-0.09,-0.42,-0.21,0.19,0.0
1.3901928373925898,1.39,-0.14,0.89,-0.14,0.68,0.0
0.580296945670189,1.21,-0.28,0.64,0.29,0.68,0.0
1.720594137335807,-0.49,0.01,-0.37,0.17,-0.09,0.0
-3.6038619955239604,-3.14,-0.32,-1.19,0.45,-0.05,0.0
1.7755660298163667,0.29,-0.03,0.01,-0.65,-0.15,0.0
-0.6855189042564991,-0.79,-0.06,-0.38,0.15,0.14,0.0
1.066315503583648,1.33,0.36,0.57,0.31,0.4,0.0
-0.5453614815873697,-0.17,0.3,0.3,-0.5,-0.07,0.0
1.819360088433819,1.13,0.67,0.06,0.04,-0.18,0.0
0.8607096489032795,-0.07,0.96,0.14,-0.21,0.25,0.0
1.507174491767982,1.75,-0.13,1.02,0.01,0.09,0.0
-0.41789249951710294,0.49,0.16,0.1,0.21,-0.06,0.0
0.18759701094432923,0.62,0.09,0.02,0.24,-0.13,0.0
-0.620906227403728,0.28,0.09,0.48,-0.24,-0.01,0.0
-0.6198266314480283,-0.05,0.01,0.6,-0.75,-0.11,0.0
-1.6764808451373736,-1.24,0.18,-0.94,0.33,-0.02,0.0
1.8268321693250877,0.94,-0.27,0.55,-0.25,0.01,0.0
0.6678016307224421,-0.13,0.25,0.27,0.14,0.04,0.0
1.297022537287651,0.12,-0.42,0.4,0.1,-0.04,0.0
2.1357245151433224,1.2,1.19,0.05,0.08,0.51,0.0
-0.06703136415102673,0.32,0.62,0.17,-0.18,-0.07,0.0
0.22979979418049634,0.09,0.14,0.09,0.06,0.29,0.0
0.6592982756755905,0.37,0.17,0.2,-0.01,0.24,0.0
3.9105708534464156,1.43,0.52,0.62,-0.18,0.25,0.0
0.059392797779111994,0.02,0.14,0.3,-0.17,0.12,0.0
1.7984051189005035,0.21,0.26,-0.09,-0.01,0.02,0.0
0.816068137091186,0.54,0.17,0.71,-0.49,0.3,0.0
0.2935406005804886,0.43,-0.06,-0.09,-0.19,0.13,0.0
0.4878165374932131,-0.02,0.01,-0.25,0.52,-0.05,0.0
-1.218009900658723,-0.02,-0.36,-0.5,0.17,-0.13,0.0
0.27252729144040533,0.78,-0.08,0.57,-0.17,0.19,0.0
-0.14702884289944373,0.57,0.08,0.37,-0.12,0.07,0.0
0.23648923305723546,-0.1,-0.25,-0.59,0.11,0.07,0.0
-1.0683434943166592,-0.61,-0.65,-0.62,0.05,-0.48,0.0
1.1248491084863588,0.67,0.84,0.03,0.12,0.09,0.0
1.6062523132715834,0.8,0.38,0.34,-0.02,0.12,0.0
0.4422719926454821,-0.6,-0.49,0.79,-0.39,0.06,0.0
-1.1858672473057053,-0.26,-0.48,-0.26,-0.13,-0.04,0.0
1.8751728301408255,0.06,-0.08,0.27,0.04,0.13,0.0
0.64529598548142,0.59,-0.05,0.2,0.26,0.13,0.0
1.4888256659390864,0.04,0.22,-0.43,0.32,-0.22,0.0
-0.36036894790900664,-0.36,-0.45,0.2,-0.23,-0.08,0.0
0.41273956299334724,0.75,0.07,0.79,0.13,0.37,0.0
1.0679504891415448,0.95,1.13,0.85,-0.15,0.32,0.0
0.44027964777628714,0.19,0.35,0.47,-0.25,-0.12,0.0
0.442571093930777,-0.48,0.2,0.27,-0.09,0.18,0.0
-0.2702221912077696,0.31,-0.23,0.35,-0.05,0.22,0.0
0.7668448645095527,0.66,-0.16,0.17,0.24,0.21,0.0
0.2067720084949709,0.23,0.33,0.07,0.01,0.21,0.0
0.057772759081031744,0.07,0.11,-0.06,0.12,0.04,0.0
1.344756168422756,1.24,1.04,1.43,-1.12,0.52,0.0
1.3146363917217796,0.11,0.54,-0.03,0.19,-0.21,0.0
-0.6106598645951755,-1.53,0.49,-1.87,1.04,-0.24,0.0
-0.13333838889849625,0.28,-0.89,-0.04,-0.09,0.21,0.0
-1.0037798762933203,0.88,0.75,0.59,-0.17,-0.03,0.0
5.981410947369015,-0.06,0.71,0.19,0.4,-0.17,0.0
2.796930219931637,0.37,0.85,0.53,-0.09,0.13,0.0
1.6361725519435044,0.7,0.37,0.6,-0.06,0.16,0.0
-0.4911217321806771,-0.43,0.38,-0.38,0.75,0.29,0.0
-2.768057264462309,-2.34,-0.05,-1.36,0.47,-0.66,0.0
-0.1679124185716696,0.56,-0.59,0.7,-0.57,0.34,0.0
2.6911113397684705,1.34,0.53,0.54,-0.53,0.48,0.0
-2.810422624571518,-1.72,-1.09,-0.86,0.37,-0.54,0.0
2.014625737951947,1.36,0.76,0.59,-0.21,0.39,0.0
-2.879677426845373,-2.5,-0.63,-0.92,0.26,-0.21,0.0
-1.039878533838079,-0.75,-0.82,-0.6,0.08,-0.46,0.0
-3.804848412124351,-3.27,-0.38,-0.91,0.8,-0.34,0.0
-4.219294480977542,-1.75,-1.34,-0.51,0.22,-0.18,0.0
7.686753110077316,4.47,1.04,1.23,-0.54,0.19,0.0
0.9961378157156364,-0.17,1.12,-0.16,-0.11,0.03,0.0
2.171373178306979,1.63,1.45,0.15,0.09,0.21,0.0
-1.423227835354235,-1.12,0.32,-0.33,0.17,-0.18,0.0
-1.7572085724395725,-1.91,-0.34,-0.75,0.39,-0.29,0.0
0.1576025569198336,0.11,0.03,-0.59,0.16,0.13,0.0
-0.7316862054835394,-1.41,-0.31,-0.96,0.62,-0.3,0.0
-1.592937314489018,-0.63,-0.87,0.04,-0.22,0.17,0.0
-4.2602921891612855,-3.99,-1.07,-1.2,0.51,-0.31,0.0
1.9179153598066545,1.43,-0.21,1.57,-0.77,0.12,0.0
1.8322464777033032,-1.19,0.19,-0.89,0.64,-0.07,0.0
-0.6240915444229667,-0.03,-0.41,0.56,-0.51,0.16,0.0
-0.4526722849631626,-0.35,0.92,0.4,-0.28,0.15,0.0
3.785199995675259,3.44,0.83,1.63,-0.38,0.72,0.0
1.3933792801871459,-1.18,0.04,-0.69,0.34,-0.04,0.0
1.5376062595069184,-1.89,-1.26,-1.63,0.09,-0.3,0.0
1.1962683795000872,2.63,0.27,0.42,-0.36,0.0,0.0
-0.3144202696323428,0.54,0.67,-0.28,0.27,-0.26,0.0
-2.7212517090758004,-3.62,-1.29,-0.68,0.1,-0.26,0.0
-1.96125737282985,-1.52,-1.19,-1.0,0.5,-0.67,0.0
-0.6415673608663908,0.91,-1.37,0.12,-0.12,0.22,0.0
-2.458600593668825,-0.46,0.73,-0.2,0.44,0.24,0.0
3.0057359141656415,2.95,0.47,0.89,0.12,0.37,0.0
1.1976248568880354,0.61,0.95,0.03,-0.1,0.05,0.0
0.30366797980798665,-0.06,0.62,-0.01,0.22,0.22,0.0
2.12760024050318,2.36,0.19,0.91,-0.29,0.11,0.0
2.911162558501279,-0.11,-0.25,-0.32,-0.01,-0.32,0.0
1.7287272491034233,0.08,-0.22,-0.5,-0.21,-0.04,0.0
0.8091825961002996,0.13,0.0,0.22,-0.2,-0.14,0.0
-1.4229505731691239,-0.47,-0.55,-0.05,0.2,0.1,0.0
1.3620668530305968,-1.63,-0.47,-0.74,-0.24,-0.3,0.0
-1.0516832086933547,-0.29,0.0,0.23,-0.15,0.03,0.0
-0.7270021368471657,-1.65,0.0,-0.89,-0.03,-0.2,0.0
-0.855028712159922,0.48,1.22,1.06,-1.19,-0.24,0.0
0.5999295827629592,-0.23,-0.12,-0.77,0.31,0.03,0.0
-4.521066035450449,-3.23,-0.8,-1.28,0.46,-0.24,0.0
-1.811263883976233,-0.98,0.0,-0.33,-0.01,-0.02,0.0
-1.2126222600023828,-0.4,-0.37,-0.4,0.47,0.16,0.0
-0.6197523613993838,-0.49,-0.33,-0.45,0.12,-0.36,0.0
0.6843841431229736,0.34,-1.94,0.08,0.04,-0.45,0.0
4.038150691111664,3.17,0.06,0.36,-0.75,0.92,0.0
-0.2242573629989475,1.0,0.55,0.03,0.04,0.11,0.0
0.592837857792472,0.81,0.69,0.58,-0.63,0.5,0.0
-0.8974889648804663,-0.11,-1.15,0.07,0.27,-0.15,0.0
-2.1337433906802206,1.77,1.62,0.58,-0.69,0.93,0.0
0.36930232440663957,-0.04,-0.2,-0.83,0.5,-0.33,0.0
-0.5064782830167314,0.02,-0.86,-0.16,0.31,-0.08,0.0
-0.6164157014364569,-2.94,-0.61,-0.96,0.97,-0.71,0.0
-1.7286933188239595,0.54,-0.21,-0.18,0.04,0.2,0.0
2.569470997625145,1.23,0.6,0.03,-0.04,0.53,0.0
0.932914662104678,-1.3,-0.41,-0.36,0.31,-0.05,0.0
1.8801396143401705,2.37,1.24,0.59,-0.74,0.75,0.0
0.3551718844212681,1.05,1.4,-0.33,-0.28,0.5,0.0
-0.2539217838454899,1.23,0.9,0.15,-0.52,0.25,0.0
1.851294625241029,-0.23,-0.29,0.31,0.43,-0.34,0.0
-1.1814852894277417,-0.83,-0.87,0.04,0.38,-0.26,0.0
-1.0921096931399088,-0.36,0.38,0.67,-0.14,-0.1,0.0
-0.33318288801663654,0.06,0.06,-0.22,-0.05,0.06,0.0
1.7881712525721571,2.09,-0.51,0.08,-0.31,0.4,0.0
0.03054174312475677,-0.55,-0.37,-0.47,0.17,-0.63,0.0
0.4008609049262368,0.74,0.37,-0.09,-0.27,0.2,0.0
-0.4867193717756124,-0.22,-0.87,0.12,0.02,0.14,0.0
-0.6152069520536374,-0.36,-0.19,-0.31,0.09,-0.22,0.0
0.6382405791706125,0.62,0.61,0.18,-0.15,0.01,0.0
-0.8939880356961027,-0.78,-1.26,-0.19,0.37,-0.27,0.0
-3.554181699390069,-2.91,-1.08,-0.62,1.01,-0.58,0.0
0.6394866973625124,-0.5,0.03,-0.08,0.55,-0.17,0.0
-1.0683779168556562,-0.46,-0.78,0.27,-0.18,0.03,0.0
-0.5861302402571655,0.1,0.88,-0.2,-0.11,0.07,0.0
1.7485467245815345,1.31,0.48,-0.18,-0.25,0.15,0.0
0.4365323727488324,0.21,0.09,0.04,0.04,0.33,0.0
-1.2605302295050969,-1.74,-0.88,-0.4,0.37,-0.41,0.0
-0.09603984832906587,-0.28,0.25,-0.25,-0.15,-0.18,0.0
-1.5382230476599368,-0.5,-0.91,-0.4,0.24,-0.4,0.0
-2.3881067373671128,-1.48,0.18,0.22,0.14,-0.09,0.0
1.2337098728200102,0.45,1.02,0.01,-0.2,0.01,0.0
-1.0745605938852432,-0.76,-0.11,-0.22,0.15,-0.17,0.0
0.5576870370005205,1.82,0.94,0.35,-0.89,0.22,0.0
0.36421294135460247,-1.54,-0.85,-0.4,0.32,-0.34,0.0
0.2473933644317361,0.01,-0.19,0.78,-0.44,0.28,0.0
2.9741017652039847,3.05,0.7,0.45,-0.32,0.43,0.0
0.735034646579491,0.97,0.23,-0.37,-0.14,0.54,0.0
2.617274728193042,1.35,0.37,0.17,-0.23,0.15,0.0
-0.37096772211552276,-1.23,-0.87,-0.75,0.45,-0.5,0.0
1.9820522309889732,0.65,0.07,0.11,-0.33,-0.02,0.0
0.0570735526792987,0.44,-0.4,0.5,-0.01,0.03,0.0
0.12923974226026758,0.45,-0.09,-0.11,0.17,-0.01,0.0
1.378069601599008,1.3,1.17,0.15,-0.37,0.3,0.0
0.3819909014742384,-0.06,-0.3,-0.5,0.22,-0.14,0.0
0.8057606220128077,0.36,0.11,-0.19,0.21,-0.28,0.0
2.3499478926900075,-0.07,-0.54,-0.69,0.22,-0.24,0.0
-0.43393864221193956,0.15,0.54,-0.49,0.18,-0.22,0.0
2.854361202988387,1.6,1.16,0.18,-0.25,0.3,0.0
0.1906706232626787,-0.31,-0.34,-0.26,0.06,-0.28,0.0
1.4025714575783832,-0.52,-0.59,-0.58,0.62,-0.21,0.0
0.4066025787448524,-0.78,-0.17,-0.66,0.25,-0.18,0.0
1.176776167533844,2.19,0.96,0.55,-0.68,0.53,0.0
-0.3968520738844128,-0.46,0.17,-0.46,0.15,-0.09,0.0
-1.4768089167272125,0.57,0.51,0.15,-0.23,0.19,0.0
0.177793454531594,-0.17,0.63,-0.2,-0.1,0.07,0.0
-1.2597069816350892,-0.26,0.1,0.33,-0.1,0.0,0.0
-0.43349244044185165,0.43,0.05,0.16,0.11,0.29,0.0
-1.3733338270683904,-0.88,-0.71,-0.1,0.03,0.01,0.0
3.6964883075775834,2.11,0.78,0.18,-0.2,0.12,0.0
0.08652347849036346,-0.11,-0.36,0.42,0.21,0.22,0.0
0.01039099499879903,-0.16,0.06,-0.26,0.02,0.02,0.0
1.676921348230609,0.74,0.85,-0.15,-0.3,0.41,0.0
0.4386626989104636,0.04,0.08,-0.25,0.35,0.04,0.0
1.0766923684874419,0.39,0.0,0.19,-0.19,-0.02,0.0
0.535945477717048,0.78,0.82,-0.26,-0.06,-0.07,0.0
0.7229648094053021,-0.38,0.27,-0.32,0.23,-0.16,0.0
4.111670850070515,0.18,-0.22,-1.13,0.59,-0.65,0.0
1.0357946345834312,0.69,0.15,0.85,-0.25,0.19,0.0
-2.6760949279181157,-1.67,-0.73,0.24,0.25,-0.18,0.0
0.33602837577517697,1.06,0.04,0.07,0.23,0.23,0.0
-0.32527729723187404,0.11,-0.58,-0.48,0.44,-0.21,0.0
-0.662293634241029,0.29,0.42,-0.4,-0.25,-0.25,0.0
0.445555270230491,0.31,0.41,-0.45,-0.04,-0.07,0.0
-0.2557873391290433,0.02,0.0,-0.22,0.3,-0.14,0.0
-0.07143209584452581,-0.24,-0.26,-0.28,-0.45,-0.09,0.0
-0.8413216450795069,0.08,-0.61,-0.08,0.1,-0.22,0.0
-1.3956433882683639,0.07,0.32,-0.13,0.09,0.19,0.0
1.0631591325136913,-0.01,-0.66,-0.19,0.28,0.01,0.0
1.7029596112909218,0.9,1.25,-0.15,0.09,0.07,0.0
1.1119757904406447,0.38,-0.05,0.15,-0.2,0.1,0.0
1.7487114843090845,1.94,0.53,0.93,-0.78,0.91,0.0
-0.3582105120443102,0.41,-0.02,0.55,-0.32,0.49,0.0
0.4698655358342352,-0.12,0.42,-0.46,0.24,-0.16,0.0
-0.797171555957632,-0.78,-0.47,-0.47,0.69,-0.19,0.0
0.6169184259636751,0.53,0.65,0.56,-0.43,0.38,0.0
-0.43391046748386675,-0.35,-0.07,-0.12,0.16,0.23,0.0
-2.7222703411085125,-1.29,-0.46,-0.06,0.16,-0.06,0.0
-0.3214137207269374,-0.09,0.23,0.26,-0.03,0.16,0.0
-1.7749618181153504,-1.57,-0.34,-0.11,0.34,-0.14,0.0
-0.3614683567312982,0.07,0.32,-0.26,0.19,0.22,0.0
2.6389701344580185,1.58,0.31,-0.3,-0.27,-0.04,0.0
-0.5511948948154433,0.31,0.15,-0.19,-0.11,0.15,0.0
2.16154658765646,-0.02,0.5,-0.9,0.15,-0.28,0.0
-1.4775869695437982,-1.38,0.5,-0.24,0.38,-0.38,0.0
1.9661436553497724,1.6,0.63,0.05,-0.38,0.24,0.0
0.06354677041291446,-0.67,0.27,-0.33,0.21,-0.11,0.0
0.5936148747345715,-0.13,0.07,0.39,-0.12,0.13,0.0
-1.8051278037188534,-0.6,-0.21,0.05,-0.02,0.06,0.0
1.6872847664657575,2.12,-0.11,0.02,-0.41,0.42,0.0
0.5530892516586894,1.23,-0.24,0.58,-0.44,0.73,0.0
-0.22318517122937864,0.35,0.38,0.04,-0.08,0.27,0.0
0.853727130073012,-0.03,0.76,-0.09,-0.09,0.15,0.0
-0.6059669403412293,0.1,0.34,0.12,-0.03,-0.08,0.0
0.8799412253303496,0.32,-0.44,0.61,-0.33,0.16,0.0
-0.38939729896361186,0.42,0.04,0.59,-0.36,0.49,0.0
0.25020440984275805,0.67,0.47,0.18,-0.18,0.19,0.0
0.34621778251191504,-0.08,-0.57,0.04,-0.17,-0.05,0.0
-0.42899057320004985,0.09,-0.07,-0.05,0.36,-0.08,0.0
0.021861625639196802,-0.49,0.15,-0.54,0.19,-0.1,0.0
0.2778062871886977,0.7,0.41,-0.08,-0.25,0.02,0.0
-0.1992351697587158,0.15,0.14,-0.12,-0.33,0.25,0.0
0.4991021081465208,0.23,0.05,0.3,-0.28,0.2,0.0
0.6175373745611834,0.68,0.4,0.7,-0.56,0.3,0.0
0.29618253404819495,0.29,-0.3,0.72,-0.23,0.21,0.0
-0.47980563290228595,-0.16,0.05,-0.32,0.21,-0.18,0.0
0.33372849071631183,0.08,0.27,0.43,-0.35,0.16,0.0
0.24336716975017492,0.0,-0.43,0.19,-0.01,-0.14,0.0
-0.05532787505887482,0.17,0.09,-0.12,0.04,-0.07,0.0
-0.5011298491722549,-0.11,0.13,-0.04,0.2,0.03,0.0
-0.33985628417769753,-0.1,-0.6,0.22,-0.14,0.13,0.0
2.173252543319948,1.18,0.57,0.72,-0.43,0.18,0.0
0.5219079880038002,-0.26,-1.3,-0.02,0.01,0.02,0.0
0.817978165684452,0.6,0.62,0.12,-0.44,0.04,0.0
-0.0807818964009499,-0.15,-0.12,-0.33,-0.11,-0.11,0.0
0.7161337865477568,-0.21,-0.26,-0.21,0.18,-0.15,0.0
1.883226201046062,-0.02,0.47,-0.14,-0.41,0.08,0.0
-0.2365143151470961,0.39,0.11,0.19,-0.26,0.09,0.0
0.8137022685337669,0.87,-0.03,0.21,-0.35,0.32,0.0
0.3658755351052978,-0.18,0.13,-0.33,0.52,0.1,0.0
0.8099783385159709,0.69,0.04,0.6,-0.71,0.14,0.0
-2.2469011658040494,0.18,-0.01,-0.53,0.38,-0.13,0.0
-0.5313588337904185,-1.24,-1.35,-0.49,0.92,-0.45,0.0
-1.8179395258920206,-0.29,-0.93,0.58,0.61,0.34,0.0
-1.7915264301070377,0.11,-0.84,0.56,-0.13,0.33,0.0
3.2841498394154955,0.66,0.19,-0.23,-0.18,0.35,0.0
1.170561344760812,0.02,0.01,0.13,0.34,-0.12,0.0
0.7176209254036836,0.6,1.35,-0.22,-0.24,0.11,0.0
-0.18612169858476246,0.27,-0.05,0.36,-0.15,0.03,0.0
-2.071632131589163,-1.88,-0.81,-0.07,0.1,-0.37,0.0
0.9580748924773674,0.72,0.02,-0.29,-0.33,0.07,0.0
1.682735604819774,1.75,0.55,0.5,-0.3,0.16,0.0
-0.20577927518472539,-0.26,-0.1,-0.37,-0.07,-0.04,0.0
-0.25559346195690447,0.26,-0.01,-0.03,0.12,0.31,0.0
0.8910085934326739,0.29,-0.05,-0.43,-0.22,-0.03,0.0
1.5527100431415475,0.7,0.31,0.56,-0.32,0.23,0.0
0.9434854007144944,0.48,0.23,-0.02,0.09,0.1,0.0
0.8333445983358168,-0.31,-0.2,-0.04,0.32,-0.12,0.0
-1.0107360350928518,0.12,0.32,-0.35,-0.16,0.08,0.0
0.6515609218789686,0.67,0.39,0.45,-0.37,0.38,0.0
0.652921326597955,0.3,0.25,-0.14,-0.1,-0.07,0.0
0.2004789361664372,-0.38,-0.3,0.25,0.15,-0.11,0.0
0.8974742748250275,0.68,0.39,0.18,-0.15,0.28,0.0
-1.3300643547324187,0.37,0.34,0.22,-0.43,0.31,0.0
-2.160238428425665,0.12,-0.09,0.05,0.17,-0.02,0.0
-3.408837854089297,-2.19,-0.51,-0.22,0.74,-0.55,0.0
1.184243518143746,-0.78,-1.07,0.39,-0.12,-0.19,0.0
0.07590020116616802,0.04,0.64,-0.36,-0.23,-0.16,0.0
1.539852207945347,1.22,0.97,0.24,-0.72,0.47,0.0
1.4505393376298414,0.42,-0.41,0.28,-0.22,-0.19,0.0
-1.1041698870271288,-1.58,-0.29,-0.05,0.42,-0.46,0.0
0.8044104981464351,0.28,0.27,-0.25,-0.04,0.21,0.0
2.1129409971329505,1.76,0.46,-0.05,-0.32,0.11,0.0
0.12237115808113597,-0.67,0.25,-0.53,0.18,-0.21,0.0
-1.2888959159950697,-0.96,-0.65,0.09,0.36,-0.24,0.0
0.1125515768182428,0.97,0.53,0.63,-0.06,0.31,0.0
-0.9247759565938152,-0.18,-0.21,0.32,0.5,-0.26,0.0
-1.6455325286735545,-1.93,-0.72,-0.3,0.67,-0.57,0.0
1.5346029797364658,0.69,-0.32,0.13,-0.32,0.22,0.0
0.4460337792466573,-0.59,0.08,-0.39,0.16,-0.03,0.0
-2.2994205984613103,-1.05,0.27,-0.14,0.34,0.0,0.0
-4.464041768019422,-1.77,0.63,-0.11,-0.04,0.19,0.0
1.4029905425040123,1.12,-0.76,0.57,-0.29,0.15,0.0
-1.1863294361376342,0.49,0.6,0.09,0.06,0.32,0.0
2.609820773881766,1.58,0.85,-0.17,-0.39,0.0,0.0
0.5599953590664564,-0.34,-0.07,-0.05,0.14,-0.23,0.0
-0.5890855748637902,0.31,0.13,-0.47,0.08,0.09,0.0
1.7040238174277134,0.96,-0.19,-0.4,-0.26,0.34,0.0
1.9045541092213458,0.41,0.46,-0.02,0.11,0.03,0.0
-0.31292081467958477,-0.35,0.07,-0.26,0.35,-0.16,0.0
0.14833132028486684,0.73,0.21,-0.23,-0.17,0.16,0.0
-0.66385211996145,0.79,0.45,0.07,0.03,0.08,0.0
-0.03442275798529737,-0.11,0.56,-0.28,0.15,-0.07,0.0
-1.1334041916246873,0.52,-0.08,0.21,0.13,0.08,0.0
-0.9780371020451373,0.09,0.24,-0.15,0.16,-0.06,0.0
-0.6741098031949777,0.08,0.48,-0.26,0.11,0.3,0.0
-0.2508309737781822,0.2,-0.14,0.57,-0.15,0.19,0.0
0.011824307163332826,-0.2,-0.21,-0.2,0.23,-0.14,0.0
-0.8932551196629834,-0.47,-0.53,-0.25,0.09,-0.21,0.0
-1.2713853777727269,-0.39,-0.61,-0.08,0.42,-0.25,0.0
0.48365052812822107,-0.84,-0.65,0.06,0.51,-0.17,0.0
1.1221358272236248,0.11,0.07,-0.69,-0.06,-0.15,0.0
-1.1037710324314998,0.0,0.32,-0.23,-0.03,-0.18,0.0
-1.4920835802506471,0.44,0.51,-0.08,-0.02,0.29,0.0
1.3406391424135577,-1.15,-0.39,-0.28,0.27,-0.31,0.0
1.8110322536010637,0.51,-0.35,-0.25,0.02,0.23,0.0
1.3467035846934428,1.46,0.49,-0.51,-0.38,0.06,0.0
2.421093551786657,0.56,0.32,-0.06,-0.04,0.08,0.0
0.6587042819722333,-0.15,-0.04,-0.04,0.07,-0.28,0.0
-0.7336809164953717,0.89,0.06,-0.03,-0.26,0.43,0.0
-0.07707824276488306,0.66,-0.07,-0.25,0.19,-0.34,0.0
-0.9709959890031095,0.32,-0.09,0.16,0.01,-0.23,0.0
0.9747852182152128,0.29,0.2,-0.03,-0.22,-0.16,0.0
-1.0996151796427545,-0.28,-0.9,-0.16,0.47,-0.3,0.0
0.5544559001448457,-0.5,-0.92,0.33,0.55,-0.02,0.0
0.3934465213914162,-0.74,-0.57,-0.07,0.55,-0.32,0.0
-0.8066868748486167,-0.82,0.46,-0.34,0.26,0.22,0.0
-0.025943284623397567,0.45,0.07,-0.13,-0.25,-0.1,0.0
0.27111300805824357,0.55,0.66,-0.48,-0.01,-0.04,0.0
0.532252252548937,0.86,0.68,0.28,0.03,-0.07,0.0
-0.6353357511034385,-1.09,-0.64,-0.38,0.67,-0.42,0.0
-0.19001533474760635,0.52,0.3,-0.4,0.05,-0.08,0.0
-1.7514709746748514,-0.88,-0.48,-0.27,0.25,-0.2,0.0
-2.114511526656926,-0.77,-0.97,0.43,0.17,0.05,0.0
0.85207549279529,-0.11,-0.37,0.07,0.06,-0.28,0.0
1.1096223271182204,1.02,0.62,-0.29,-0.34,0.24,0.0
0.1942611242632175,0.22,-0.02,-0.07,0.15,-0.08,0.0
-1.5593679830915308,-0.73,0.03,-0.15,-0.22,0.0,0.0
-0.24465085341798254,-1.29,-0.52,0.02,0.31,-0.3,0.0
-0.6608488964281789,-0.15,-0.27,-0.03,0.11,-0.01,0.0
1.3817123630245787,0.45,0.99,-0.34,-0.45,0.17,0.0
-0.5285138784581256,0.52,0.67,-0.12,-0.07,0.02,0.0
0.7193895649025839,0.49,0.2,0.23,-0.17,0.14,0.0
3.08824068539022,1.04,0.38,-0.04,-0.19,-0.02,0.0
-0.6670098575501826,-2.33,-0.74,-0.25,0.6,-0.67,0.0
0.17078736315245813,-0.1,-0.04,0.14,-0.46,-0.08,0.0
-0.7686247343031583,-1.1,-0.49,0.12,0.16,-0.06,0.0
-1.5722760620221932,-1.18,-0.36,-0.26,0.51,-0.21,0.0
-1.7749442084599942,-0.05,0.32,-0.14,-0.08,-0.02,0.0
0.060199449221975954,-0.54,-0.66,0.07,0.57,-0.38,0.0
-0.2257126127055642,0.75,0.0,-0.03,0.06,0.15,0.0
-1.6863285408184714,-1.37,-0.18,0.38,-0.05,-0.12,0.0
0.21480427344882091,0.01,-0.43,0.35,0.33,-0.47,0.0
1.7881427881544898,1.36,0.96,-0.36,0.15,0.3,0.0
-1.7116299161187176,-1.71,-0.04,-0.13,0.34,-0.27,0.0
-0.4865509004588042,0.13,-0.01,0.53,0.37,-0.13,0.0
-1.507011960864102,0.25,-0.37,0.66,-0.02,0.17,0.0
-1.5424815653043655,0.58,0.35,-0.05,0.16,-0.01,0.0
3.165029723742485,1.52,0.94,-0.4,-0.29,0.17,0.0
-0.8268918189215269,-0.62,-0.12,0.02,-0.09,0.12,0.0
2.6719485323651204,-0.14,0.59,-0.77,0.23,-0.06,0.0
-1.4733184946745137,-1.11,0.48,0.11,0.13,-0.26,0.0
1.74353214069507,0.89,0.1,-0.03,0.19,-0.29,0.0
0.9697799914115679,1.36,0.38,-0.46,-0.15,-0.04,0.0
-0.36391159437060283,0.77,-0.62,0.63,-0.39,0.42,0.0
0.48796498989229775,0.99,0.09,-0.28,0.04,0.35,0.0
2.261154485666683,1.45,-0.01,0.14,0.04,0.16,0.0
1.797476229763184,-0.07,0.2,-0.85,0.43,-0.52,0.0
0.6667767177524375,0.17,0.36,-0.58,0.29,-0.01,0.0
1.5465679368315888,1.1,0.47,0.16,-0.18,-0.33,0.0
0.7026677194990949,-0.67,0.0,-0.42,0.33,-0.12,0.0
-1.5873944782420102,-1.9,-0.13,-0.33,0.78,0.03,0.0
-0.07065764064562163,-0.45,0.05,0.41,0.12,0.23,0.0
1.2070720545151348,0.45,0.55,-0.14,-0.2,-0.14,0.0
-0.06979323421294481,-0.81,-0.78,0.12,0.29,0.16,0.0
1.9984600634621597,0.57,0.07,-0.5,0.11,-0.63,0.0
2.4334430525301487,-0.94,-0.55,-0.42,0.63,-0.38,0.0
0.8159351804725379,1.71,0.55,-0.65,0.16,-0.34,0.0
2.6668662536880383,-0.1,-0.22,0.79,-0.06,0.44,0.0
0.10079564783722628,1.29,-0.3,1.1,-0.47,0.3,0.0
1.5517688146334363,0.1,-0.13,-0.69,-0.1,-0.6,0.0
1.3221297764562712,-0.68,-0.55,0.15,0.26,-0.13,0.0
1.2321436835998956,-0.47,-0.32,0.32,0.07,-0.17,0.0
-2.6821416207224558,-2.15,-0.72,0.4,0.59,0.37,0.0
-0.19611011552207458,-0.31,0.11,0.01,-0.15,-0.36,0.0
-0.3420248138418014,-0.57,0.25,0.07,-0.19,0.23,0.0
1.6057468182015366,-0.4,-0.12,0.15,0.02,-0.06,0.0
-1.9760516812160178,-2.68,-0.44,0.18,0.18,-0.21,0.0
0.9410730638409248,0.59,0.2,-0.37,0.16,-0.24,0.0
-3.8718975833860747,-5.03,-0.76,0.37,0.96,0.03,0.0
-0.9937482999777925,-0.36,-1.15,-0.62,1.2,0.12,0.0
-5.462741197350473,-6.96,-1.51,-1.62,1.79,-0.39,0.0
5.888828040268579,4.97,0.93,0.73,-1.8,-0.02,0.0
-2.759299683509986,-4.3,-0.58,-1.61,1.49,-0.44,0.0
2.752376198503814,4.72,0.31,0.8,-0.84,-0.06,0.0
0.8803804739893728,0.54,-0.33,-1.51,0.58,-0.32,0.0
1.7029421095165587,2.25,0.46,1.02,-1.16,0.29,0.0
-0.7641924475804696,-1.07,-0.8,-0.14,0.66,0.35,0.0
-0.010505385075432194,-0.01,-0.25,0.65,-0.02,0.43,0.0
-3.782444635108473,-4.64,-0.94,0.54,0.9,0.47,0.0
-2.737392566148189,-1.54,0.11,-0.36,0.22,0.08,0.0
0.11520680733883015,-0.03,0.04,-0.9,0.6,-0.03,0.0
4.814267385094828,3.6,1.16,-0.79,-0.18,-0.64,0.0
0.6905649543775594,1.35,-0.07,1.0,-0.47,0.55,0.0
-0.6539439977717776,-1.67,-0.91,0.49,-0.09,0.05,0.0
2.6383292422177185,1.74,0.79,-1.0,0.07,-0.52,0.0
1.6658932129895776,3.11,1.52,0.93,-1.27,0.37,0.0
0.005153407229796514,0.32,0.26,-0.78,0.27,-0.06,0.0
-1.3231098916429374,0.42,-0.74,0.48,-0.13,-0.06,0.0
-0.9874408490697428,-1.33,-1.08,-0.78,0.61,-0.17,0.0
-1.831882603687296,-2.64,-0.82,-0.75,0.62,-0.07,0.0
1.5211487055605488,-0.72,0.38,-0.64,0.22,-0.13,0.0
1.1034315975742004,3.06,0.9,1.03,-1.29,0.1,0.0
0.05465558039356999,-1.18,-0.79,-0.61,0.44,-0.2,0.0
-1.7337438388780324,-2.65,-0.19,-0.04,0.25,-0.01,0.0
0.6517088023144657,0.68,0.0,0.37,-0.47,-0.16,0.0
1.231789265594907,1.12,0.73,-0.37,-0.17,-0.06,0.0
1.2167843083305208,1.45,0.36,-0.38,-0.08,-0.22,0.0
0.9401466870282427,1.64,-0.52,0.57,-0.34,0.09,0.0
1.9187615104772515,0.47,-0.39,-0.33,0.22,-0.11,0.0
2.779034240821221,-0.99,-0.54,-1.25,1.12,-0.27,0.0
0.4421125084444588,-0.45,-1.43,0.2,0.23,0.22,0.0
-0.31681741893593296,-2.92,-0.45,-1.24,0.51,-0.36,0.0
-2.5040018338186143,-3.29,0.17,0.45,0.55,0.52,0.0
0.6171936275159551,0.74,0.7,-0.02,-0.23,0.17,0.0
-0.27948664748314034,2.28,-0.54,1.28,-0.61,0.06,0.0
-0.9698200475169338,1.22,1.0,-0.63,-0.01,-0.19,0.0
-0.5635524696188332,-2.29,-1.67,-0.24,0.75,0.01,0.0
-1.6221141861123334,0.77,0.65,2.11,-0.85,0.77,0.0
-2.36835791240666,-2.5,-0.15,-0.21,0.47,0.16,0.0
-1.76226787395658,-3.18,-1.99,-0.58,1.1,0.03,0.0
-0.5605930741968246,2.68,3.61,0.44,-0.89,-0.22,0.0
1.5436122270983788,1.92,-0.29,-0.45,-0.63,-0.37,0.0
-0.23264074100695087,1.94,0.23,0.6,-0.42,0.15,0.0
-2.006026210087175,-0.97,-1.32,-1.47,1.39,0.0,0.0
5.140631606355139,3.44,0.54,0.62,-0.53,-0.2,0.0
2.952617403107638,0.15,0.63,-0.12,-0.01,-0.22,0.0
0.47465590406057245,1.07,0.5,0.94,-0.69,0.2,0.0
1.5514908727273458,-0.21,0.17,-1.26,0.36,-0.31,0.0
3.3224721920553035,1.72,0.16,-0.33,-0.02,-0.57,0.0
-0.4763014233734264,-2.06,-1.29,-0.5,0.65,-0.04,0.0
0.5357213973139041,2.11,0.7,1.67,-1.48,0.41,0.0
-5.593952052764761,-1.38,-0.73,0.32,0.33,0.53,0.0
-0.8303605709075956,0.42,-0.22,0.75,-0.24,0.21,0.0
-0.6172623510587782,1.92,0.16,0.08,-0.24,0.02,0.0
3.2835391796198543,1.58,1.71,-0.35,-0.45,-0.52,0.0
-1.971590699817627,-2.13,-0.85,-0.32,0.76,0.04,0.0
0.7115024091010058,1.12,0.7,0.76,-0.68,0.32,0.0
1.0209298679753287,3.54,1.45,0.91,-1.6,-0.1,0.0
0.06427461383764488,-0.02,-0.52,-0.54,-0.15,-0.26,0.0
-0.04198723782710134,-2.5,0.02,-0.87,1.08,0.18,0.0
-2.0430693331814354,-2.86,-0.56,-1.13,0.98,0.0,0.0
0.22697959156501302,1.73,0.77,0.94,-0.63,-0.05,0.0
1.4242053701695623,1.97,0.59,-0.14,-0.07,-0.05,0.0
-0.7020914586248983,-0.53,-0.04,-0.62,0.11,-0.02,0.0
-0.12743606268964536,0.48,-0.67,0.39,0.24,0.38,0.0
1.626087532050824,1.22,0.03,0.51,-0.19,-0.05,0.0
-2.695514718740577,-3.78,-0.81,-0.69,1.03,0.28,0.0
-2.5450335941924473,0.83,0.07,0.54,0.12,0.49,0.0
-0.15573261273361672,1.98,0.51,-0.18,-0.06,-0.17,0.0
-1.3935940410176095,-0.92,-0.48,-0.87,0.45,-0.24,0.0
2.523332499924935,0.56,0.85,-0.25,0.13,-0.2,0.0
-1.0441464842398607,-1.64,-0.17,-0.16,0.11,0.08,0.0
-1.9128684183449929,-1.65,0.22,0.15,0.28,0.4,0.0
-0.6544500412174914,-0.08,0.08,0.89,0.0,0.59,0.0
-1.5815614343364315,-1.86,-0.53,-0.04,0.1,-0.05,0.0
2.032455100078523,-0.42,-0.35,-0.55,0.19,-0.25,0.0
-2.528486262846219,-2.27,-0.7,-0.28,0.66,0.15,0.0
-0.9319421266331007,-0.34,-0.99,0.5,-0.22,0.37,0.0
3.4519338953308054,3.11,1.52,-0.62,-0.63,-0.55,0.0
-0.776383114191459,0.18,-0.53,0.11,0.35,0.34,0.0
2.411601768147831,4.44,1.13,1.13,-1.19,-0.03,0.0
1.499211731583916,-0.22,-0.53,-0.65,0.33,-0.2,0.0
0.45626164640597544,0.05,0.55,0.63,-0.39,0.28,0.0
0.8493917010689467,1.1,0.3,0.25,-0.67,-0.43,0.0
-0.5241948272949326,0.05,-0.07,0.05,0.07,0.22,0.0
-0.47573928901335494,0.16,-0.22,0.75,0.04,0.42,0.0
0.4035041020969077,-2.23,-0.78,-1.02,0.97,0.0,0.0
0.7576778740869594,1.83,1.32,0.14,-0.33,-0.22,0.0
-0.4522028327143546,-1.48,0.05,-0.48,0.66,0.25,0.0
-0.7732740165582785,-1.05,-0.99,0.08,0.27,0.12,0.0
-2.2170147293100073,-1.21,-0.28,0.91,-0.09,0.73,0.0
-0.32880086295171695,0.4,0.67,0.14,0.3,0.57,0.0
0.5489197197147799,0.46,0.28,-0.05,0.11,-0.13,0.0
0.3122946185094122,-1.3,-0.47,-0.72,0.77,-0.09,0.0
3.5949081902660662,3.1,0.8,0.34,-0.78,-0.14,0.0
0.12627901269151032,0.2,0.04,1.27,-0.2,0.94,0.0
0.5296804912863218,0.83,-0.18,0.63,-0.81,-0.03,0.0
1.199348564660907,0.84,-0.56,-0.12,0.3,-0.01,0.0
0.7934168383084916,0.04,0.47,-0.55,0.42,-0.24,0.0
-0.9568688235318534,-1.34,-0.7,-0.07,0.23,0.26,0.0
0.6159128996744423,1.1,0.24,0.29,-0.19,0.09,0.0
-0.02961499408797863,-0.41,-0.08,-0.2,-0.03,0.03,0.0
1.5382688743557305,1.5,-0.12,0.9,-0.74,-0.19,0.0
0.5373979832690834,0.0,-0.61,0.01,0.33,-0.04,0.0
1.1102297810313022,0.39,0.19,0.18,-0.4,0.04,0.0
1.0453544505723888,-0.19,-0.03,-0.3,0.0,-0.07,0.0
-0.15860926721072977,0.28,0.26,-0.07,-0.23,0.24,0.0
0.3580390993625837,0.97,0.36,0.39,-0.82,-0.01,0.0
-0.16300522246311955,0.13,0.16,0.31,-0.81,0.23,0.0
-0.27454212188205984,0.31,0.26,0.03,-0.22,0.07,0.0
-0.3749445831045861,-0.52,-0.23,-0.43,0.63,0.08,0.0
1.1647961867994328,0.36,-0.12,-0.75,0.61,-0.33,0.0
1.0384162344237557,1.21,0.58,0.19,-0.67,-0.14,0.0
-0.3169636816369392,0.51,-0.14,-0.22,-0.16,-0.23,0.0
-1.7416734210125906,0.03,0.29,0.64,0.0,0.08,0.0
1.6916377669500937,0.02,-0.23,0.17,0.28,-0.39,0.0
-1.6377481104838054,0.0,0.73,-0.31,-0.42,-0.2,0.0
6.243888986670987,0.91,0.07,-0.77,0.28,-0.19,0.0
-0.4544615773652616,-0.6,0.22,-0.45,0.25,-0.03,0.0
0.5959946436576269,0.01,0.81,-0.13,-0.32,-0.17,0.0
1.2810738395502508,-0.31,-0.47,-0.29,0.46,0.03,0.0
0.7660003279469141,-0.05,-0.03,0.03,-0.06,-0.18,0.0
-0.0635582564641135,1.1,1.08,0.36,-0.5,0.28,0.0
-0.2345776340929029,0.17,0.37,0.03,-0.48,0.0,0.0
1.0019593284414707,1.58,0.61,0.38,-0.7,-0.23,0.0
0.9332965226875212,-0.05,-0.26,-0.23,-0.01,-0.22,0.0
1.0474282565547943,0.16,-0.27,-0.08,0.15,0.01,0.0
1.6744158474641724,0.25,-0.1,0.46,-0.19,0.03,0.0
3.4593124482174886,0.15,-0.39,-0.31,0.23,0.04,0.0
0.05071844358210953,-0.75,-0.59,-0.06,0.29,0.14,0.0
1.8604993472649989,0.75,0.58,-0.08,-0.2,0.01,0.0
1.3648421130817878,-0.09,-0.38,-0.35,0.53,-0.2,0.0
-2.3141748734851086,-0.5,-0.27,0.1,-0.11,0.05,0.0
0.9122676537170582,1.27,0.68,0.34,-0.3,-0.16,0.0
-0.017931488796063544,0.16,-0.26,0.5,0.08,0.3,0.0
2.535259236911247,-0.05,-0.61,0.28,0.18,-0.32,0.0
-0.3515483065938074,-0.39,-0.38,-0.63,0.46,-0.16,0.0
0.652930563898857,0.56,0.92,-0.02,-0.44,0.21,0.0
1.165808628560261,0.15,-0.47,-0.64,0.23,-0.21,0.0
0.6412926847736866,0.14,-0.15,0.36,0.05,0.09,0.0
1.8354367907968072,0.28,-0.59,-0.13,0.17,-0.05,0.0
1.3130199696867573,-0.55,-1.05,0.15,0.19,0.32,0.0
0.3741924894188342,0.64,-0.17,0.05,-0.03,-0.07,0.0
0.1304253975136227,-0.46,-1.24,-0.06,0.16,0.32,0.0
-2.2047780885172896,-0.4,0.47,0.29,0.17,0.36,0.0
-0.5439154613055885,-1.62,-0.32,-0.35,0.52,-0.18,0.0
0.08104074207269107,0.8,0.3,0.29,-0.38,0.06,0.0
2.129338848397677,1.07,0.35,-0.24,-0.18,0.04,0.0
0.5867366515446282,0.49,0.89,0.18,-0.24,0.0,0.0
1.2527902615715236,-0.07,-0.21,-0.04,0.27,0.07,0.0
2.91664943280332,1.86,0.16,0.96,-0.71,-0.07,0.0
3.781043978402665,-0.23,-0.63,-0.19,0.41,0.13,0.0
-0.681849341186036,0.67,0.3,0.52,-0.55,0.13,0.0
0.0017377493018555512,0.06,-0.29,0.39,-0.44,-0.19,0.0
2.652052593806431,0.41,0.51,-0.04,-0.14,-0.34,0.0
0.8085776264251665,-0.39,-0.61,0.3,0.06,0.12,0.0
-0.5710382665642166,-0.1,0.28,-0.41,0.13,0.09,0.0
-0.5244638985888672,-0.74,-0.13,-0.46,0.58,-0.03,0.0
-0.548907744789151,0.39,0.58,0.37,-0.35,-0.22,0.0
1.8337308006532993,1.45,0.48,-0.22,0.11,-0.17,0.0
1.235587855602427,-0.3,-0.38,-0.33,0.05,-0.08,0.0
0.511020076801505,-0.52,-0.01,0.49,-0.26,0.4,0.0
-1.2564071461419357,-0.17,-0.05,-0.26,0.17,0.12,0.0
-1.6905737758341033,0.28,-0.67,-0.04,-0.03,0.13,0.0
3.1823882385724422,0.78,0.36,0.06,0.16,-0.32,0.0
1.728012201530893,-0.34,-0.32,-0.28,0.17,0.19,0.0
-0.7960674224864017,-1.11,-0.6,-0.04,0.3,0.35,0.0
1.5008222281011507,-0.03,-0.11,-0.42,0.24,-0.18,0.0
0.4024107309260394,-1.21,-0.44,-0.09,0.53,0.16,0.0
-1.2244147242440384,-1.85,-0.43,0.08,0.24,0.07,0.0
-0.3564621516008559,0.85,0.78,0.28,-0.33,0.16,0.0
-0.54770660743646,1.43,0.05,0.3,-0.53,-0.17,0.0
-2.816449203826532,-1.25,-0.19,-0.75,0.73,0.11,0.0
-4.1471731036799575,-0.09,0.2,0.8,-0.19,0.42,0.0
5.097132373149416,1.55,0.04,-0.22,-0.13,-0.35,0.0
-0.2230754707731042,-0.42,-0.48,-0.45,0.38,-0.1,0.0
-3.4355534219629225,-0.57,-0.03,0.24,-0.27,0.28,0.0
-2.4615356967009228,0.11,0.51,-0.09,0.37,0.64,0.0
-0.2234306494239946,-0.95,-0.5,0.15,0.07,-0.03,0.0
-1.9975466597963343,0.29,0.29,0.91,-0.62,0.7,0.0
8.874152791036337,1.44,0.37,-0.98,0.27,-0.74,0.0
-0.37701715437433725,0.75,-0.03,-0.03,-0.24,-0.21,0.0
-0.7734543784673975,0.35,0.7,-0.27,0.14,-0.18,0.0
-3.154245983536219,-0.48,-0.6,0.0,-0.01,-0.14,0.0
-0.3167667596046586,0.48,-0.77,0.39,-0.05,0.06,0.0
0.6614169477741516,-0.15,0.69,-0.66,0.43,0.27,0.0
-0.7099908931279098,-0.92,-0.63,0.0,0.42,0.31,0.0
-2.8478757672156907,-1.62,-0.24,0.18,0.15,0.16,0.0
0.7482702733415447,0.05,0.15,0.44,-0.37,0.29,0.0
-0.22829936017437769,-0.41,0.33,0.32,0.11,0.24,0.0
0.17600123930661127,-0.63,0.13,-0.22,-0.02,-0.09,0.0
0.23547021191201445,0.3,0.09,0.56,-0.12,0.52,0.0
-0.6678314795092399,-0.29,0.12,-1.05,0.02,-0.04,0.0
-1.498128811897681,-1.14,-0.15,-0.17,0.1,0.07,0.0
-0.9046395073540436,-0.52,0.51,-0.18,0.35,0.02,0.0
-1.281717725251108,-0.45,-0.17,-0.45,0.68,0.26,0.0
-2.9225888778599884,-1.64,-0.5,0.39,0.1,-0.05,0.0
0.04897078572316804,-0.8,-0.16,0.07,0.13,0.35,0.0
5.826074048067187,1.71,0.54,-1.1,-0.26,-0.64,0.0
-0.7678964423589285,0.01,-0.84,0.38,-0.13,0.01,0.0
2.439982424745657,0.26,0.5,-0.24,-0.02,-0.11,0.0
-0.9184239436720198,0.16,0.02,0.2,0.37,0.56,0.0
-0.5359846822948655,-0.15,0.24,-0.13,0.18,0.12,0.0
1.7748627595398636,1.16,0.17,0.0,-0.36,-0.06,0.0
1.2057669754384603,-1.46,-0.29,-0.32,0.61,-0.04,0.0
-0.248659304140475,-0.23,0.2,0.54,-0.16,0.24,0.0
-2.8975276064698297,-2.6,-0.57,0.05,0.2,0.05,0.0
0.588279573598216,-0.05,0.12,-0.59,0.31,-0.42,0.0
-0.2587776579117351,0.68,0.26,0.19,-0.63,-0.04,0.0
1.5332703496206301,2.32,0.1,0.27,-0.45,-0.11,0.0
0.04553952991452892,-0.09,-0.46,0.21,0.08,0.24,0.0
1.504256208110366,0.85,0.23,0.05,-0.09,0.1,0.0
-1.5767151931195045,-1.41,-0.82,-0.1,0.47,0.33,0.0
0.8736510201595715,1.16,0.14,0.1,-0.3,0.01,0.0
-0.6942539601207942,-0.77,-0.42,0.26,0.24,0.09,0.0
-0.11010810401648197,1.04,0.22,0.33,-0.09,0.38,0.0
0.45490522835560654,1.06,0.1,-0.03,-0.22,-0.44,0.0
2.029168810096338,0.21,0.11,-0.87,0.21,-0.16,0.0
0.2782502619486982,1.09,0.69,0.28,-0.42,-0.33,0.0
-0.2842665358220642,-0.14,-0.08,0.16,0.03,-0.05,0.0
-1.3777848907064016,-2.26,-0.2,0.17,0.19,0.67,0.0
0.766884099854126,0.79,0.63,0.17,-0.27,-0.09,0.0
-1.9463868750783875,-1.63,0.09,-0.27,0.48,0.21,0.0
0.22074135266281214,0.52,-0.1,0.02,-0.2,0.02,0.0
0.4318272984316751,0.93,0.42,0.43,-0.53,-0.01,0.0
-0.9486894703870985,-0.24,0.2,0.33,0.18,0.5,0.0
2.6271861738925484,2.55,0.3,-0.62,-0.29,-0.58,0.0
1.458904125252669,0.33,0.71,-0.06,-0.21,0.19,0.0
1.1627873279000278,0.76,0.67,0.08,0.17,-0.61,0.0
1.7568117422813723,-0.36,0.44,-0.83,0.57,-0.27,0.0
-0.6656472032286587,-0.99,-0.34,0.38,0.14,0.65,0.0
1.322014278417627,-0.23,-0.23,-0.23,0.24,-0.02,0.0
-0.9252575322404755,-0.84,-0.36,0.32,0.05,0.26,0.0
-0.6214906133858,-0.09,-0.27,0.77,-0.12,0.07,0.0
-0.9149388632582189,-0.5,0.15,-0.68,-0.16,0.08,0.0
1.0135746087396535,1.62,-0.3,0.57,-0.17,0.0,0.0
0.32065123464708467,-0.31,-0.38,-0.22,0.03,-0.02,0.0
0.004946024412832983,0.67,-0.54,0.27,-0.11,0.17,0.0
-0.11204496468275593,0.71,0.19,-0.82,0.39,-0.71,0.0
1.3294838859990499,0.27,-0.49,-0.93,0.35,-0.8,0.0
-1.6310621195598007,-1.06,-0.38,0.07,-0.06,0.33,0.0
-0.0777627317924523,-1.01,-0.67,0.19,0.08,0.37,0.0
-0.48196910409631366,-0.99,-0.56,0.28,-0.28,0.03,0.0
-4.318343718921424,-0.01,0.25,-0.01,-0.47,0.05,0.0
-0.01569551714351025,1.54,-0.81,0.34,0.08,0.25,0.0
1.7882091236577136,1.96,0.55,0.07,-0.2,-0.39,0.0
1.6866821968255286,-0.12,-0.41,0.23,0.21,0.32,0.0
2.64356928988585,-0.47,0.0,0.18,0.53,0.01,0.0
-0.6467086344719153,-0.51,-1.55,0.36,0.07,0.15,0.0
0.16149545482890826,-0.69,0.19,-0.35,-0.07,0.03,0.0
1.3014533862294009,1.99,0.62,0.49,-0.25,-0.17,0.0
1.112565012386857,0.34,0.57,0.01,-0.35,-0.17,0.0
-0.2634196831485802,0.64,0.39,0.08,0.04,-0.54,0.0
-0.16913588188083306,0.09,-0.18,0.63,0.19,0.42,0.0
0.5703194422941316,0.12,0.33,0.05,-0.17,-0.39,0.0
0.15623995764229015,0.17,-0.36,-0.05,0.13,0.07,0.0
1.335069001466227,-0.14,-0.18,0.01,-0.13,0.04,0.0
0.26827852235931093,-0.03,-0.44,-0.04,0.32,0.21,0.0
-0.13615622417999518,0.27,0.72,-0.06,-0.11,-0.09,0.0
0.8734933832738268,0.74,0.46,-0.14,-0.06,-0.2,0.0
1.8495654031814635,0.27,0.61,0.11,-0.03,-0.14,0.0
2.6292095331159615,-0.06,-0.44,0.56,-0.18,0.14,0.0
-1.366634531915767,-0.31,0.18,0.43,-0.02,-0.05,0.0
1.952628241763943,0.0,-0.5,-0.34,-0.26,-0.32,0.0
-0.9329478413782288,-0.78,-0.06,-0.36,-0.16,0.1,0.0
0.08902997087507636,0.61,-0.29,-0.01,-0.11,0.17,0.0
1.8787271292616259,-0.06,0.12,-0.11,0.02,-0.17,0.0
-0.13021591155214507,0.01,0.56,-0.12,-0.05,-0.02,0.0
-0.1971457225768969,0.15,0.27,0.08,-0.21,0.11,0.0
-1.4254538451983878,-0.8,-0.43,-0.03,0.03,0.24,0.0
0.206362949828387,0.52,-0.1,-0.02,-0.12,-0.27,0.0
1.4626412587023019,0.08,0.95,-0.2,-0.23,0.07,0.0
-0.7022488644782832,-0.05,-0.07,0.37,-0.12,0.07,0.0
0.9011795834165559,2.07,-0.06,0.33,-0.15,0.11,0.0
0.616632984639609,0.45,0.07,0.74,-0.04,0.08,0.0
-2.601241603411686,-0.57,0.32,-0.07,0.19,0.34,0.0
-0.3244429313435715,0.28,0.07,0.52,-0.07,0.2,0.0
1.3927004634729734,0.27,0.14,0.28,-0.43,0.0,0.0
1.969290225034448,1.56,-0.32,0.53,-0.31,0.01,0.0
1.215233881016542,0.54,0.55,0.45,-0.11,-0.37,0.0
1.2296273971573957,-0.42,-0.29,-0.71,0.18,-0.2,0.0
0.3043650788264296,-0.15,-0.05,-0.21,0.0,0.06,0.0
0.027119735255065613,0.18,-0.16,0.03,-0.13,0.27,0.0
-0.4842978628028516,-0.13,-0.43,-0.12,0.12,0.16,0.0
0.19891258341648843,0.04,0.47,-0.02,-0.19,0.16,0.0
-1.3283871094376343,-0.26,-0.13,0.36,-0.09,0.41,0.0
-2.4971265732343872,-1.11,-0.37,-0.34,0.05,0.32,0.0
-1.241188445810948,-0.57,-0.05,0.02,0.16,0.12,0.0
2.4264001259691304,0.99,0.21,-0.14,-0.14,-0.32,0.0
-2.0871388558546533,-0.46,-0.29,-0.22,0.03,0.01,0.0
-1.1557192339554767,0.25,0.11,0.22,0.05,0.14,0.0
0.29116283625907347,0.1,-0.15,0.23,-0.17,0.05,0.0
1.5333262855825147,0.36,-0.67,-0.05,-0.4,0.37,0.0
-0.6925567759238915,0.76,-0.07,0.69,-0.16,0.22,0.0
-2.1310495671261087,-0.03,-0.16,0.22,-0.11,0.64,0.0
-2.209658733471065,-0.36,-0.19,0.2,0.06,0.09,0.0
-0.3635476342959465,-1.05,-0.25,0.33,0.17,0.08,0.0
0.7957377140935584,-0.58,0.4,0.29,-0.4,0.27,0.0
-1.998676599514848,0.11,0.34,0.62,-0.2,0.12,0.0
0.2563261617325008,-0.35,-0.4,-0.88,0.48,-0.22,0.0
0.8019680538195795,0.79,-0.19,0.13,-0.19,0.28,0.0
2.3678281208146412,1.0,-0.27,-0.21,0.19,-0.57,0.0
-0.7971635875226646,0.49,0.24,1.05,-0.58,0.39,0.0
-1.856988075741306,-0.31,-0.51,0.26,-0.15,0.43,0.0
-3.6039143553589725,-1.68,-0.35,0.46,-0.13,0.44,0.0
3.9666210535082236,0.0,-0.09,0.18,0.13,-0.16,0.0
-3.2601037648051,-1.29,0.92,-0.5,-0.02,-0.03,0.0
0.5657326028655429,-0.28,-0.16,0.41,-0.42,0.2,0.0
-1.1818623080773527,0.27,0.25,0.02,0.04,-0.09,0.0
-0.9088960672578694,-0.07,-0.2,-0.45,0.31,-0.2,0.0
-1.4370462182103139,0.13,0.56,0.36,0.08,0.13,0.0
0.20488309133173122,1.19,0.22,0.14,0.23,0.03,0.0
-3.309037399503534,-1.04,-0.5,0.26,0.28,0.49,0.0
1.3557207416841743,0.28,0.37,-0.22,-0.15,-0.21,0.0
-0.30272966883987396,0.8,0.03,0.54,0.24,0.2,0.0
-3.826315173612138,-2.31,-0.21,-1.33,0.19,0.02,0.0
-3.629005154275222,-1.24,-0.23,0.43,-0.29,0.4,0.0
1.7313237928221037,0.15,0.0,-0.1,0.04,-0.08,0.0
-0.7732591040237824,0.0,-0.16,0.01,0.09,0.0,0.0
0.012901761851136229,-0.39,-0.22,-0.28,-0.01,0.24,0.0
-1.1088742685203434,-1.4,-0.37,-0.18,0.11,-0.27,0.0
-2.097315928751964,-0.24,-0.33,0.22,0.14,0.04,0.0
0.39196048361920255,0.57,0.04,0.04,-0.36,0.19,0.0
7.2107637707339745,1.98,0.23,-0.06,0.44,-0.17,0.0
-0.8519582314381546,0.11,-0.06,0.17,-0.38,0.17,0.0
0.14081749670320498,0.31,0.34,-0.15,-0.05,0.07,0.0
1.7446915865782842,1.28,-0.14,0.08,0.13,-0.02,0.0
3.154874557055498,-0.14,0.5,-0.19,-0.19,-0.3,0.0
-0.8057265696441496,-0.43,0.4,-0.2,0.0,0.02,0.0
-0.31465917205075744,0.83,0.02,-0.3,0.29,-0.16,0.0
1.1013446424628315,0.54,0.69,0.02,-0.19,-0.18,0.0
-0.6922612144295237,0.02,-0.17,0.28,-0.17,0.31,0.0
0.1554610793160549,-0.46,0.29,0.25,-0.01,0.06,0.0
-1.7639822808144467,-0.16,0.36,-0.03,0.03,0.05,0.0
-6.435659442723784,0.17,-0.6,0.88,-0.5,0.64,0.0
1.5683376624622491,0.31,-0.17,-0.14,0.15,-0.17,0.0
-2.556447637863346,0.28,-0.33,0.29,-0.05,0.4,0.0
-0.6432952681305171,0.11,0.42,-0.05,-0.07,-0.01,0.0
2.1837896002528945,0.68,0.4,-0.07,-0.34,-0.24,0.0
-0.4414218602034836,-0.02,-0.64,0.51,-0.3,0.18,0.0
-1.7272847627592958,-0.57,0.1,0.08,0.12,0.16,0.0
-3.756934757671304,-0.34,0.31,0.25,-0.15,0.35,0.0
1.7733007678654378,1.16,0.01,0.61,-0.44,0.03,0.0
2.904628241106777,1.21,0.38,0.06,0.12,-0.6,0.0
-1.421636853260988,-0.6,0.61,0.25,-0.01,-0.26,0.0
-0.870243077703059,0.53,-0.15,0.73,-0.44,0.2,0.0
-0.459970807720933,-0.88,0.46,-0.28,0.23,-0.15,0.0
0.16174190386182286,-0.24,-0.21,-0.03,-0.13,0.16,0.0
-1.3784030774529388,-0.54,-0.13,0.33,-0.1,0.19,0.0
0.40158434183563685,-0.11,-0.03,-0.13,0.17,-0.04,0.0
-1.0620329537349815,-1.0,0.48,0.02,-0.1,0.1,0.0
4.431005148243639,1.71,0.36,-0.11,0.1,-0.25,0.0
3.16814933119296,2.62,0.1,0.4,-0.67,-0.01,0.0
-1.2621848585121165,-0.13,0.14,0.05,0.22,0.24,0.0
-2.785509036473477,0.55,0.19,0.37,-0.36,0.24,0.0
-0.5882222771125378,-0.31,-0.12,-0.36,-0.15,-0.17,0.0
0.269139587162881,-0.26,0.04,-0.01,-0.14,0.07,0.0
-1.5628688141080427,0.35,0.24,-0.4,-0.05,-0.18,0.0
1.2396169063039197,0.66,-0.59,0.51,-0.18,0.07,0.0
-0.6131675325371067,0.01,0.06,-0.44,0.2,-0.19,0.0
-3.565256972435682,-0.07,0.04,-0.07,-0.08,0.34,0.0
-3.1549698833590267,0.18,0.29,0.01,-0.07,0.08,0.0
4.150850922136362,-0.06,-0.25,0.24,-0.02,-0.02,0.0
-0.6737646381961393,0.61,0.38,-0.11,0.18,0.0,0.0
-0.5331624845778093,0.28,0.05,-0.11,0.18,0.26,0.0
0.9540723381618266,0.49,0.21,0.46,-0.21,0.12,0.0
1.8305297301698609,0.09,-0.36,-0.09,-0.15,-0.11,0.0
-12.355828412716763,0.09,0.36,0.04,0.02,0.49,0.0
-2.357384542428398,0.58,-0.14,-0.32,-0.19,-0.14,0.0
2.261978828964417,-0.14,0.37,0.16,-0.01,-0.01,0.0
1.876269809305442,0.36,-0.44,0.32,-0.12,0.3,0.0
-0.31425198179375613,-0.38,-0.86,0.16,-0.1,0.0,0.0
-0.2932954967653556,-0.07,0.7,0.16,-0.21,0.05,0.0
-0.4105483169283497,0.99,0.08,0.24,-0.27,-0.06,0.0
-2.4910862401703704,-1.19,-0.1,-0.17,0.02,-0.01,0.0
3.5087756802338665,1.07,-0.05,0.15,-0.02,-0.08,0.0
-0.10702905597577139,0.15,0.31,0.14,-0.17,0.04,0.0
2.973395316398597,-0.16,-0.07,0.03,0.17,0.0,0.0
1.4437753996873415,0.58,0.04,-0.18,0.11,-0.44,0.0
1.0421376901901258,-0.08,-0.02,0.38,-0.18,0.3,0.0
-2.506595091513797,0.16,0.25,0.74,-0.53,0.46,0.0
-0.1902133038407361,0.14,0.07,0.03,-0.04,-0.02,0.0
-0.0899400775239978,0.11,0.27,0.14,-0.32,-0.19,0.0
-1.3780593655329798,-0.11,0.01,-0.07,-0.02,0.17,0.0
-0.036970550426729254,0.74,0.27,0.16,-0.06,0.34,0.0
-2.4218024485204714,-1.36,-0.59,-0.61,0.29,0.1,0.0
-0.6215839030755399,-0.66,-0.29,-0.03,0.07,0.27,0.0
1.0648839989277015,0.94,0.22,-0.04,-0.16,-0.1,0.0
-1.7767971829268703,-1.82,-0.24,-0.73,0.63,-0.39,0.0
1.3934023199476009,0.58,-0.17,0.05,0.03,0.21,0.0
-0.9800132765095282,1.29,-0.32,0.15,-0.18,0.0,0.0
-0.7130185211982942,-0.06,0.1,-0.13,0.03,-0.02,0.0
-2.4762473242921024,0.22,0.13,-0.3,-0.1,-0.02,0.0
-2.4205972867227254,0.47,-0.34,0.1,-0.37,0.42,0.0
2.6401553011466516,1.0,0.16,-0.16,0.06,0.0,0.0
-1.2710477905770734,0.18,0.14,0.47,-0.14,0.17,0.0
1.1558492345085547,0.27,0.22,0.43,-0.19,-0.01,0.0
0.26474635679012426,0.52,0.38,-0.17,0.01,0.01,0.0
1.4245474566194183,0.3,-0.27,0.26,0.03,0.05,0.0
-2.155891455570602,-0.22,0.02,-0.17,0.25,0.07,0.0
-0.01867308051264338,0.2,0.24,0.1,0.14,0.27,0.0
0.9688478796096467,0.58,0.4,0.41,-0.07,0.01,0.0
2.580334172537091,-0.19,0.12,0.4,0.25,0.03,0.0
2.718286742954157,-0.5,0.12,-0.29,0.33,-0.02,0.0
-0.2698967824103615,-0.23,-0.04,0.01,0.08,0.39,0.0
-0.5302847904633534,0.76,0.2,-0.01,-0.27,0.22,0.0
0.14380869499517335,-0.85,0.14,-0.27,-0.02,0.07,0.0
2.0276860744297576,0.62,-0.48,-0.25,0.16,-0.12,0.0
0.36155482618198675,-0.29,0.31,0.03,0.15,-0.03,0.0
-0.5263421874490914,0.76,-0.4,-0.22,0.09,-0.08,0.0
-1.9647209568513957,-0.02,0.1,-0.28,0.09,-0.11,0.0
-2.083663014783943,0.39,-0.31,-0.29,-0.24,0.06,0.0
-3.106228363341068,-0.57,-0.89,0.01,0.07,0.23,0.0
0.20515938482723595,0.33,-0.89,-0.28,-0.08,0.01,0.0
0.5118665846960857,-1.16,-0.39,-0.12,0.55,-0.13,0.0
-0.9884523034134007,0.42,0.25,0.26,-0.08,0.29,0.0
-1.0567475794590053,-0.41,0.08,0.33,-0.11,0.26,0.0
0.7112525941882497,0.7,0.11,0.26,-0.34,0.13,0.0
0.180645240979449,0.31,-0.42,0.17,-0.02,-0.37,0.0
2.0399001483507373,1.28,0.63,-0.1,-0.1,-0.06,0.0
-0.3120952760500062,0.35,-0.2,-0.17,0.13,0.44,0.0
-1.0430454474027795,-0.28,-0.14,-0.45,0.0,0.05,0.0
-2.3149937109045893,-2.48,-1.44,-0.29,0.1,-0.06,0.0
1.5219560952731026,1.47,0.15,0.09,-0.35,-0.07,0.0
-5.499257473055829,-1.46,-0.33,-0.52,0.11,0.26,0.0
-2.6687972317176234,-0.7,0.21,-0.02,0.6,0.12,0.0
-0.3877268300667813,0.97,0.08,0.11,-0.31,0.18,0.0
2.084345192611581,0.45,-0.19,-0.12,0.26,-0.27,0.0
1.871268928155989,1.11,0.54,0.61,-0.5,0.27,0.0
-0.16498651706079448,0.06,0.48,1.16,-0.08,-0.18,0.0
0.7201522211411016,0.49,0.19,-0.11,-0.02,-0.09,0.0
2.1597727054213367,-0.2,-0.37,-0.23,0.1,0.1,0.0
3.0968208880494563,0.67,0.07,-0.1,0.23,-0.33,0.0
2.9433586720695626,0.29,0.36,-0.01,0.21,-0.32,0.0
-0.7882009558935144,-1.08,-1.45,-0.18,-0.04,-0.11,0.0
1.418231837252848,1.04,0.55,0.1,-0.52,-0.25,0.0
1.0010712173122327,1.12,0.59,0.19,-0.2,-0.27,0.0
2.3845183883866916,0.23,0.26,0.84,-0.56,0.08,0.0
-0.4449807508517756,0.54,0.18,0.15,0.24,0.24,0.0
1.1293872077252853,0.44,-0.2,0.15,-0.03,-0.16,0.0
-0.8723901410428891,-0.31,0.05,-0.25,-0.01,-0.23,0.0
-0.8319316053521875,0.54,0.4,-0.17,-0.28,-0.02,0.0
0.3907114422950775,-0.02,-0.23,-0.03,-0.42,0.09,0.0
-2.3925528815400887,1.1,0.19,0.25,-0.23,0.13,0.0
-3.381692250224877,0.51,-0.1,0.23,-0.04,0.33,0.0
1.3361279365764034,-0.51,0.16,-0.24,0.13,-0.35,0.0
-0.30374332868535747,1.04,0.07,0.33,0.07,-0.19,0.0
2.231928620015089,-0.06,0.41,0.47,0.26,-0.22,0.0
-0.7382643117382348,0.16,-0.09,-0.07,0.23,0.2,0.0
0.38439234939633415,-0.92,-0.7,-0.14,0.28,0.34,0.0
0.17898633049739932,-0.19,0.48,-0.09,-0.03,0.06,0.0
0.6808000706893136,-0.06,0.17,0.09,-0.07,0.02,0.0
-0.8334377062326315,0.77,0.67,0.22,-0.17,-0.16,0.0
0.7951194985229781,-0.7,-0.24,0.56,-0.27,-0.3,0.0
1.4900517460604945,0.5,0.38,0.47,-0.5,0.01,0.0
-0.40967889747300923,-1.32,0.48,-0.25,0.2,-0.14,0.0
0.22015240734805097,0.49,0.14,0.1,0.27,-0.05,0.0
-0.3128476031719729,-0.55,-0.26,-0.18,0.37,-0.06,0.0
-0.9347607435268301,-1.38,0.06,-0.28,0.18,-0.18,0.0
-1.4940270947760403,0.89,0.2,0.2,-0.52,0.34,0.0
0.7640516926781915,1.3,-0.44,0.05,-0.22,-0.05,0.0
-0.6609243894353245,0.07,0.66,0.21,-0.31,-0.15,0.0
-0.2939158330256153,-1.04,-0.01,-0.58,0.45,0.01,0.0
-1.236288478266856,-0.82,0.06,-0.06,0.29,0.13,0.0
0.8723098838617549,1.47,0.13,0.33,-0.2,0.29,0.0
-1.3556309679584544,-0.59,-0.27,-0.56,0.18,-0.03,0.0
0.4534107546595889,0.73,-0.06,0.12,-0.26,-0.35,0.0
-0.0532381637503021,0.8,0.37,-0.05,-0.03,0.03,0.0
-2.031157454555288,-1.28,0.19,0.15,-0.1,-0.3,0.0
-1.4562461602589782,-2.45,0.07,0.39,0.05,-0.11,0.0
-0.8013126537542492,0.13,0.23,-0.1,-0.13,0.13,0.0
-2.650519488057701,-1.19,0.02,-0.66,0.24,-0.14,0.0
0.022380476923800074,0.96,0.05,0.83,-0.37,0.28,0.0
-1.1325745002998877,0.92,-0.7,-0.17,0.08,0.17,0.0
-1.077700240910484,0.77,0.83,0.37,-0.46,0.28,0.0
0.6983509958051304,-0.34,0.29,-0.12,0.15,-0.28,0.0
3.2002965021336705,0.71,0.69,-0.13,-0.33,0.02,0.0
2.265231448024063,-0.1,0.02,0.07,0.09,-0.07,0.0
0.5519934277924188,0.12,0.16,-0.21,0.14,-0.06,0.0
-0.8032191202473782,1.11,0.4,0.46,-0.35,0.17,0.0
-0.5677643972025415,0.53,-0.14,0.05,0.18,0.07,0.0
1.7587860172555203,0.74,0.05,0.3,0.0,0.03,0.0
-0.38356276660205246,0.06,0.29,-0.37,-0.08,-0.12,0.0
1.559211118240511,1.33,-0.16,-0.67,-0.09,-0.19,0.0
-0.1825081416873986,0.34,-0.04,0.21,-0.68,0.06,0.0
0.21800738520181273,0.2,0.54,0.34,0.01,0.1,0.0
0.6457389423077942,-0.41,0.03,0.09,0.14,0.26,0.0
0.025550951897779228,0.3,-0.03,0.19,-0.44,0.03,0.0
0.3369606995656804,0.55,0.12,0.95,-0.19,0.2,0.0
-1.5772531995439043,0.09,-0.12,0.27,-0.34,0.49,0.0
0.32001794473979217,0.23,0.12,0.33,-0.1,0.08,0.0
-1.7170638509729663,-0.15,0.13,0.31,-0.06,0.29,0.0
5.136136328834562,-0.39,-0.29,-0.28,0.67,-0.1,0.0
-0.45625533677688956,0.42,0.5,-0.4,-0.46,-0.27,0.0
0.5678519467394283,0.02,-0.63,-0.28,0.15,-0.21,0.0
1.5419749211742273,-0.37,-0.32,-0.31,0.33,-0.14,0.0
1.2349828714829147,0.11,0.16,-0.5,0.13,-0.05,0.0
-0.17431507477233543,0.1,0.19,0.15,-0.02,-0.05,0.0
0.9170961355675411,1.4,0.1,0.08,-0.17,-0.16,0.0
1.2831636988210438,0.2,-0.24,-0.33,-0.02,-0.06,0.0
1.493938408876927,-0.07,0.48,-0.17,-0.05,-0.08,0.0
-0.8946847420114867,-0.68,-0.35,-0.1,0.33,-0.04,0.0
-0.05800461320344397,-0.42,-0.37,-0.02,0.32,0.06,0.0
-0.1991806218966552,0.47,0.0,0.04,0.0,0.16,0.0
-1.4229745159688223,-0.29,0.12,-0.19,0.15,-0.18,0.0
2.84084440361676,-0.02,0.57,-0.22,0.16,-0.08,0.0
4.752241852618111,0.2,-0.29,-0.05,0.01,-0.1,0.0
1.8239784718691032,-0.5,0.13,0.27,-0.04,0.03,0.0
-0.11834958993608424,-1.47,-0.37,0.28,-0.04,0.03,0.0
0.8877326792097184,-0.26,0.05,0.13,-0.16,-0.12,0.0
1.0769903151767846,-0.62,-0.26,-0.74,0.59,-0.33,0.0
-1.3137000601596505,0.52,0.88,0.09,-0.32,0.07,0.0
0.2574388222508661,-0.59,-0.07,-0.43,-0.08,-0.31,0.0
0.11945328514080256,0.92,0.5,0.07,-0.3,-0.21,0.0
-0.3857062949463641,0.37,-0.26,-0.16,0.12,-0.25,0.0
0.3892490451945063,-0.29,0.46,-0.48,-0.14,-0.27,0.0
-2.8590528022977235,-1.75,-0.74,-0.34,0.66,0.03,0.0
0.4727651307185443,0.3,0.11,0.09,0.0,-0.08,0.0
0.16297029409808594,0.34,0.74,-0.44,-0.36,-0.25,0.0
-0.911083333532503,-0.47,-1.15,-0.19,0.02,-0.11,0.0
0.2791019532376149,0.46,0.05,0.15,-0.49,-0.23,0.0
2.069288028575489,0.83,0.0,-0.18,-0.12,0.06,0.0
-0.6858334309023051,0.19,0.19,0.4,-0.17,-0.06,0.0
0.595669579876712,0.0,-0.01,0.03,-0.17,-0.09,0.0
1.595671448291025,1.09,0.42,-0.21,-0.18,-0.15,0.0
-2.277907946564639,0.8,0.06,0.2,-0.12,0.05,0.0
-5.444336983094244,0.28,-0.24,0.03,0.2,0.14,0.0
1.0647602061229833,-0.32,-0.29,-0.36,0.16,-0.12,0.0
-1.6480354144161824,0.29,0.27,-0.04,0.15,0.25,0.0
-3.1791503963319534,0.49,-0.38,0.4,-0.01,0.37,0.0
1.1552122892123595,0.54,0.42,-0.12,-0.33,-0.21,0.0
2.055701733205284,1.1,-0.23,-0.47,0.05,-0.18,0.0
1.6398266080724921,-0.13,0.09,-0.62,0.11,-0.28,0.0
-1.0353256124096877,-0.63,0.52,0.19,-0.1,-0.16,0.0
4.969904509043732,-0.45,0.41,-0.41,0.66,-0.22,0.0
-0.31389146373301813,-0.13,0.5,0.02,-0.12,0.01,0.0
-1.547665514254959,-0.23,0.11,0.58,-0.41,0.03,0.0
0.9739075347234172,0.41,0.14,-0.73,0.18,-0.32,0.0
-0.7136317673310355,-0.39,-0.02,-0.01,0.06,-0.11,0.0
-1.24285742472926,-0.49,0.53,0.01,0.12,-0.01,0.0
2.3512855909159303,0.9,0.38,-0.1,-0.11,-0.23,0.0
0.327891730829899,-0.1,-0.34,-0.07,-0.09,-0.09,0.0
-1.2562069195327985,-0.89,-0.16,0.18,0.03,0.23,0.0
-0.0786117251230456,0.75,0.0,0.1,-0.28,-0.15,0.0
0.9771708348464303,-0.95,-0.29,0.0,0.1,0.16,0.0
-1.3962065465553342,-1.35,-0.4,0.8,0.59,0.58,0.0
1.17476330730093,-0.05,-0.35,0.62,0.46,0.34,0.0
0.626811354715362,2.22,0.19,-0.04,-0.33,-0.26,0.0
0.6474447224835922,0.71,0.77,0.0,0.12,-0.1,0.0
0.6553976599368516,0.43,0.2,-0.1,0.08,-0.13,0.0
0.5321936575922726,-0.73,-0.19,0.03,0.25,-0.15,0.0
0.4873112652567402,1.37,-0.31,0.15,-0.57,-0.08,0.0
0.6764858481061342,0.7,0.1,-0.06,-0.15,0.04,0.0
0.8702274709214031,0.72,0.26,0.12,-0.05,-0.46,0.0
2.4503791149382392,-0.02,-0.12,0.01,0.28,0.03,0.0
-0.2858044146822669,0.51,-0.28,0.04,0.25,0.35,0.0
0.9791079225708099,-0.51,0.17,-0.32,0.62,0.2,0.0
1.3238926667134,0.42,0.37,-0.3,-0.01,-0.19,0.0
-1.1186127425198755,0.33,-0.32,0.08,0.15,0.03,0.0
0.7453348073824584,0.09,-0.07,0.05,0.36,0.19,0.0
-2.4911575788837514,0.54,-0.15,-0.06,0.1,0.28,0.0
1.5909810529087798,-0.59,-0.75,0.5,0.54,0.07,0.0
-0.41916339831080673,-0.33,-0.11,-0.45,0.31,0.17,0.0
-0.5108121591469561,0.2,-0.63,0.22,0.23,0.27,0.0
1.292198283285484,0.47,0.75,-0.06,0.12,-0.08,0.0
-0.246737680024689,-0.23,-0.03,-0.24,0.21,-0.07,0.0
-0.2833560458412432,0.27,-0.81,0.33,0.28,0.19,0.0
-1.618244633877397,-1.45,-0.3,0.14,0.14,0.31,0.0
1.574669509344151,1.46,0.59,0.44,-0.52,-0.02,0.0
-0.29005137030194694,0.11,0.03,-0.14,0.01,0.0,0.0
0.1849578294490284,-0.18,0.36,-0.7,0.54,0.13,0.0
0.11915158302149287,0.9,0.08,-0.11,-0.36,-0.19,0.0
1.4463656957022897,0.42,-0.59,0.3,-0.12,0.02,0.0
-0.6001871233258238,0.44,0.08,-0.29,0.04,-0.07,0.0
-1.2114407155870421,-0.49,-0.37,0.46,0.39,0.28,0.0
0.17741260031405304,-0.27,-0.26,0.25,0.01,0.0,0.0
-0.8758518045088315,-0.33,0.28,0.02,0.03,-0.01,0.0
1.1922842272534595,0.96,0.8,-0.03,-0.44,-0.29,0.0
-0.25714976162347636,0.49,-0.06,0.07,-0.07,-0.06,0.0
0.7579881072301342,-0.11,0.17,0.13,0.03,0.24,0.0
1.8444523657560774,0.17,0.79,-0.41,-0.35,-0.39,0.0
2.354706519400862,0.3,0.32,-0.04,0.06,0.0,0.0
1.8517750950785006,-0.02,0.26,-0.15,-0.01,-0.19,0.0
-0.8704212371679176,-0.32,-0.92,0.14,0.03,0.04,0.0
2.737559559454139,-0.34,-0.12,-0.09,0.16,-0.01,0.0
-0.23308411018083675,-0.08,-0.22,0.29,-0.37,-0.12,0.0
0.5133060915305077,-0.34,0.6,-0.64,0.04,-0.47,0.0
-1.387607566142246,1.02,-0.29,0.18,-0.01,0.47,0.0
1.1446015904735374,0.17,-0.41,0.02,-0.05,0.0,0.0
-0.15537371928229238,-0.34,-0.55,0.23,-0.08,-0.05,0.0
-0.7408807215636082,-1.16,-0.32,0.07,0.52,0.1,0.0
-0.1460857006899463,-0.24,0.4,0.23,-0.29,-0.09,0.0
-1.0899943305682447,0.09,0.24,0.01,-0.26,0.2,0.0
0.5537370373504658,0.67,0.58,-0.13,0.16,-0.02,0.0
-0.4502367551098785,-0.25,0.19,-0.08,-0.13,-0.08,0.0
-0.760373616389487,1.55,-0.42,0.05,-0.06,0.25,0.0
-1.145659649999542,-0.1,-0.51,0.24,-0.08,0.09,0.0
0.8374914064856798,0.69,1.26,-0.3,-0.24,-0.4,0.0
3.837755662863329,0.62,0.49,-0.01,-0.21,-0.18,0.0
-0.4244591869402403,0.34,0.1,0.09,-0.05,0.16,0.0
-0.6641603942152408,0.44,-0.33,-0.32,0.22,0.08,0.0
-0.6756455398485017,-0.05,-0.02,0.24,0.08,0.23,0.0
-0.9944736823325306,0.0,0.02,-0.3,0.11,0.07,0.0
1.1722114926539628,0.43,-0.17,0.08,-0.06,-0.22,0.0
-1.406400403710828,-0.88,-0.25,0.17,-0.32,0.11,0.0
-2.196518952477311,0.03,0.41,0.03,-0.35,0.15,0.0
0.5452702156630629,-0.34,-0.54,0.3,-0.31,0.05,0.0
-0.7151818173493418,0.68,0.32,-0.38,-0.08,-0.3,0.0
0.6332822526337933,0.04,-0.01,-0.1,-0.47,-0.07,0.0
-1.2769923005708006,0.02,0.18,-0.45,-0.52,-0.42,0.0
-0.6672481415344933,0.27,0.45,-0.81,-0.28,-0.36,0.0
0.5234850588855755,-1.32,-0.1,0.1,-0.1,0.46,0.0
1.989820584998414,1.15,0.1,-0.3,-0.09,-0.35,0.0
2.007698656015844,0.53,0.23,0.21,-0.42,-0.02,0.0
-0.5580085261875811,-0.07,0.25,-0.7,-0.02,-0.27,0.0
-2.450122669226451,-0.39,0.0,0.03,-0.19,0.02,0.0
1.5536097143598715,0.3,0.43,0.0,-0.25,-0.33,0.0
0.4444493224177837,0.15,0.31,0.21,-0.17,-0.18,0.0
0.8467102076641586,-0.86,0.09,-0.52,0.18,-0.1,0.0
-1.8177373565878896,-2.18,-0.38,0.18,0.22,0.07,0.0
0.8112728446732831,-0.65,-0.78,0.39,0.45,0.39,0.0
-7.9927685509600614,0.73,0.17,0.03,-0.83,0.15,0.0
-1.1352292387635132,-1.07,-0.33,0.23,0.15,0.13,0.0
-0.1937065748179312,1.22,0.21,-0.38,-0.88,-0.53,0.0
0.1640916445036611,-0.66,-0.1,-0.32,0.21,-0.21,0.0
0.18574939806335067,-2.48,-0.84,0.29,0.22,0.05,0.0
1.4475850297118287,0.77,-0.05,-0.05,-0.14,0.22,0.0
0.7468462172282697,-0.23,-0.58,0.2,0.15,0.24,0.0
0.5828964069557019,1.22,-0.42,0.28,0.04,-0.05,0.0
1.3989652538820785,1.33,-0.23,-0.65,-0.42,-0.5,0.0
1.7915068451257232,0.16,0.06,-0.47,-0.3,-0.18,0.0
1.3176252585805015,1.09,-0.17,0.24,0.01,0.09,0.0
-0.007481747558313323,0.11,0.25,-0.05,0.18,0.01,0.0
1.587925837103099,0.72,0.67,-0.08,-0.19,-0.33,0.0
-0.0807830805311327,0.42,-0.33,0.37,0.37,0.34,0.0
0.3676438778327462,0.27,0.94,-0.26,-0.32,-0.28,0.0
-1.5787792578467963,-0.73,-0.33,-0.44,0.3,0.01,0.0
-1.1575151292680608,0.71,0.53,-0.21,-0.07,-0.23,0.0
-1.1108240407903258,-0.09,0.35,-0.03,0.01,-0.05,0.0
0.4379135442822202,0.65,0.21,0.33,-0.17,-0.01,0.0
-1.0406444830443395,-0.1,0.05,-0.6,-0.07,0.07,0.0
-0.9021956162610922,0.13,0.65,-0.08,-0.02,0.03,0.0
1.9947525602713512,0.54,0.09,0.0,-0.24,-0.04,0.0
-0.2709564670613007,0.15,-0.66,0.84,0.42,0.13,0.0
0.28882588242318263,-0.7,0.1,0.14,0.04,0.1,0.0
0.6593460304767484,1.67,1.06,-0.13,-0.46,-0.15,0.0
0.2108210017852219,0.01,-0.21,0.28,-0.57,-0.11,0.0
-0.3023846187674595,0.16,-0.23,0.77,0.32,0.36,0.0
-0.05839149064377214,0.04,-0.02,0.52,0.17,0.34,0.0
0.09047326123898802,-0.09,-0.07,0.08,0.02,-0.13,0.0
0.9737318970939546,-0.62,-0.55,-0.19,0.45,-0.04,0.0
0.09703394260995868,0.13,0.29,-0.17,-0.11,-0.43,0.0
-1.1106621677146489,-1.21,-0.06,0.22,0.15,0.04,0.0
-1.1231709767016707,-0.16,0.66,-0.1,0.17,0.04,0.0
0.3907087349504179,0.9,-0.35,0.02,0.14,0.04,0.0
0.8846756980163573,0.82,0.68,-0.39,-0.32,-0.3,0.0
-0.026238286664037602,-0.59,-0.12,0.62,-0.39,0.03,0.0
-0.4819745943043907,0.52,-0.36,0.99,-0.17,0.33,0.0
0.7887520199767906,-0.37,-0.16,0.87,0.47,0.45,0.0
1.1859999490676953,-0.64,-0.78,0.92,0.65,0.38,0.0
1.0757135117357874,0.29,-0.34,0.14,0.28,0.14,0.0
-0.9559957513293971,-0.89,-1.11,0.26,0.65,0.46,0.0
-0.4297946570611666,-0.18,-0.12,-0.34,0.14,0.0,0.0
-0.11162868353330468,0.41,-0.37,0.54,0.56,0.31,0.0
-0.022339300499796266,0.96,0.99,-0.18,-0.21,0.04,0.0
0.914737962496659,0.87,0.65,-0.37,-0.19,-0.28,0.0
0.16617600075476968,0.3,0.04,0.15,0.07,0.04,0.0
-0.6930295504231077,-0.31,-0.77,0.81,0.56,0.4,0.0
-1.293613786687542,-1.47,-1.01,0.7,0.64,0.48,0.0
-1.5700879408782065,-1.25,-0.35,-0.05,0.2,0.03,0.0
-0.005710165320382821,0.49,0.29,-0.22,0.06,-0.14,0.0
1.3143472534638434,1.21,0.22,-0.86,-0.46,-0.53,0.0
-1.2897464837565376,-2.24,-0.61,0.79,0.84,0.76,0.0
-0.7393294667661365,-1.07,-0.38,0.24,0.43,0.03,0.0
0.39839887555193076,0.71,-0.48,0.2,0.32,-0.2,0.0
-0.7131029369168873,0.6,-0.35,0.19,-0.04,-0.17,0.0
0.202737158160593,1.12,0.01,-0.37,-0.05,-0.09,0.0
1.1425308030704517,0.23,0.32,0.23,-0.18,0.16,0.0
1.1868340855507586,0.38,0.16,-0.43,0.04,-0.09,0.0
0.09978545723914323,0.57,0.69,-0.35,-0.69,-0.09,0.0
-1.3071038824305492,-0.31,-0.54,0.91,0.19,0.24,0.0
8.19813997547707,0.08,-0.42,-0.16,0.19,-0.19,0.0
0.7344647305665308,-1.04,-0.89,0.55,0.81,0.68,0.0
3.8727672619281117,0.12,-0.65,-0.58,1.16,0.04,0.0
-0.2962863272544025,0.57,-0.24,-0.13,-0.57,-0.25,0.0
-0.37811471220199344,0.35,0.21,-0.05,0.08,0.03,0.0
0.23558194863422255,0.04,-0.16,-0.17,-0.48,-0.19,0.0
0.1859288323832642,-0.08,0.27,0.41,0.34,0.19,0.0
1.414164691445663,0.13,-0.37,-0.55,0.14,-0.28,0.0
-1.089919641897208,-1.03,-0.51,0.14,0.85,0.15,0.0
-0.349971766352708,0.45,-0.72,1.11,-0.01,0.57,0.0
-0.17818036629037026,-0.26,-0.96,0.38,0.12,0.26,0.0
-0.416699619504568,0.25,0.63,-0.36,-0.15,-0.05,0.0
1.2449899341901993,1.2,1.36,-0.27,-0.47,-0.28,0.0
0.15687206595456082,-0.05,-1.04,0.22,0.02,-0.02,0.0
0.018530212231304688,-0.6,-1.13,-0.46,0.17,-0.2,0.0
-0.8503484569854058,-0.9,0.33,-0.28,0.23,-0.06,0.0
1.475817126523471,0.36,0.22,-0.43,0.18,-0.16,0.0
1.1849304574525599,0.5,0.62,0.06,-0.32,-0.07,0.0
0.019847184721077937,-0.78,-0.8,0.23,0.09,-0.09,0.0
0.26460677551367606,0.81,-0.28,0.1,-0.02,-0.14,0.0
0.15830697557281947,0.36,0.62,-0.27,-0.55,-0.21,0.0
1.129640377326191,0.49,0.59,-0.22,-0.1,-0.06,0.0
1.8725748381609009,0.69,0.66,-0.14,-0.55,-0.28,0.0
-0.2589165554731765,-0.12,-0.25,0.22,0.09,0.12,0.0
1.8220790843401113,0.54,-0.22,-0.11,-0.06,-0.22,0.0
-0.3745605364297022,0.06,-0.62,0.26,0.34,0.08,0.0
-0.6872226220823174,0.06,-0.65,0.37,0.14,0.19,0.0
1.4141345966592889,-0.05,-0.24,0.2,0.08,-0.16,0.0
1.141880630039016,0.28,0.23,-0.07,-0.19,-0.18,0.0
0.3923901351928327,0.77,1.29,-0.17,-0.18,-0.11,0.0
-0.2750005305446446,0.54,0.48,-0.02,-0.11,-0.09,0.0
1.6001660240516191,0.22,1.02,-0.31,-0.43,-0.05,0.0
0.5869738967838156,-0.03,-0.19,-0.03,-0.35,0.07,0.0
-0.41378650772204706,-0.34,-0.17,-0.25,-0.13,-0.17,0.0
-1.6727277841086963,-0.69,0.11,0.16,-0.23,-0.03,0.0
-1.094393188527043,0.31,-0.05,-0.18,0.08,-0.13,0.0
1.0079335715950988,0.13,0.41,-0.69,-0.07,-0.28,0.0
-0.1301359896132337,0.34,0.55,0.45,-0.54,0.04,0.0
0.10855810579448733,0.74,-0.26,-0.1,0.08,-0.18,0.0
-0.34713923600351304,0.12,-0.14,-0.03,0.15,-0.1,0.0
-1.0341646026734264,0.18,0.2,0.04,0.03,0.02,0.0
-0.08801387436425667,-0.02,-0.23,0.09,-0.01,-0.16,0.0
-0.6055495483092588,-0.72,-0.37,-0.25,0.01,0.01,0.0
0.08862809404774907,0.53,0.33,0.15,-0.12,-0.22,0.0
0.5976282080975448,-0.11,-0.09,0.0,0.14,-0.05,0.0
1.1880983433534054,0.25,0.49,-0.22,0.14,-0.14,0.0
1.0328626707394095,0.07,0.28,0.17,-0.27,-0.15,0.0
0.6348503875981404,0.74,0.43,-0.38,0.06,-0.1,0.0
-0.042806641102155485,-0.03,-0.46,-0.2,0.09,0.19,0.0
0.588420703245518,0.59,0.2,0.12,0.01,0.24,0.0
2.0631710729381636,-0.62,-1.2,0.33,0.76,0.29,0.0
-0.6460304767926806,-0.82,-0.55,0.73,0.82,0.46,0.0
0.041903098288309515,0.46,-0.4,-0.12,-0.04,-0.08,0.0
-0.3668649546605618,-0.49,-0.6,-0.02,0.07,0.08,0.0
0.18941198861845976,0.12,-0.31,-0.36,-0.38,-0.18,0.0
1.291731504796978,0.46,-0.01,-0.15,0.01,-0.16,0.0
-1.171601060866767,-0.32,-0.82,1.0,0.21,0.38,0.0
-0.5665577080053663,0.33,-0.58,0.35,0.18,0.18,0.0
-1.7830580759398695,-1.21,-0.36,0.18,0.4,0.19,0.0
1.4394804400065686,1.12,0.46,-0.45,-0.25,-0.33,0.0
-0.5188727394784931,-0.25,-0.23,0.04,-0.35,-0.3,0.0
0.8303130592961061,0.53,0.29,-0.33,0.21,-0.18,0.0
2.607643807755866,0.19,0.11,-0.78,-0.23,0.01,0.0
-0.16460003763409947,0.05,-0.31,0.03,-0.21,-0.01,0.0
0.6595841109133138,-0.53,-0.39,0.16,-0.01,0.06,0.0
1.3821950333659405,-0.08,-0.45,0.27,0.04,0.03,0.0
-0.6463110448968745,-0.33,0.63,-0.66,-0.15,-0.14,0.0
-0.23380669302551782,0.12,0.37,-0.36,-0.68,-0.35,0.0
-2.5980380143240667,-2.03,-0.16,0.48,0.4,0.29,0.0
0.5543794852975514,-0.32,-0.23,-0.03,0.1,0.14,0.0
-0.5617386798599022,0.74,0.03,-0.22,-0.11,-0.45,0.0
-0.4917270878324387,-0.84,0.72,-0.18,-0.16,0.01,0.0
-0.16817295932920473,0.02,0.41,0.11,-0.03,0.28,0.0
-0.010571382298751875,-0.52,-0.05,-0.15,0.07,-0.04,0.0
0.2751868090320242,1.13,-0.16,-0.17,0.34,0.18,0.0
1.319385894859204,0.4,0.55,-0.26,-0.17,-0.27,0.0
-0.020839381479953456,-0.23,-0.57,0.26,0.06,0.01,0.0
1.3233379492655573,0.7,-0.15,-0.24,-0.39,-0.23,0.0
0.2673850013453771,0.44,-0.26,0.01,-0.2,-0.02,0.0
0.49229292332912955,0.0,-0.14,-0.14,0.18,-0.24,0.0
1.204322328260643,0.93,0.58,-0.18,0.0,0.03,0.0
1.3816144172613454,0.49,-0.12,-0.09,0.24,-0.13,0.0
0.03980511908785456,0.19,-0.65,0.29,-0.01,0.28,0.0
0.00991510044880961,0.28,-0.08,0.81,-0.12,0.25,0.0
0.7357580996578461,-0.1,0.27,-0.38,-0.07,-0.18,0.0
0.2171059942387643,0.49,-0.21,0.01,-0.02,-0.11,0.0
-0.640146179078549,0.19,0.68,-0.32,-0.38,-0.17,0.0
1.2290933707393314,0.0,-0.21,0.15,0.13,0.1,0.0
0.11747685934309082,-0.19,-0.4,0.08,0.22,0.03,0.0
0.24452317937766477,0.39,0.28,0.09,-0.31,-0.16,0.0
0.7805064992751465,0.05,0.41,-0.09,-0.09,-0.21,0.0
-4.220739297521314,-0.14,-0.51,0.24,0.05,0.43,0.0
-0.8287908263410859,-0.18,-0.14,-0.17,0.18,0.0,0.0
0.866275653161086,0.45,-0.28,-0.02,0.13,0.0,0.0
-0.6163190844486577,-0.22,0.47,-0.46,-0.38,-0.23,0.0
-0.3761732132694817,-0.72,-0.43,0.02,0.29,0.14,0.0
3.071717920459127,0.45,0.16,-0.4,-0.29,-0.17,0.0
0.4257491119105117,0.19,0.5,0.22,-0.24,0.0,0.0
0.22676975224260598,-0.55,-0.18,0.13,-0.05,0.12,0.0
-0.029511370079804422,-0.28,-0.92,0.63,0.47,0.71,0.0
-0.7576509258822473,0.7,-0.39,-0.1,0.14,-0.18,0.0
0.7138564956880478,0.17,0.08,-0.24,-0.23,-0.21,0.0
0.20674229637407393,0.5,0.02,0.01,-0.11,-0.03,0.0
-0.8154327987380916,-0.18,-0.97,0.03,0.2,-0.06,0.0
0.09910181014221031,-0.97,-0.54,0.1,0.46,0.21,0.0
1.5634102040584352,-0.62,-0.31,-0.06,-0.02,-0.28,0.0
-0.8671221948596819,0.81,0.05,-0.93,0.09,-0.43,0.0
-3.813289295658784,-1.63,0.12,0.12,0.3,0.27,0.0
2.9427327072824916,0.85,-0.06,-0.25,0.1,-0.49,0.0
-0.6352679459335264,-0.22,0.16,-0.44,0.17,-0.27,0.0
0.639329400685007,-0.4,-1.01,0.11,0.04,0.01,0.0
-1.5583319117637107,-1.39,-0.14,0.3,0.2,0.01,0.0
0.7259396733789947,0.16,0.98,-0.39,-0.3,-0.29,0.0
-0.2802891792029305,1.08,-0.39,-0.45,-0.09,-0.13,0.0
0.0,-0.26,-0.76,0.36,0.3,0.24,0.0
-0.8733293786233332,-1.56,-0.14,0.15,0.26,0.03,0.0
2.0759378742939427,1.7,-0.01,-0.06,-0.05,-0.05,0.0
0.21826035328671445,-2.17,-0.47,-0.4,0.4,-0.12,0.0
-0.287061195613314,-1.29,-0.08,0.51,0.75,0.39,0.0
-0.9133225824410562,-1.59,1.32,0.49,-0.3,0.23,0.0
-1.0620336601835145,0.27,0.84,-0.12,0.02,0.09,0.0
-1.225295287510264,-0.54,1.68,-1.33,-0.48,-0.63,0.0
-1.312287083230168,0.22,1.05,0.24,-0.44,0.12,0.0
1.4647996206829994,1.13,-1.57,-0.1,-0.02,0.26,0.0
2.139871705369134,0.94,0.13,-0.31,0.1,-0.32,0.0
2.7165003258965204,1.98,-0.42,0.07,0.07,-0.1,0.0
0.5074672200495733,-0.85,-0.55,0.17,0.13,0.2,0.0
1.7865778618721961,1.29,0.45,-0.44,-0.34,-0.07,0.0
0.3720135551017245,0.65,-0.5,-0.13,-0.34,0.1,0.0
-0.10455000711178108,-0.17,0.07,-0.3,0.12,-0.02,0.0
1.5507615492226012,1.37,1.56,0.05,-0.4,-0.18,0.0
0.5621453502044904,-0.17,0.01,0.44,0.21,0.35,0.0
-0.33542108479784893,0.6,0.2,-0.52,-0.41,0.06,0.0
0.9534572112612327,1.23,0.31,0.2,0.2,-0.02,0.0
1.296305615804183,-0.01,-0.3,-0.05,0.04,0.14,0.0
-0.7312237386039366,-0.34,-0.04,-0.25,0.13,0.07,0.0
0.23936761882212831,0.48,-0.43,0.85,0.3,0.77,0.0
0.2860170500547543,0.49,0.06,-0.49,0.13,-0.27,0.0
0.2851538356146932,0.08,0.01,0.48,-0.22,0.05,0.0
-0.16507159284810946,0.33,0.14,-0.5,-0.28,-0.42,0.0
0.7993773590648123,0.1,0.02,-0.27,0.12,-0.29,0.0
1.412952833626946,0.07,0.7,-0.27,0.2,0.06,0.0
1.4112394773985626,-0.03,-0.91,-0.36,0.57,0.0,0.0
1.205450945584885,0.06,-0.14,0.18,-0.02,-0.12,0.0
-0.16638318255666196,-0.05,-0.94,0.23,0.03,0.24,0.0
1.2983531248783153,0.51,-0.02,-0.34,-0.15,0.02,0.0
-0.6928486998692973,-0.21,-0.88,-0.04,0.39,0.07,0.0
1.4302087825713405,0.31,0.89,0.0,-0.02,-0.06,0.0
0.1375645548136628,0.48,-0.38,-0.05,-0.1,0.02,0.0
1.8545370172768694,0.4,0.91,-0.53,-0.2,-0.1,0.0
-0.8682228157647964,-0.08,0.04,-0.02,0.11,0.15,0.0
1.1904659132460527,0.29,0.03,-0.49,-0.19,-0.2,0.0
-0.05882989599824695,-0.34,-1.0,-1.16,0.68,0.0,0.0
-3.2455861009981435,-0.9,-0.9,0.61,0.1,0.52,0.0
-0.38238843421345425,0.65,0.46,0.08,-0.5,0.05,0.0
1.1341033575544834,0.46,0.44,0.3,-0.18,0.06,0.0
-0.37958143256277,-0.17,-0.34,0.07,0.1,-0.15,0.0
-0.4242432188727663,0.25,0.57,0.23,-0.66,0.16,0.0
-2.2608862584955314,-0.82,-0.54,0.18,0.02,0.09,0.0
1.5302485410029876,0.13,1.7,-0.12,-0.47,-0.3,0.0
-1.9015245473925857,-1.72,-0.64,-0.13,0.12,0.16,0.0
-0.29475152008028305,0.5,-0.06,-0.17,0.19,0.02,0.0
-1.693227736521441,-1.55,0.46,-0.59,0.2,-0.32,0.0
-1.3669881591986788,-0.68,-0.24,0.07,0.71,0.14,0.0
-1.3675070586471216,-0.8,0.69,0.6,-0.13,0.45,0.0
2.4918398665847663,2.15,0.9,-0.08,-0.46,-0.46,0.0
2.96134485870454,2.36,-0.9,-0.19,-0.41,-0.24,0.0
-0.7723084929494473,0.43,-0.23,0.24,-0.46,-0.03,0.0
1.0377670578596954,0.37,0.19,-0.1,0.2,0.1,0.0
-0.3541922706021383,0.21,-0.14,1.1,0.59,0.64,0.0
-0.47094328406224184,0.06,0.34,-0.18,-0.11,-0.07,0.0
1.767714979252566,0.38,0.34,-0.3,-0.08,-0.19,0.0
-0.07017839411184168,0.13,0.22,0.57,0.19,0.19,0.0
-1.2202908897222864,-0.48,0.07,0.32,-0.06,0.33,0.0
-1.9018705130587343,-0.93,0.47,-0.45,-0.11,-0.26,0.0
-0.9512452512759895,-0.12,-0.56,0.12,-0.28,0.15,0.0
-2.817172182101868,-1.84,0.25,-0.67,0.17,-0.08,0.0
0.009401214691995285,-1.03,-0.79,-0.29,0.52,0.06,0.0
1.4022524682751225,1.19,0.17,-0.67,0.26,-0.17,0.0
3.842199534071722,1.81,-0.1,-0.29,0.1,-0.21,0.0
0.10725100780422103,-0.85,-0.03,-0.47,-0.12,-0.16,0.0
-2.4640612448588284,-0.78,0.35,-0.44,0.17,0.19,0.0
0.8878688635100218,-0.19,0.24,0.01,0.43,0.0,0.0
-0.3810582580367594,-0.6,0.27,-0.5,0.19,-0.12,0.0
-2.71401577406829,-1.08,-0.95,0.61,0.7,0.58,0.0
-0.7770149455689879,1.36,0.49,-0.13,-0.31,-0.07,0.0
2.5757091666634313,0.11,-0.73,-0.54,0.02,-0.52,0.0
0.7634516873110009,0.42,-0.92,0.59,0.18,-0.02,0.0
2.6015253242943626,1.58,0.45,0.42,0.02,-0.08,0.0
0.5160176031091979,-0.47,0.42,-0.76,-0.06,-0.61,0.0
0.10620104926271079,0.42,0.59,-0.05,-0.42,-0.12,0.0
-3.5013197908995375,-1.22,0.72,0.2,-0.35,0.48,0.0
5.653298933606354,-1.39,-0.17,-0.81,0.52,-0.22,0.0
3.113371118284225,0.98,0.21,0.04,0.01,-0.34,0.0
-1.4634382129272039,-1.31,-0.84,0.05,-0.16,-0.47,0.0
1.254675954687845,1.24,-0.38,1.0,0.04,0.16,0.0
0.016883762259212176,1.49,0.24,0.5,0.06,0.42,0.0
0.7669503065973915,-0.35,-0.09,-0.21,0.32,-0.12,0.0
0.7137412808930543,1.1,0.43,-0.07,-0.51,-0.18,0.0
-0.8420885963572933,-0.2,0.09,0.34,-0.19,-0.1,0.0
0.6642613418922361,-0.46,-0.35,0.11,-0.03,-0.04,0.0
1.921173119038011,1.05,-0.35,-0.73,0.1,-0.4,0.0
2.343838778446483,0.03,-0.16,-0.34,0.07,-0.1,0.0
1.2652175019981726,1.0,0.19,-0.05,-0.16,-0.15,0.0
0.49027925885887225,0.47,0.14,-0.3,-0.3,-0.24,0.0
0.590181184821259,0.16,-0.03,-0.03,-0.17,-0.15,0.0
0.6962358694514448,0.03,0.27,-0.83,0.28,-0.19,0.0
-0.20974412734419134,-0.01,0.22,-0.38,-0.04,-0.37,0.0
0.8174490359472042,0.61,-0.43,-0.27,-0.07,-0.11,0.0
2.7027123608162285,-0.08,0.04,-0.37,0.38,-0.19,0.0
-0.6240737542881014,0.32,0.0,0.71,-0.24,0.37,0.0
-2.557313574862552,0.01,0.19,-0.48,-0.56,-0.23,0.0
1.265605727085517,-0.08,0.55,-0.5,-0.13,-0.32,0.0
-1.5028146192643477,-0.36,-0.21,0.22,0.07,0.3,0.0
0.4904111910243536,0.62,0.19,-0.46,0.05,0.1,0.0
0.20916949460618728,-0.43,-0.3,0.32,-0.07,0.0,0.0
-0.6338767622685704,-0.41,0.12,-0.37,-0.04,-0.3,0.0
-1.6570942717171633,0.15,0.22,-0.43,-0.51,-0.2,0.0
0.15029840028810693,-1.29,0.3,0.41,-0.12,-0.02,0.0
0.4265466878172086,0.37,0.1,0.0,0.28,-0.06,0.0
-2.068571922356399,-1.63,0.43,-0.53,0.12,-0.15,0.0
-1.8231600923094948,-0.03,0.6,0.51,-0.48,-0.06,0.0
1.8079000352143604,1.28,0.4,0.45,-0.05,0.23,0.0
-0.6910232329103483,-0.58,0.21,-0.02,-0.11,-0.09,0.0
1.1003985482047618,1.24,-0.78,-0.38,-0.13,-0.16,0.0
1.6726967258808623,-0.19,0.52,-0.01,-0.01,-0.28,0.0
1.1256210464908323,1.09,-0.5,0.02,0.15,-0.03,0.0
-0.7550312066490927,-0.36,0.79,-1.11,0.08,-0.37,0.0
-1.2548857028996552,0.81,-0.11,0.56,0.44,0.26,0.0
1.0404768204311354,-0.19,0.19,0.24,0.18,0.32,0.0
-0.40875081775426647,-0.51,0.54,-0.26,0.11,-0.21,0.0
-2.6126924566126197,-1.56,-0.9,1.03,0.36,0.52,0.0
0.6970297953982296,-0.22,0.09,-0.04,0.03,-0.24,0.0
-0.7968578730549791,0.32,0.44,-0.72,-0.14,-0.11,0.0
2.53145668967496,1.24,0.06,0.01,-0.29,0.0,0.0
-1.5351767860399157,-0.75,0.45,0.39,0.18,0.24,0.0
-0.14466640017651855,-0.38,0.35,0.42,-0.16,0.21,0.0
0.861193078755762,0.35,-0.11,0.28,-0.1,0.22,0.0
1.6198414767276903,0.61,-0.3,-0.08,0.2,-0.18,0.0
-1.0521962982689814,-0.22,-0.19,-0.19,-0.18,-0.26,0.0
-0.32538118067992894,0.37,0.47,-0.74,-0.04,-0.3,0.0
0.7643280724441759,0.41,-0.72,-0.08,-0.26,0.14,0.0
0.42667462613152907,0.49,-0.15,-0.27,-0.47,0.19,0.0
-0.19670054440735774,-0.38,0.56,0.24,-0.13,-0.13,0.0
-0.4335832702618947,0.1,-0.15,0.22,0.07,0.09,0.0
0.3800629428147628,0.57,0.28,0.36,-0.22,-0.07,0.0
-0.4811666481341681,-0.08,-0.1,-0.2,-0.21,-0.22,0.0
-1.1254833707948775,-1.23,-0.43,0.17,0.15,0.08,0.0
2.2845649477009067,0.95,0.16,-0.28,0.46,-0.32,0.0
-0.5407362523719539,-0.1,0.11,-0.73,0.1,-0.25,0.0
1.347417020229802,0.46,-0.4,0.18,-0.07,0.01,0.0
0.8163485588871255,0.29,0.29,-0.25,0.0,-0.21,0.0
0.4704494634943712,0.17,-0.53,-0.3,0.83,-0.56,0.0
1.819139092999822,-0.53,-0.66,0.56,0.54,-0.02,0.0
-1.5755618201829247,0.27,0.24,1.06,0.06,0.46,0.0
-1.4706085060648078,-0.39,-0.72,0.72,-0.77,-0.01,0.0
-2.712993622222626,-1.11,-1.01,0.71,0.25,0.47,0.0
3.036382466055687,1.01,-0.31,-0.61,0.25,-0.17,0.0
-0.19387853433064928,0.32,0.1,0.22,-0.15,0.04,0.0
-2.25330784104838,-1.19,-0.14,0.52,0.0,0.3,0.0
-0.6279923577663826,-0.31,0.6,-0.12,-0.25,0.11,0.0
0.6185452378687062,0.39,0.0,-0.37,-0.26,0.0,0.0
1.8840851939506464,1.21,-0.56,-0.11,-0.27,-0.28,0.0
-1.0186666388481314,-0.39,0.67,-0.05,-0.04,-0.02,0.0
-0.35623548226740853,-0.26,0.0,0.14,-0.15,-0.01,0.0
0.11124146272454283,0.01,-0.01,0.04,-0.12,0.04,0.0
2.333143068757204,1.01,-0.16,-0.34,0.12,-0.45,0.0
-0.13959058106400857,0.05,-0.22,-0.2,0.24,0.24,0.0
1.102717841897416,0.44,0.74,-0.11,-0.18,-0.28,0.0
-0.09215220229538135,-0.09,-0.09,0.23,-0.1,-0.03,0.0
-0.007670030435391606,-0.05,0.18,-0.1,-0.16,0.02,0.0
1.0225610680335784,0.23,-0.28,0.02,0.09,-0.17,0.0
0.8752837135926894,-0.22,-0.12,-0.13,-0.12,-0.07,0.0
-2.203145861081046,-1.01,-0.03,-0.02,-0.1,0.14,0.0
1.8670098583103423,0.93,0.3,-0.32,-0.04,-0.3,0.0
-0.19689796511408453,-0.11,0.1,0.15,-0.22,0.1,0.0
-1.1382436781275818,-0.58,0.05,0.05,-0.27,-0.04,0.0
0.19955787292951221,0.17,-0.05,-0.23,0.23,-0.32,0.0
-0.44431264709933194,-0.02,0.32,0.35,-0.19,0.16,0.0
0.12310017541086182,0.39,0.87,-0.26,-0.15,-0.05,0.0
-0.5840561096829955,-0.88,-0.09,0.0,0.18,-0.02,0.0
-0.5488673496133356,0.06,0.84,0.09,-0.53,-0.37,0.0
-0.6606943825123168,-0.66,0.04,0.01,0.05,0.07,0.0
-0.297359331607272,0.02,-0.28,0.37,0.15,0.1,0.0
1.1458534402259746,1.19,0.17,0.21,-0.04,0.06,0.0
-0.22506736161708174,0.21,-0.08,-0.1,0.16,-0.03,0.0
-1.104261881299562,-0.63,0.35,0.12,0.07,0.12,0.0
-0.19659325596884658,-0.45,0.16,-0.14,-0.2,-0.26,0.0
0.5357573915598657,0.57,0.11,-0.01,0.11,-0.06,0.0
-0.23508351019161378,0.16,-0.31,-0.66,0.16,-0.12,0.0
0.45559434987654246,0.99,0.16,-0.44,-0.14,-0.19,0.0
-1.0009330964132368,-0.43,0.52,-0.21,0.08,-0.06,0.0
0.7977804222080831,0.63,0.1,-0.06,-0.16,-0.25,0.0
-0.4544676343286258,0.12,0.25,0.29,-0.1,-0.03,0.0
0.8501689360321807,-0.79,-0.14,0.13,0.16,0.0,0.0
-0.4761425445913958,-0.25,0.33,-0.21,0.16,-0.08,0.0
-0.5882331285920528,-0.06,-0.19,0.41,0.33,0.34,0.0
-1.751501621351792,-2.14,-0.42,0.17,0.33,0.11,0.0
0.7227190172572673,0.33,0.29,-0.66,-0.31,-0.66,0.0
0.9327884855026225,0.61,-0.75,-0.04,0.21,0.07,0.0
-0.12635382590068245,-0.11,-0.61,-0.1,-0.04,0.0,0.0
-0.34800711592208877,-0.37,0.1,-0.56,-0.2,-0.22,0.0
-0.24605416239480427,0.53,-0.5,-0.28,0.43,0.02,0.0
-2.482281758955329,-1.68,-0.02,0.09,0.15,0.11,0.0
-2.0396645025073656,0.29,0.16,0.02,-0.33,-0.29,0.0
2.6734743631022573,1.23,0.18,-0.52,-0.21,-0.11,0.0
1.930551297216132,1.14,-0.11,-0.43,0.09,-0.27,0.0
-0.03979112477940916,0.48,0.15,0.1,-0.29,-0.26,0.0
0.9633231035979684,-0.18,-0.79,-0.06,-0.22,-0.29,0.0
1.3325624211111942,0.77,-0.25,-0.64,-0.25,-0.66,0.0
0.8637339839583813,0.05,-0.68,-0.65,-0.24,-0.95,0.0
1.8901590976905913,-0.01,-0.78,-0.61,0.35,-0.29,0.0
-0.999470840630623,-0.46,0.07,0.3,-0.19,0.0,0.0
-4.229461407277524,-0.17,0.27,0.23,-0.38,0.08,0.0
-0.04789806027850618,-0.58,-0.43,-0.31,-0.05,-0.05,0.0
-0.5273357062008044,-1.09,-0.67,0.04,0.05,-0.05,0.0
-1.3895501801354904,-0.74,-0.24,0.05,0.1,0.39,0.0
0.49686676007392183,1.23,-0.36,-0.14,0.01,0.14,0.0
-0.31609798449577786,0.75,-0.24,0.53,0.95,0.32,0.0
-0.5041172944407646,0.1,0.17,-0.27,0.12,-0.17,0.0
-0.8743921071637684,-0.15,0.75,-1.01,0.26,-0.03,0.0
-2.3577728719559543,-0.34,-0.33,-0.2,0.06,0.06,0.0
-3.2084013288009916,-0.14,-0.01,-0.13,-0.03,0.23,0.0
0.6629741961313274,0.36,-0.11,-0.4,-0.02,-0.07,0.0
0.21759837185775233,-0.88,-0.34,1.93,0.32,0.81,0.0
0.33873530946639807,-0.36,-0.45,-0.3,0.27,0.09,0.0
3.6357450729134877,1.31,0.18,0.7,0.17,0.05,0.0
-5.203806339802752,-0.98,-0.07,0.42,0.15,0.09,0.0
1.541994281562875,0.07,-0.19,-0.32,-0.11,-0.15,0.0
-0.07809336303726822,-0.14,-0.44,0.08,0.13,-0.1,0.0
0.7034190796181949,0.43,0.14,0.44,-0.08,0.09,0.0
1.034838391853743,0.6,0.34,-0.86,-0.21,-0.46,0.0
-0.5633068898227234,-0.35,-0.61,0.37,0.36,0.07,0.0
-1.2789832249264665,-0.85,-0.2,-0.22,-0.1,-0.03,0.0
-2.0520022181412023,-2.24,-0.2,0.55,0.65,0.63,0.0
-6.116282514378934,-2.95,1.83,0.14,-0.71,0.82,0.0
-2.496217869968953,-3.91,0.28,-0.43,0.46,0.16,0.0
0.6012229271110225,-1.16,0.58,-0.6,-0.29,-0.64,0.0
5.7354972027867435,3.68,-1.42,-0.33,0.17,-0.68,0.0
2.944677974471732,2.4,-0.63,0.61,-0.3,-0.21,0.0
0.3276767161817018,0.23,0.98,0.08,-0.25,0.06,0.0
-0.4678437739102925,-0.74,0.9,1.42,0.09,0.51,0.0
-4.4696676315603145,-2.91,0.24,-0.5,-0.03,0.07,0.0
4.288901237899845,1.82,-0.3,-0.92,0.18,-0.7,0.0
-1.7536245430752495,0.17,-0.2,0.74,0.33,0.75,0.0
-0.9966362871026258,-1.39,0.83,-0.57,-0.07,-0.48,0.0
2.782109503450636,2.52,-0.38,-0.58,-0.08,-0.29,0.0
-1.9232577436034015,-1.34,0.16,0.15,0.21,0.04,0.0
2.197000402224236,0.49,-0.18,-0.36,-0.21,-0.68,0.0
1.4568700753306185,0.44,-0.28,-0.69,-0.09,-0.33,0.0
0.9631344817720988,-0.41,0.02,0.04,-0.02,-0.06,0.0
0.8412431035637491,1.22,-0.16,0.27,0.01,0.08,0.0
0.11179261180960243,0.85,0.05,0.43,0.31,0.24,0.0
-2.1390425457070816,-0.17,0.77,-1.49,-0.26,-0.5,0.0
-0.4125241299694271,-1.62,0.31,-0.96,-0.42,-0.51,0.0
1.5513366605663048,0.36,-0.84,1.24,0.48,0.23,0.0
-1.5710564750303857,-1.29,-0.29,0.13,0.3,0.08,0.0
0.8112930591369638,-0.27,-0.21,-0.15,-0.19,-0.28,0.0
0.5948020257067421,-0.36,0.27,0.52,-0.08,0.04,0.0
-0.25215938204588006,-0.22,-1.45,1.87,0.53,0.68,0.0
-1.9789000964068992,-2.63,-0.23,1.16,0.64,0.69,0.0
-3.006047698091552,-0.06,-0.61,0.7,0.71,0.59,0.0
1.1369932034514862,1.88,-0.5,-0.44,-0.42,-0.35,0.0
-0.6527582362895967,0.13,-0.52,-0.06,-0.15,-0.2,0.0
0.7300722195220599,1.48,0.26,-0.84,-0.11,-0.05,0.0
0.3623557627181251,1.93,0.74,0.77,0.11,0.68,0.0
0.4784210877070372,-0.43,-0.08,1.64,0.34,0.59,0.0
-0.47614311861988723,0.94,0.77,-0.24,-0.12,0.07,0.0
-1.155414841866953,0.85,0.34,0.74,0.52,0.75,0.0
2.3926793431059634,0.12,0.11,-1.08,0.14,-0.18,0.0
-0.46379983523886503,0.06,-0.43,-0.08,0.11,-0.12,0.0
0.17027150948163428,-0.73,-0.67,0.66,0.33,0.19,0.0
-1.4133659856186642,-0.6,-0.29,-0.07,-0.42,0.41,0.0
1.4971475360627151,1.56,0.62,-0.09,-1.07,-0.45,0.0
-0.7330774045951838,0.35,-0.53,-0.32,0.04,0.01,0.0
0.6213923559031054,0.0,0.09,-0.68,0.15,-0.35,0.0
1.8258462742430037,-0.15,0.16,1.22,0.46,0.29,0.0
-0.00878915401967273,-0.73,-0.89,-0.2,0.44,0.22,0.0
1.5295293737390248,1.5,-0.77,0.32,0.05,0.58,0.0
3.0995421377511656,1.09,-0.08,-0.56,0.21,-0.81,0.0
-3.1910907440389824,-0.2,-0.45,-0.72,0.21,-0.15,0.0
-0.6332777271895185,-0.42,-1.06,-0.93,-0.42,-0.5,0.0
4.120478401710326,1.43,1.51,0.68,-0.7,-0.16,0.0
1.0564225519253956,-0.2,-0.84,-0.06,0.36,-0.3,0.0
-0.8545449419194773,-0.42,0.18,-0.57,0.37,0.07,0.0
1.4058545862907001,1.25,0.9,-0.02,-0.53,-0.08,0.0
1.147085775924661,0.33,0.43,0.24,0.04,-0.11,0.0
-0.46506186038052233,-0.25,0.16,-0.32,-0.63,-0.71,0.0
-0.4610162287071673,-0.07,0.03,0.49,0.02,0.14,0.0
0.11580359883136548,0.14,0.93,0.33,-0.53,-0.1,0.0
-0.4047424486299578,-0.95,-0.31,-0.04,-0.63,-0.09,0.0
-3.151713213413254,0.13,0.0,0.22,-0.14,0.22,0.0
-0.5652061968819844,-0.43,-0.55,-0.18,-0.08,0.07,0.0
-0.33586537116478965,-1.45,-0.58,-0.41,0.15,-0.3,0.0
-2.920900941061433,-1.06,0.34,0.36,-0.56,0.44,0.0
1.6379185771211224,1.39,-0.54,0.48,0.19,-0.13,0.0
-0.4291527197342604,-0.11,-0.23,-0.64,0.0,-0.17,0.0
3.1665102729153682,1.61,-0.03,-0.08,-0.12,-0.4,0.0
1.2703563985330568,-0.13,-0.28,-0.17,0.18,0.15,0.0
0.4377873981327163,0.35,0.39,-0.39,0.29,0.02,0.0
-1.2992205938621493,-0.01,0.6,-0.35,0.09,-0.16,0.0
0.9596309701868089,0.21,0.74,0.25,0.18,0.08,0.0
-0.715020540625011,0.07,0.85,-0.54,-0.09,-0.1,0.0
-0.1863980123279041,0.09,0.21,-0.29,-0.16,0.09,0.0
0.41597987131629655,-0.48,0.19,0.67,-0.24,0.09,0.0
-0.8115156926404632,0.97,-0.64,0.25,-0.09,-0.15,0.0
-0.9033554634502727,-1.01,0.19,-0.7,0.05,-0.15,0.0
-0.9287886730952266,-1.5,-0.18,0.4,0.32,0.24,0.0
3.324645974396434,1.87,-1.03,-0.48,0.13,-0.31,0.0
-0.6301003005056427,-0.83,-0.88,-0.68,0.69,0.16,0.0
-0.04230451843727501,-0.58,0.25,-1.19,-0.16,-0.78,0.0
-2.207541862886364,-0.83,-0.23,0.39,0.51,0.62,0.0
0.4757045830420026,0.3,0.11,-0.23,0.15,-0.21,0.0
-2.5738368879215545,-2.02,-0.21,-0.06,0.19,0.35,0.0
-0.6184655447160736,0.29,-1.11,-0.17,0.1,-0.39,0.0
-1.7691867721443377,1.1,0.22,0.79,-0.77,0.14,0.0
0.7692921376135198,1.47,0.02,-0.68,-0.13,-0.17,0.0
-2.119624579913515,-1.46,0.32,-0.36,-0.23,-0.1,0.0
-2.706945802865879,-1.69,0.69,-0.37,-0.3,0.21,0.0
1.2260853088131185,0.74,-0.18,-0.07,-0.14,0.08,0.0
-0.09313854186676629,0.89,0.01,0.51,0.21,0.52,0.0
1.2868998355440642,1.29,0.21,0.57,-0.01,0.11,0.0
-0.5339883033210535,-0.11,0.27,-0.02,-0.22,0.12,0.0
-1.120075487654948,-0.28,-0.54,-0.36,0.08,-0.08,0.0
1.7974045523562854,1.05,0.03,-0.27,0.01,-0.35,0.0
-1.305850698439559,-0.74,-0.18,-0.15,0.05,0.16,0.0
-1.9195090415547456,-0.92,-0.21,0.23,-0.12,0.08,0.0
0.08551897221640292,-1.59,-0.77,0.52,0.35,0.42,0.0
-2.5059392970358307,0.13,-0.22,0.0,0.08,0.28,0.0
-1.956995629093361,-1.34,-0.23,0.01,0.13,0.02,0.0
-4.220421864932334,-2.44,-0.28,0.08,0.5,0.39,0.0
0.5287499740163737,-1.11,-0.52,-0.03,0.24,0.06,0.0
1.6192443985641347,-0.06,-0.62,0.4,0.64,0.44,0.0
1.4513324421966844,0.72,-0.49,-0.78,-0.1,-0.34,0.0
-2.571033428461511,-2.66,-0.59,0.8,0.41,0.73,0.0
2.187068079526533,1.65,-0.04,-0.41,-0.59,-0.45,0.0
-2.4015151573107962,-2.13,0.41,-0.22,0.36,0.35,0.0
-0.48385266388086823,-0.19,-1.37,-0.07,0.35,0.26,0.0
0.13447986329018224,-0.94,1.7,-1.26,0.08,-0.57,0.0
-0.5062835551494005,0.45,-0.48,-0.01,0.49,0.64,0.0
5.3167317964261995,2.08,0.12,-0.19,-0.48,-0.73,0.0
-1.9522767887863224,-1.7,-0.53,-0.98,0.35,-0.04,0.0
0.5531070191515441,1.52,0.62,1.18,0.64,0.71,0.0
-6.570681525243261,-1.11,-0.4,1.7,-0.19,1.09,0.0
0.7171990678820794,0.49,-0.56,1.26,-0.29,-0.48,0.0
3.454170128137357,2.57,0.61,0.42,0.0,0.49,0.0
-0.93491333864274,-0.04,-0.31,-1.0,0.08,-0.41,0.0
-2.0221858819650884,-2.0,-0.15,-0.36,0.28,0.35,0.0
1.9792647938526642,0.46,-0.23,0.45,0.41,0.36,0.0
0.8035140140177033,0.27,0.3,0.35,0.23,0.14,0.0
-2.6708124900434282,-2.06,-0.7,1.63,1.01,1.39,0.0
1.0529802118649956,-1.51,0.15,0.82,1.69,0.91,0.0
-0.021058897698655876,-0.08,-0.55,-0.29,-0.03,0.02,0.0
-0.7579522719745824,0.01,-0.21,-0.55,-0.29,-0.78,0.0
-0.6046666470311601,-1.17,0.28,-1.47,0.38,-0.38,0.0
0.30949741398553776,1.98,-0.25,1.08,-0.4,0.35,0.0
2.819475120601189,1.78,0.51,-0.52,-0.02,-0.28,0.0
1.53142948683902,1.74,-0.14,-0.65,-0.39,-0.46,0.0
-1.8956473838272037,-0.51,-0.02,0.22,0.39,0.53,0.0
-0.22853492731477187,0.06,0.29,-0.58,-0.65,-0.39,0.0
0.8746376118352828,1.43,-0.19,0.26,0.25,-0.25,0.0
-2.260527520688871,-1.21,0.37,-0.5,0.76,0.46,0.0
1.4890565274576106,0.54,0.65,-0.29,-0.03,0.1,0.0
0.686798779094433,1.1,-0.45,0.22,-0.06,-0.25,0.0
0.15501563895363724,-0.02,0.86,0.29,-0.56,0.03,0.0
-0.22701942714319356,-0.69,0.7,0.25,0.15,0.43,0.0
3.9714722025052884,2.34,-0.66,0.39,-0.59,-0.59,0.0
0.21886973296318946,0.54,0.6,0.68,-0.71,-0.13,0.0
0.7443741850291063,0.5,0.58,0.65,0.28,0.37,0.0
1.4876708958470264,0.37,0.34,0.28,0.1,0.06,0.0
-1.1066692815042245,0.21,1.31,0.55,-0.48,0.44,0.0
-0.8245822576883,-1.27,-1.28,-0.47,0.66,0.14,0.0
0.08906005415889595,0.5,0.1,0.4,0.24,0.15,0.0
0.04948278137331119,-0.1,-0.77,0.62,0.31,0.2,0.0
1.0773960562592277,1.69,0.31,0.23,-0.42,-0.35,0.0
0.2542328674001615,-0.12,-0.16,-0.9,-0.02,-0.25,0.0
2.0093613992019588,-0.35,-1.47,0.69,0.43,0.1,0.0
1.3291307683494846,0.63,0.11,-0.09,0.59,-0.05,0.0
-0.16041595721140167,0.71,0.96,0.59,0.12,0.69,0.0
0.11341158608182411,0.54,0.45,-0.14,-0.23,0.19,0.0
-0.009444892902543689,0.1,-0.29,-0.32,-0.09,-0.33,0.0
0.7648146493083541,-0.05,-0.09,-0.45,-0.31,-0.26,0.0
-0.5528584787467095,-0.85,-1.2,-0.16,0.68,0.01,0.0
-0.43343890840591426,0.0,0.44,-0.06,0.05,0.0,0.0
-0.4542284080865766,0.04,-0.03,0.16,-0.04,0.24,0.0
2.367123223681755,1.07,1.67,-1.19,0.2,-0.58,0.0
1.7459301427911411,0.41,-0.27,0.16,-0.07,0.05,0.0
-0.520272879273842,-0.11,0.42,-0.49,-0.11,-0.12,0.0
0.9175301336939556,0.64,-0.34,-0.63,-0.38,-0.16,0.0
1.0273364562656262,-0.41,-0.29,-0.78,-0.25,-0.2,0.0
-1.1788662270662553,-0.94,-0.18,-0.38,0.09,0.17,0.0
1.0472333053230365,1.14,0.09,-0.76,-0.54,-0.65,0.0
-2.180965825529857,-1.23,-0.1,-0.38,-0.01,0.19,0.0
0.11054087900153053,0.29,0.13,0.68,0.37,0.31,0.0
0.3313416390070989,-0.28,-0.01,0.95,0.0,0.31,0.0
1.3024979980329254,0.99,0.01,0.87,0.03,-0.12,0.0
1.4487555409010477,1.23,0.98,0.38,-0.48,-0.36,0.0
0.05354385203932832,0.03,-0.24,0.14,-0.35,-0.12,0.0
-2.007112642661524,-0.04,0.3,-0.34,0.23,0.15,0.0
-2.1575143322132284,0.65,0.15,-0.19,-0.16,-0.07,0.0
-0.530302395739024,0.28,-0.19,1.48,-0.2,0.36,0.0
0.2057533011308399,0.15,-0.01,0.58,-0.29,-0.12,0.0
-1.0827776806083045,-0.48,-0.02,-0.6,-0.6,-0.34,0.0
-0.27366149263536865,0.12,1.03,0.51,-0.08,0.93,0.0
-0.5677496299846707,-0.24,-0.66,-0.18,0.1,-0.17,0.0
-0.6947085105996287,0.29,0.82,0.81,0.3,0.6,0.0
-6.25780052066498,0.21,0.19,0.7,-0.18,0.75,0.0
-3.0566025044832412,-0.96,-0.19,-0.02,-0.48,0.56,0.0
-1.149444664138044,-0.5,-0.21,0.36,0.06,-0.25,0.0
-0.10666718366681982,0.78,0.0,-0.38,0.03,-0.12,0.0
1.6445850381407112,-1.05,-0.73,-0.45,0.53,0.04,0.0
-1.0401205126117419,-0.66,-0.16,0.05,0.51,0.26,0.0
-0.40592492095129495,-0.08,-0.52,0.06,0.13,-0.01,0.0
-0.5577062255101017,0.38,0.06,0.24,0.18,0.25,0.0
0.0755204784244512,0.05,0.21,-1.46,0.13,-0.49,0.0
0.678928048948424,1.26,-0.37,0.5,-0.15,0.05,0.0
-0.9740606773289029,-0.89,-0.32,0.79,-0.39,0.03,0.0
-2.345725239089824,-0.11,-0.62,0.14,0.36,0.07,0.0
0.19925074536202292,-0.82,0.29,-0.67,-0.55,-0.18,0.0
3.711901883159019,0.99,0.21,-0.23,-0.1,-0.3,0.0
-0.41541920201636495,-0.95,-0.71,0.61,-0.14,-0.11,0.0
1.1444892650460003,0.1,0.18,0.89,-1.33,-0.63,0.0
-0.3806818719494176,-0.32,-0.34,-0.26,0.36,-0.02,0.0
1.0827558685675198,0.75,0.85,-0.26,-0.4,-0.36,0.0
1.2707538918199202,-0.19,0.24,-0.32,-0.23,0.1,0.0
1.5244454254018658,1.43,0.63,-0.35,-0.1,-0.38,0.0
1.7568926022409448,0.71,-0.12,0.56,0.22,-0.08,0.0
0.7930401051566394,-0.04,-0.16,-0.53,0.15,-0.23,0.0
-0.059758789372710286,0.48,0.36,-0.17,-0.12,-0.1,0.0
-0.48833165116967114,-0.01,0.46,-0.37,-0.2,-0.32,0.0
-1.4019544705016318,0.2,0.63,-0.21,-0.28,0.06,0.0
-0.7515909771370732,0.35,0.26,-0.58,-0.2,-0.04,0.0
0.20468231878356669,-0.38,-0.21,-0.07,0.52,0.14,0.0
0.7250923104857643,0.6,0.72,0.31,-0.18,-0.08,0.0
0.40555365153449596,0.12,0.21,0.1,0.36,0.23,0.0
-0.0908831115837061,0.37,0.43,-0.09,0.03,-0.08,0.0
0.7176424427651762,-0.27,-0.44,-0.24,0.33,0.12,0.0
-0.8229293643483682,-1.05,-0.39,-0.18,0.18,0.61,0.0
-1.5076325978723215,-0.84,-0.36,0.12,-0.22,-0.01,0.0
0.12326989990978365,-0.19,0.14,-0.72,0.33,0.03,0.0
-0.3283379017814503,-0.11,0.23,-0.03,-0.09,0.02,0.0
0.4220795097345187,0.24,-0.32,-0.44,0.25,0.31,0.0
-2.2757552737935227,-0.3,0.07,0.95,0.42,0.62,0.0
-0.24126353949279755,0.71,0.6,0.01,-0.18,0.1,0.0
0.8517408773800694,0.21,-0.61,0.51,-0.19,-0.01,0.0
-0.3753583290869389,-0.2,-0.31,0.07,0.1,-0.01,0.0
0.5756092096073306,1.45,0.56,0.47,-0.56,-0.18,0.0
-2.8095696664568237,-3.69,0.02,-1.21,0.98,0.07,0.0
-1.4560761407302558,-2.06,-1.06,-0.72,0.62,0.43,0.0
1.6840012386250214,1.76,-0.37,0.16,-0.63,-0.57,0.0
0.8655011143241076,1.79,0.31,-0.04,-0.13,-0.26,0.0
1.2711965009051918,1.42,0.39,0.42,-0.11,0.38,0.0
0.30331261853275837,0.24,0.46,-0.43,-0.07,0.23,0.0
-0.9385307819659738,-0.84,-0.83,-1.38,0.61,-0.71,0.0
0.568472949773291,0.62,0.18,-0.12,-0.05,-0.15,0.0
0.4291840984954165,0.02,0.32,-0.18,0.14,-0.27,0.0
0.7712975902572694,1.59,0.97,0.33,0.02,0.29,0.0
0.31032180046330904,0.42,0.68,0.28,0.32,-0.11,0.0
0.45366450350559084,0.75,0.74,0.98,-0.58,0.65,0.0
-0.5645432113687399,-0.04,-0.46,0.48,0.51,-0.01,0.0
1.9820258475564012,0.51,-0.41,0.46,-0.01,0.02,0.0
-0.010107607930442963,-0.05,0.29,0.01,-0.29,-0.01,0.0
1.0629892928107676,0.24,0.01,-0.14,0.04,-0.22,0.0
0.04004273347111287,-0.22,-0.64,0.04,0.45,-0.24,0.0
0.09010195672811694,0.48,0.39,-0.89,-0.05,-0.35,0.0
-0.5301943387763686,-0.38,-0.06,-0.03,0.15,0.04,0.0
-0.7744031791642736,0.48,0.28,-0.13,0.4,-0.26,0.0
-1.337945445677513,-0.27,-0.05,-0.23,0.44,-0.41,0.0
-0.688319945014837,0.13,0.61,0.54,-0.53,0.75,0.0
6.496332892508216,-0.14,0.5,-0.43,-0.14,-0.56,0.0
1.350159975545706,0.19,-0.52,-0.33,-0.11,-0.13,0.0
-0.1245618973483631,0.17,-0.05,0.03,-0.02,0.35,0.0
1.7656707289719575,-0.16,0.07,-0.9,0.47,-0.75,0.0
-1.4804502513089401,-0.7,-0.61,0.17,-0.42,0.13,0.0
1.253834964438072,0.45,0.6,0.8,-0.7,0.15,0.0
0.6177511376360023,0.05,0.07,-0.38,0.17,0.07,0.0
1.5207265270020365,0.92,0.55,1.0,-0.57,-0.33,0.0
0.8280540675240422,-0.06,0.11,0.5,0.06,0.44,0.0
0.40603692578906614,0.05,-0.07,-0.28,-0.2,-0.23,0.0
-0.7444395410043936,-0.29,-0.47,-0.18,0.62,0.03,0.0
-0.06481756389624671,0.54,0.15,0.03,-0.32,0.21,0.0
0.2316480497150053,-0.06,0.13,-0.17,-0.14,-0.26,0.0
1.2017044425719714,0.38,0.81,0.39,-0.27,0.39,0.0
-0.09133063284584297,-0.57,-0.21,0.58,-0.12,0.32,0.0
-0.1462808459924303,0.12,-0.51,0.24,0.01,0.07,0.0
-0.12819467129638884,0.32,0.49,0.34,-0.46,0.36,0.0
0.2566955656018388,-0.11,0.07,-0.13,0.22,-0.12,0.0
-0.7772420923266798,-0.02,0.23,-0.4,0.01,-0.39,0.0
0.3133429182829328,0.26,0.55,-0.01,-0.02,0.06,0.0
-0.7533510734752169,-0.55,-0.45,0.37,0.42,-0.08,0.0
-0.42580916484105114,-0.08,0.21,0.48,-0.26,0.29,0.0
-0.5856590094367342,-0.15,0.11,-0.08,-0.39,-0.21,0.0
-0.11222164318993588,0.53,0.0,0.34,-0.08,0.19,0.0
-0.7676601149703144,-0.14,0.22,0.28,-0.12,-0.33,0.0
0.09436829388544954,-0.24,-0.35,0.15,0.25,-0.37,0.0
0.5937809983651787,0.03,0.05,-0.51,0.1,-0.14,0.0
0.9369398043277188,0.53,0.43,0.36,-0.15,0.21,0.0
-0.027826512350481725,0.27,0.03,-0.55,-0.6,-0.04,0.0
0.6128247809539022,0.09,0.61,0.02,-0.05,-0.23,0.0
-2.620925306633959,-0.18,0.04,0.59,-0.84,0.39,0.0
-2.264988058079531,-2.46,-0.57,0.43,0.0,-0.44,0.0
2.239937954520377,1.44,-0.04,-0.44,-0.15,-0.19,0.0
2.380468728860752,-1.48,-0.31,-0.43,0.55,-0.71,0.0
3.53866960453304,-0.08,0.05,-0.81,0.09,-0.48,0.0
3.3998296840477504,1.07,0.3,-0.32,0.07,-0.18,0.0
-0.5624206370026918,-0.36,0.29,-0.44,0.21,-0.19,0.0
-1.1660468455494954,0.05,0.51,0.15,-0.09,0.35,0.0
-0.008773355305291552,-0.01,-0.35,-0.4,-0.55,-0.11,0.0
-0.017599518023703187,1.12,0.21,0.33,-0.37,0.53,0.0
0.9422856883333663,0.7,0.81,-0.06,0.08,0.13,0.0
-1.6663697390750465,-0.59,-0.05,-0.2,0.52,-0.52,0.0
0.15081485852546095,-0.88,-0.3,-0.36,-0.15,0.19,0.0
0.1860609063929486,0.64,-0.13,-0.49,-0.04,-0.39,0.0
0.7604474085351809,0.56,0.23,1.1,-0.9,1.14,0.0
-1.5533087202085127,-0.98,-0.39,0.5,0.27,0.68,0.0
0.7755286682681106,0.88,0.43,0.34,-0.19,0.09,0.0
-0.46879377812100165,-0.26,-0.03,-0.14,0.05,0.16,0.0
0.42656655688331213,-0.45,0.06,0.14,0.11,-0.32,0.0
0.044246507591716444,0.58,0.42,0.8,-0.49,0.44,0.0
0.7430434726306556,-0.06,-0.22,0.28,0.45,0.24,0.0
0.1492668883638304,-0.38,-0.54,0.2,-0.28,-0.36,0.0
1.7446903747776243,0.52,0.57,0.05,-0.53,-0.2,0.0
0.21545398541493732,-1.3,-0.56,0.43,0.4,0.08,0.0
0.8942071571331534,0.06,-0.22,0.34,0.67,0.13,0.0
-0.306797543322912,-0.41,-0.75,-0.62,0.33,-0.17,0.0
0.5556486633750302,0.01,-0.36,0.58,0.07,0.1,0.0
-0.06799657867465614,-0.29,-0.02,0.15,0.1,0.13,0.0
-0.06805699748771987,0.6,-0.17,0.05,-0.3,-0.31,0.0
-0.2979539114956742,0.24,0.14,0.93,-0.11,0.5,0.0
-0.0512337031690735,-0.16,-0.04,-0.11,-0.48,-0.05,0.0
-0.39294096129561806,0.02,-0.18,-0.33,0.17,-0.19,0.0
0.900502573073414,0.54,0.06,-0.19,0.6,-0.49,0.0
0.5099653612969268,-0.46,-0.6,0.24,0.0,-0.02,0.0
-2.2494473821653482,-0.23,-0.73,0.71,0.1,0.54,0.0
-0.960290096148464,-0.32,-0.94,0.56,-0.13,-0.01,0.0
-0.6638797150601561,-0.29,-0.12,0.09,-0.13,0.36,0.0
-0.15825258021703315,0.02,0.11,0.09,0.48,-0.33,0.0
-1.80557339211449,-0.68,-0.39,0.23,-0.49,-0.06,0.0
0.0896990125498709,-0.73,-0.55,0.26,0.96,0.11,0.0
-1.0718605267932335,-0.4,-0.36,1.05,0.12,0.81,0.0
-0.9013979870312716,-0.12,0.84,-0.42,-0.1,-0.1,0.0
1.4424997834980413,2.24,0.16,-0.11,-0.29,-0.2,0.0
0.5887035622542891,0.4,-0.11,-0.23,-0.05,0.29,0.0
-0.16209440818254484,1.45,2.13,1.07,-0.79,0.74,0.0
-2.7867752533431878,0.32,1.46,1.85,-0.25,0.36,0.0
0.5937234293698523,0.18,2.53,-0.02,0.03,-0.29,0.0
-2.5084943935476223,0.2,0.92,1.41,-0.22,0.38,0.0
1.3243538985749037,0.8,-0.54,0.15,-0.5,0.18,0.0
2.6888142176324736,-0.12,0.21,-0.54,0.75,-0.16,0.0
-0.03636973195643156,0.56,0.16,-0.15,0.17,-0.43,0.0
0.1000719681226725,-0.16,0.57,0.38,-0.2,0.1,0.0
1.5173461363964247,0.77,-0.26,0.05,-0.06,0.3,0.0
0.06265953276283209,0.31,0.64,0.53,0.83,0.32,0.0
-0.5098446728004413,0.15,0.56,0.19,-0.25,0.15,0.0
0.5034551815894517,0.4,-0.05,-0.29,0.27,-0.17,0.0
-0.19679783240346138,-0.64,-0.78,0.08,0.66,-0.34,0.0
-0.09858923638735861,0.12,-0.39,-0.05,0.42,-0.52,0.0
-0.8433421858190404,-0.25,-0.16,2.2,-1.42,1.97,0.0
-0.9319805941017778,-0.36,-0.38,2.03,0.3,0.62,0.0
0.37447323876043104,0.0,-0.01,-0.32,-0.11,0.06,0.0
-0.7188338783220227,0.75,1.12,0.27,-0.3,-0.17,0.0
0.7698483739091877,0.47,0.63,0.21,-0.15,-0.07,0.0
0.9822722990164845,1.26,-0.49,0.48,0.84,0.0,0.0
0.9817136491632628,0.36,1.24,0.6,-0.2,-0.11,0.0
1.6321979519307472,0.46,-0.35,0.2,-0.06,-0.07,0.0
-0.5704656362574223,-0.3,-0.97,-0.14,0.12,0.03,0.0
1.668167381624408,0.6,-0.58,-0.25,0.05,-0.18,0.0
0.0,-0.82,-0.39,-0.28,0.44,-0.5,0.0
0.5469176836047085,0.46,0.46,0.29,0.04,0.03,0.0
0.1295248122754833,-0.22,-0.02,-0.41,-0.15,-0.03,0.0
0.5777191819951177,0.22,0.32,0.06,0.23,0.03,0.0
0.26578477563068414,0.44,0.5,0.64,0.11,0.07,0.0
0.09404680404674348,-0.24,-0.35,0.2,0.14,0.07,0.0
-0.6577726979157261,-0.3,-0.77,0.25,-0.21,0.06,0.0
0.19776453702060603,0.19,0.53,-0.5,-0.35,-0.14,0.0
0.6351186592445934,0.27,0.24,0.13,0.18,0.06,0.0
-0.4264072264172247,-0.87,-0.29,0.08,0.17,-0.16,0.0
-0.02570632686780261,-0.04,0.1,-0.33,0.27,0.03,0.0
-0.7795833469212088,-0.52,-0.06,0.21,-0.12,0.04,0.0
0.28495744501162434,0.83,-0.09,0.06,-0.2,0.25,0.0
-0.11195771683203404,0.79,0.97,-0.15,-0.47,-0.05,0.0
0.5085470396382297,-0.21,-1.02,-0.78,-0.23,-0.09,0.0
1.114841561140123,0.29,-0.74,-0.31,-0.35,-0.3,0.0
0.9159245624137835,-0.37,-0.34,-1.03,0.14,-0.5,0.0
0.10087045275353201,0.16,0.93,0.43,0.04,0.05,0.0
0.53730394669258,0.31,-0.15,0.68,0.06,0.26,0.0
-0.41755469802073897,-0.3,-0.65,-0.86,0.05,-0.29,0.0
-0.17608292316250163,0.29,0.59,-0.09,-0.27,-0.16,0.0
0.8064438762862336,-0.49,-0.96,-0.64,0.58,0.39,0.0
-0.008337420439341603,0.24,0.2,0.23,-0.1,-0.08,0.0
-0.1749900808148963,-0.38,-0.55,-0.06,-0.1,-0.03,0.0
0.18364956496013107,0.33,0.08,0.22,0.13,0.03,0.0
0.06666488286783956,-0.29,-0.06,-0.33,0.42,-0.36,0.0
-0.09160228537089532,0.82,0.8,0.81,-0.24,0.49,0.0
1.5920867269911598,0.84,0.21,0.43,-0.24,-0.15,0.0
0.049225723502721586,-0.1,-0.58,0.4,-0.08,-0.15,0.0
0.00819798847964126,-0.12,-0.07,-0.68,0.11,0.06,0.0
-0.2624159147370464,-0.68,-0.74,-0.46,0.6,-0.15,0.0
-0.230189988895646,0.0,0.81,-0.55,-0.39,-0.26,0.0
6.098045652674111,0.03,-0.08,0.04,0.22,-0.23,0.0
-0.17086117360924913,-0.02,-0.29,-0.29,-0.28,0.15,0.0
0.4279129947587057,0.82,0.61,0.74,-0.49,0.27,0.0
0.93740760106793,-0.27,-0.65,-0.16,0.07,-0.22,0.0
0.951700617275697,0.0,-0.38,-0.51,0.38,-0.23,0.0
0.3877330955272429,0.07,-0.28,-0.59,0.3,-0.09,0.0
0.7226271461777456,0.71,0.7,0.08,-0.26,0.07,0.0
-0.226568060735588,0.37,0.39,0.17,-0.03,0.14,0.0
0.8855920383154192,0.49,-0.27,0.34,-0.01,0.04,0.0
1.297885310223057,0.45,-0.17,0.35,-0.44,-0.09,0.0
0.3629233887528338,0.53,0.14,-0.42,0.2,-0.05,0.0
-0.11805212474063076,-0.16,-0.22,0.0,0.27,-0.21,0.0
0.27335966849111326,0.2,-0.07,-0.54,0.01,-0.4,0.0
0.7220118198495884,0.6,0.06,0.13,0.32,0.36,0.0
0.29996610719325023,-0.15,-0.38,0.1,0.48,-0.32,0.0
-0.4230090226099881,-0.12,-0.71,0.24,-0.26,-0.45,0.0
0.09519661444290506,0.15,-0.11,-0.96,0.31,-0.21,0.0
0.19756789150358056,0.21,0.85,-0.34,-0.36,-0.13,0.0
0.04388493542031302,-0.42,-1.35,0.14,-0.02,-0.19,0.0
2.043901532995318,1.47,0.51,0.77,-0.53,0.53,0.0
-0.5937556106291986,-0.69,-0.54,-0.9,0.62,-0.43,0.0
0.5901274320432082,0.08,-0.17,0.14,-0.06,-0.09,0.0
-0.31482480089429776,-0.37,-0.4,-0.08,-0.05,0.0,0.0
0.12917075967591174,-0.35,-0.35,-0.07,0.09,-0.25,0.0
-0.37266151973047723,-0.19,-0.19,-0.83,0.44,-0.75,0.0
-0.23023541037209272,0.05,-0.52,-0.23,-0.58,-0.16,0.0
0.33167665328845963,0.34,0.06,-0.47,0.27,0.03,0.0
0.04317013522023849,0.13,0.31,-0.08,-0.11,0.05,0.0
-0.15088229145037158,-0.36,-0.22,-0.01,0.5,-0.25,0.0
1.057653466460562,0.86,0.69,-0.46,-0.11,0.5,0.0
0.1637249364751847,-0.07,0.44,0.23,-0.16,-0.37,0.0
-0.49752869639305697,-0.08,0.57,-0.34,0.15,0.03,0.0
1.0500627374874894,-0.25,-0.2,-0.71,-0.15,-0.07,0.0
-1.1452072622910925,-1.49,-1.4,-0.71,0.84,0.29,0.0
1.1298146071262227,0.16,-0.33,-0.57,0.16,-0.15,0.0
-0.35353172236101127,-0.03,0.74,0.49,-0.03,0.21,0.0
-0.19868203296975473,-0.05,0.11,-0.2,-0.26,-0.31,0.0
0.17066302085615437,-0.05,0.46,-0.49,-0.21,-0.26,0.0
2.0726811680576995,0.73,-0.04,0.72,0.05,0.41,0.0
0.2225158744683542,0.18,0.33,-0.09,-0.25,0.15,0.0
-0.1318501233086189,0.36,0.42,0.92,-0.06,-0.14,0.0
-0.18755427779123535,-0.16,0.54,-0.32,0.04,0.1,0.0
0.02784015461092526,-0.28,-1.15,-0.08,-0.16,-0.09,0.0
0.7446057368242442,0.05,-0.24,0.31,-0.08,0.19,0.0
-0.5180660037853224,-0.44,-0.82,-0.3,0.45,-0.08,0.0
-0.24995797799615138,0.31,0.73,0.48,-0.13,0.37,0.0
-0.22276712094947415,-0.08,0.08,-0.26,0.01,-0.05,0.0
-0.11859919587997592,0.08,0.14,0.07,0.19,0.46,0.0
-1.0756354133478752,-0.05,0.8,0.23,0.2,0.18,0.0
0.12003111779967934,-0.49,-0.94,-0.54,-0.04,-0.55,0.0
-0.5289285434539992,-0.75,-0.35,-0.81,-0.03,-0.38,0.0
0.5530046414162104,0.89,0.29,0.24,0.03,-0.14,0.0
-0.4441720944942773,-0.25,0.31,-0.19,0.31,0.12,0.0
-0.3682857811764362,-0.08,0.56,-0.44,0.43,-0.84,0.0
1.251090866707516,0.83,0.59,0.26,0.2,-0.19,0.0
-0.11938322408285851,-0.28,0.06,-0.15,0.35,-0.2,0.0
0.9629834521642566,1.18,0.26,0.5,-0.08,0.14,0.0
0.619589874777593,0.66,0.4,-0.07,-0.37,0.31,0.0
-0.5881020252514801,0.04,0.75,0.32,0.23,-0.01,0.0
0.07656983648509641,0.05,-0.2,-0.97,0.2,-0.56,0.0
-0.09735816136448028,-0.3,-0.76,-0.6,0.09,-0.21,0.0
2.039665165350679,0.21,0.23,-0.11,-0.2,-0.52,0.0
0.6344368861102234,0.03,-0.45,-0.23,0.42,-0.29,0.0
-0.305052401067174,-0.19,-0.51,0.23,-0.05,0.1,0.0
-0.36041243203817075,0.02,-0.14,-0.33,0.32,-0.73,0.0
1.65841934910671,0.46,0.09,0.0,-0.23,0.64,0.0
2.71881174120443,-0.04,-0.2,0.25,0.13,0.07,0.0
0.6404952157796906,-0.05,0.4,-0.8,0.34,-0.34,0.0
-0.47406632776401114,0.2,0.25,0.03,-0.31,0.38,0.0
0.8648332816138637,-0.25,-0.43,-0.16,-0.25,-0.03,0.0
1.3965303943615837,-0.18,-0.38,-0.61,-0.27,-0.32,0.0
-0.2562447905759102,0.53,0.25,0.2,-0.3,0.03,0.0
-0.14767210889158333,-0.03,0.1,-0.09,-0.24,-0.12,0.0
-3.357599972554226,-1.97,-0.95,-0.6,0.53,0.28,0.0
1.5241472779479848,0.4,0.0,-0.38,-0.35,-0.59,0.0
0.340915081621862,0.7,-0.33,0.4,-0.09,0.8,0.0
0.6075885630615119,0.56,0.25,-0.3,-0.05,-0.3,0.0
-0.12338214798759406,0.18,-0.02,0.64,-0.23,0.06,0.0
-0.29913142724947717,0.24,-0.2,-0.46,0.15,-0.29,0.0
0.3456652388902359,0.42,-0.35,-0.74,0.55,-0.62,0.0
-0.1689895080169812,0.06,-0.02,0.1,0.18,0.21,0.0
0.039081672575935755,-0.19,-0.54,-0.35,0.63,-0.01,0.0
-0.5922009871476064,-0.02,-0.04,-0.53,0.27,-0.07,0.0
0.2749220490169124,0.94,1.01,0.04,-0.22,0.08,0.0
1.481944480008579,0.35,0.43,-0.76,0.17,-0.46,0.0
-0.9778079673327777,-0.17,-0.45,-0.04,-0.17,0.05,0.0
0.33783664920461476,-0.28,0.1,-0.03,-0.47,0.35,0.0
0.5956175874544334,0.15,-0.12,-0.04,0.53,-0.66,0.0
-0.2445409514989061,0.18,1.19,0.93,-0.69,-0.05,0.0
-3.877678625790515,-0.12,0.31,2.44,-0.16,1.09,0.0
-2.389596209112199,-0.12,-0.16,0.34,0.08,0.58,0.0
0.8045845735271673,0.55,0.05,-0.14,-0.3,-0.07,0.0
-0.9755334080672085,-0.17,-0.55,-0.52,0.11,-0.53,0.0
-0.5993327531940928,-0.3,-0.3,-0.11,0.08,-0.09,0.0
-1.3999444039530573,-0.04,-0.23,-0.19,-0.43,0.13,0.0
2.8607636785667356,0.86,0.09,-0.73,-0.13,-0.09,0.0
-0.9088802775312654,-0.73,-0.44,-0.48,-0.22,-0.25,0.0
0.5931056868022644,-0.07,-0.23,-1.67,-0.23,-1.14,0.0
-0.1645089909530162,0.02,0.46,-0.41,-0.16,-0.04,0.0
0.44631034413589177,0.24,0.74,-0.48,-0.37,0.07,0.0
-0.3144307631896326,0.04,0.08,0.7,0.22,0.19,0.0
-1.4333009499816751,-0.85,-0.21,1.34,0.33,0.35,0.0
1.4610855239720388,1.01,0.8,0.21,-0.19,-0.08,0.0
-1.4743245202024968,-0.83,0.06,1.37,-0.24,0.35,0.0
0.23662377755995223,0.14,-0.1,-0.3,0.21,0.29,0.0
-0.36104892438552083,0.23,0.45,1.21,-0.57,0.66,0.0
0.4111228704766212,0.12,-0.68,-0.58,0.16,-0.7,0.0
-0.9438819035409218,-0.95,-0.44,0.12,0.23,-0.01,0.0
1.01595562114698,0.69,0.4,-0.41,0.2,-0.52,0.0
0.6103610443454865,0.05,-0.45,-0.07,-0.11,-0.09,0.0
0.3239651387036968,0.0,0.29,-0.55,-0.34,0.16,0.0
0.14427887570735987,0.72,0.06,-0.52,0.11,-0.2,0.0
1.3929416915540394,0.17,-0.02,0.39,-0.05,0.22,0.0
0.8594141230587438,0.42,-0.22,-0.52,0.18,0.01,0.0
0.34889906570809703,0.0,0.22,0.1,0.16,0.09,0.0
0.3477189121428248,0.04,-0.36,-0.3,-0.08,-0.41,0.0
0.6263234302875675,0.59,0.47,0.03,-0.25,0.15,0.0
-0.4503007583509411,-0.01,0.05,-0.05,0.11,-0.28,0.0
-0.046536075282987976,-0.08,-0.43,-0.24,0.02,-0.31,0.0
1.2111456371584728,-0.03,0.1,-0.18,-0.25,-0.38,0.0
0.42738588898196817,0.38,0.43,0.96,-0.19,0.73,0.0
0.4714041532303703,-0.06,-0.47,-0.76,-0.18,0.07,0.0
-1.889763055344551,-0.14,-0.67,0.44,0.32,0.39,0.0
-0.7040190136474167,-0.17,-0.06,0.27,-0.2,0.19,0.0
-0.5150363001957814,-0.11,-0.25,0.46,-0.01,0.11,0.0
0.887510761334176,0.24,-0.14,0.14,0.26,-0.48,0.0
4.725073441679606,-0.08,-1.16,0.15,0.04,-0.36,0.0
-0.9991351418869643,-0.21,-0.35,-0.33,0.28,-0.29,0.0
0.5271267519991518,0.25,0.37,0.4,-0.09,0.04,0.0
1.5473988491472968,0.16,-0.11,-0.58,0.24,-0.36,0.0
0.7997013043031576,-0.23,-0.08,0.23,-0.28,-0.16,0.0
0.612223159375791,-0.14,-0.8,-0.08,0.19,0.07,0.0
-3.1851956013140614,-1.49,-0.31,0.26,0.32,0.13,0.0
1.3906801736613517,0.19,0.17,-0.87,0.36,-0.09,0.0
1.504933573691991,1.03,0.32,0.12,-0.02,-0.46,0.0
1.0947952611266798,-0.11,-0.87,-0.03,-0.18,-0.26,0.0
-0.40225945082100756,0.18,-0.14,-0.44,0.35,-0.13,0.0
-1.919823239633034,-1.6,-0.18,-0.17,-0.04,0.13,0.0
-0.22807135452161953,-0.15,0.11,0.24,-0.3,-0.02,0.0
-0.18411760193959292,0.06,-0.27,-0.22,0.21,-0.11,0.0
1.6347428849986967,1.07,-0.02,-0.24,-0.19,0.13,0.0
0.12515762361144933,-0.32,0.11,0.41,-0.53,0.09,0.0
-0.4437935123235426,-0.15,0.58,0.16,-0.52,0.11,0.0
0.3704552566967667,0.18,0.16,0.56,0.12,0.23,0.0
1.007140833850606,0.08,0.31,-0.74,0.19,-0.19,0.0
0.8917982744143238,0.1,0.09,-0.38,0.01,0.09,0.0
0.2701006317266108,0.53,0.0,-0.32,0.08,-0.41,0.0
0.39789993697247894,0.62,0.41,-0.43,-0.34,-0.08,0.0
0.03047181372182184,0.28,0.42,0.4,-0.1,0.35,0.0
-1.2008535089059302,-0.8,-0.04,-0.99,-0.06,0.54,0.0
-0.10488392569872884,0.28,-0.05,0.12,-0.37,0.13,0.0
-0.40141872714581917,-0.07,0.01,-0.91,0.01,0.08,0.0
-1.630910406723507,-0.17,0.13,0.38,0.22,-0.13,0.0
1.8092012040730632,1.07,-0.07,0.64,-0.37,-0.1,0.0
-0.39626329422458584,0.42,0.34,0.72,0.09,0.19,0.0
-0.7522045921695031,0.1,0.27,0.32,-0.33,0.12,0.0
-0.8581091126838025,-0.13,-0.06,-0.06,-0.36,0.21,0.0
1.0108527708235115,0.19,0.25,0.14,0.27,-0.02,0.0
-0.7568663770882278,0.24,0.41,0.21,-0.49,0.22,0.0
0.037883115803327705,0.15,-0.21,0.4,0.02,0.06,0.0
-1.6758243795371275,0.15,0.27,0.49,-0.19,0.31,0.0
-1.7172075204187287,-0.28,0.15,0.37,-0.06,-0.07,0.0
-0.9778876765072497,0.13,0.44,0.12,0.39,0.29,0.0
-0.8822326215338072,-0.26,0.35,0.59,-0.22,0.63,0.0
1.7203841052483515,0.06,0.46,0.17,0.58,-0.14,0.0
0.7117395555222394,0.63,1.43,0.23,-0.28,-0.51,0.0
-0.615937051913773,0.13,0.17,-0.05,-0.09,-0.18,0.0
0.5480214968191177,0.35,-0.14,-0.26,-0.11,-0.38,0.0
-0.2011488949432927,0.5,0.88,0.13,-0.21,0.26,0.0
0.4355992287284449,0.26,-0.03,-0.05,-0.01,-0.08,0.0
-0.6473321359262041,0.05,-0.34,-0.45,-0.1,0.01,0.0
1.244443980529364,0.55,-0.31,0.39,-0.33,-0.18,0.0
-0.057913668762032966,-0.08,-0.08,-0.25,0.16,-0.34,0.0
0.347746526508419,-0.23,-0.29,0.0,0.09,-0.14,0.0
0.03847663168767834,0.24,0.02,0.43,0.12,0.07,0.0
0.41697743890540817,0.16,-0.25,-0.19,-0.04,-0.07,0.0
-0.3513499148383392,-0.18,-0.1,-0.52,0.16,0.13,0.0
0.6346429566190359,0.04,-0.27,0.12,0.15,0.02,0.0
1.8408567207748527,0.17,-0.26,0.36,0.03,-0.09,0.0
0.36900086031013135,0.01,-0.35,-0.31,0.41,-0.19,0.0
-0.44245871884500687,0.14,0.35,0.23,0.29,-0.13,0.0
-2.36605493791473,0.02,-0.35,0.16,0.14,0.09,0.0
0.1731047948990927,0.57,0.0,0.27,0.07,0.04,0.0
-0.05117106515331038,-0.45,-0.38,0.17,0.27,-0.27,0.0
0.5955044594794678,0.2,-0.1,0.49,-0.01,-0.13,0.0
-0.4391717702196707,-0.5,0.03,0.15,0.27,-0.44,0.0
0.6393023360329986,0.2,0.05,0.28,0.1,-0.19,0.0
3.5829731922969232,0.82,-0.08,-0.98,0.09,-1.29,0.0
2.250878424592617,-0.46,-0.78,-0.05,-0.59,-0.4,0.0
1.3915326312573306,0.23,0.77,-0.25,-0.13,0.21,0.0
-1.2718596187738185,0.05,-0.8,0.08,0.0,-0.05,0.0
0.730981678832543,0.06,0.01,0.51,-0.24,0.34,0.0
2.6113912811197126,0.3,-0.54,-0.72,-0.17,-0.12,0.0
1.0145009805080152,0.06,0.16,0.19,-0.65,0.07,0.0
0.3213645256906261,-0.2,-1.42,-0.4,0.47,-0.08,0.0
0.8180584636072963,0.12,-0.05,-0.6,0.55,-0.03,0.0
-0.20424880175428095,-0.41,-0.01,0.22,0.01,0.06,0.0
-0.3309988735888614,0.01,0.06,-0.43,0.23,0.13,0.0
-0.40075211662190524,0.09,-0.29,0.09,0.06,-0.76,0.0
-1.5117276444630234,-0.22,-0.06,0.0,0.97,-0.43,0.0
-1.3190346333577518,-0.52,0.05,0.23,-0.06,0.13,0.0
1.1947121801722416,1.01,0.81,-0.53,0.57,0.33,0.0
-0.5552556746511339,-0.14,0.72,0.27,-0.16,0.35,0.0
-0.09989617881559498,0.21,0.62,0.03,0.24,-0.01,0.0
1.8590357254770096,0.67,0.36,-0.33,0.03,-0.63,0.0
1.0511968305290331,-0.05,0.08,-0.08,-0.26,0.19,0.0
0.005707027109957963,0.21,0.0,-0.43,0.02,-0.09,0.0
-0.5029531016201516,-0.06,-0.31,0.01,0.61,-0.12,0.0
-0.5858961083507808,1.06,0.57,0.86,0.32,-0.01,0.0
-2.074293428624563,0.02,0.34,1.48,0.84,0.59,0.0
1.3983658948499844,0.82,-0.6,-0.52,-0.28,0.06,0.0
-0.46548827644411483,-0.22,-0.32,0.38,-0.39,0.33,0.0
-0.730799491329559,-0.11,-0.14,1.22,1.01,0.56,0.0
-0.09423120460154699,-0.42,-0.47,-0.22,0.2,-0.12,0.0
-0.3713751269019405,-0.09,-0.51,-0.52,0.4,-0.48,0.0
0.18342575940692996,0.42,0.29,-0.2,-0.25,0.1,0.0
0.029504876048735973,0.51,-0.44,-0.13,-0.09,0.08,0.0
1.94842083912814,0.27,-0.43,-0.18,-0.04,0.07,0.0
-0.5617724732337126,0.07,-0.44,0.5,0.04,0.1,0.0
0.3319513017925102,0.02,0.62,-0.89,0.26,-0.07,0.0
-0.028990180120147535,-0.47,-0.76,-0.22,-0.19,-0.13,0.0
1.0161233467093078,0.92,0.68,0.04,0.31,-0.48,0.0
1.4083135563838223,0.66,0.82,0.27,0.2,0.16,0.0
-1.0656484816969902,-0.3,-0.34,-0.24,0.24,0.41,0.0
-0.10885310598115483,0.01,0.37,0.06,-0.18,0.28,0.0
0.37855155425781106,0.24,0.31,0.63,-0.7,0.31,0.0
0.0,-0.07,-0.19,-0.21,-0.1,0.21,0.0
-2.537002942886557,-0.07,0.31,-0.07,-0.13,0.61,0.0
0.017609480547053913,0.05,-0.16,-0.2,0.07,-0.12,0.0
0.28132971326806366,0.22,0.1,0.05,-0.13,-0.19,0.0
-1.0813733029634287,-0.57,-0.31,0.01,0.16,0.13,0.0
1.7904462881032757,0.85,0.32,-0.21,-0.51,0.22,0.01
-0.0173989003327657,0.59,-0.47,-0.19,-0.71,-0.07,0.01
0.46448961610874306,0.42,-0.22,0.24,-0.02,0.3,0.01
1.138538448112869,0.66,-0.37,-0.25,0.39,-0.38,0.01
-0.37141192097953635,0.19,-0.2,0.04,-0.06,0.04,0.01
-0.0114539896226451,0.15,-0.37,-0.04,-0.13,-0.06,0.01
-0.02298535253737466,-0.07,0.13,0.57,-0.37,-0.02,0.01
0.5680276126896366,0.86,1.13,0.3,-0.22,0.48,0.01
1.03262893318119,0.66,-0.32,0.16,-0.1,0.13,0.01
-0.508199758165695,-0.49,-1.0,0.01,0.49,-0.35,0.01
1.6516104100574802,0.95,-0.05,-0.09,-0.08,-0.04,0.01
0.089347234055559,-0.18,-0.44,-0.25,0.31,-0.3,0.01
-0.44627377346271313,0.57,0.93,-0.05,0.09,0.12,0.01
-0.8181076787499686,0.77,-0.35,-0.16,-0.58,0.19,0.01
0.02259261430410664,0.22,0.07,-0.36,-0.4,-0.28,0.01
-1.5928565684758422,-0.13,-0.75,0.44,0.02,0.13,0.01
-1.7851170838260155,0.07,0.1,-0.54,0.19,-0.18,0.01
0.2337506861160854,1.11,-0.61,-0.51,0.29,-0.18,0.01
-2.0698264287675627,-0.62,-0.03,-0.28,0.15,-0.31,0.01
-0.5894060145869462,-1.06,0.13,-0.21,0.41,-0.36,0.01
0.27545645522779605,-0.07,-0.67,0.11,0.09,-0.06,0.01
0.20905046066401756,0.03,0.12,0.53,-0.55,-0.01,0.01
-4.338999874373172,-2.13,0.01,-0.29,0.72,-0.42,0.01
-2.49842338909132,-4.03,0.66,-0.59,0.19,-0.14,0.01
4.179152917478635,1.67,-0.48,-0.19,0.03,-0.15,0.01
-2.140700098463988,-0.38,0.59,0.21,0.32,0.3,0.01
-2.751662722607573,-3.67,0.8,0.52,0.41,0.04,0.01
1.2231643427216277,1.37,-0.54,0.15,0.17,-0.44,0.01
4.027828527860811,1.36,-0.46,-0.3,-0.24,-0.18,0.01
1.0018230645331139,0.31,0.11,-0.24,0.19,-0.04,0.01
1.8437171036265632,1.52,0.29,0.48,-0.68,-0.09,0.01
3.3578331832584185,1.22,-0.17,-0.63,0.21,-0.33,0.01
-0.32373048248698355,0.03,0.36,0.15,0.04,0.08,0.01
-0.3363540373915508,-0.62,-0.3,-0.24,-0.27,-0.53,0.01
-0.4539126317303688,-0.44,0.82,0.23,0.1,-0.28,0.01
0.8359203060669174,0.01,-0.05,-0.41,0.1,0.48,0.01
1.739141392981458,1.54,-0.37,-0.14,-0.17,-0.14,0.01
1.977219729565527,1.12,-0.47,-0.06,-0.18,-0.25,0.01
-0.3240718625185268,-1.25,-0.19,0.03,-0.1,-0.09,0.01
-0.15137724097837868,-1.11,-0.43,-0.31,0.21,-0.27,0.01
-1.7515924582068187,-1.19,0.95,-0.03,-0.25,0.04,0.01
0.691408302813934,0.7,1.11,-0.48,-0.45,-0.39,0.01
0.34619813610548,1.07,-0.41,0.22,-0.56,0.07,0.01
-0.08483803797426637,0.36,0.69,0.13,0.21,-0.06,0.01
-0.9282717856964107,0.05,0.76,-0.44,-0.07,-0.41,0.01
1.0912062215984841,0.37,-0.58,-0.35,0.03,-0.17,0.01
1.718100674191736,1.71,-0.18,0.27,-0.24,-0.03,0.01
0.9667958882601635,-0.09,0.44,-0.08,-0.31,-0.24,0.01
-0.963037641188047,-0.67,0.09,0.03,0.46,0.05,0.01
-0.8501443558871724,-0.53,0.14,-0.57,-0.13,-0.43,0.01
0.11768770256694872,-0.17,-0.39,0.31,0.12,-0.13,0.01
-0.3526208422418575,0.25,0.47,0.17,0.07,0.32,0.01
-1.5279540473773223,-1.37,0.42,0.41,0.3,0.1,0.01
-0.03419430806822499,0.14,-0.12,-0.36,-0.04,-0.12,0.01
-2.26547432897215,-0.07,0.69,0.44,-1.12,0.82,0.01
-1.412979769028122,-2.54,0.4,-0.49,0.22,0.04,0.01
-2.315670924582236,-2.1,0.1,-0.23,0.09,0.75,0.01
4.7471993244210475,2.67,-0.63,0.03,-0.02,-0.6,0.01
-2.5640989526701574,-1.87,-0.22,0.37,0.81,0.55,0.01
-1.1049001793894453,-0.35,0.19,0.64,0.77,0.05,0.01
0.780855119817736,1.41,-0.31,-0.22,-0.36,-0.15,0.01
-0.6556347381212579,-2.3,-0.07,0.38,0.14,-0.1,0.01
1.0258954759611472,1.25,-0.02,0.18,0.25,0.16,0.01
1.9122553863981206,1.17,0.34,-0.32,0.07,-0.14,0.01
0.6934297357652053,0.75,0.05,0.46,0.11,0.26,0.01
-2.5578806635919604,-2.19,0.37,-0.06,0.13,0.01,0.01
0.9918369466536792,0.3,-0.23,-0.51,-0.75,-0.29,0.01
1.8817674372724413,1.77,0.33,-0.12,-0.92,0.4,0.01
-0.4675301570060464,-0.49,0.79,-0.3,-0.65,0.28,0.01
0.9858512953692111,0.84,-0.16,0.19,-0.22,0.02,0.01
0.33878972315792844,-0.37,-0.11,-0.25,-0.08,0.18,0.01
0.6238560457327402,0.82,0.14,-0.02,0.82,0.03,0.01
1.3763952364414411,1.09,0.0,-1.18,-0.31,-0.47,0.01
-0.22440819574117699,0.13,0.21,0.02,-0.28,0.42,0.01
-2.834015889674446,-0.49,-0.3,1.08,-0.48,0.1,0.01
-4.09721861693254,-0.81,0.11,0.58,-0.55,0.3,0.01
-0.2896520533784419,-0.05,-0.06,0.19,0.3,0.07,0.01
-1.3919024882848796,-1.3,0.64,1.02,0.04,0.2,0.01
0.435732992698612,0.11,-0.28,0.06,0.41,0.21,0.01
0.3483132033276215,0.95,-0.56,-0.85,-0.58,-0.51,0.01
-1.1569711713949271,0.01,-0.26,0.04,0.53,0.11,0.01
1.8112134808507596,-0.81,-0.07,-0.09,-0.4,-0.03,0.01
2.3236370575686394,0.25,0.25,-0.53,-0.02,-1.02,0.01
4.417504587856547,-0.62,1.25,-0.35,0.04,-0.04,0.01
0.18123550132067567,-0.25,-0.61,-0.15,0.04,-0.12,0.01
3.9233184949211353,1.3,-0.03,-0.2,-0.4,0.07,0.01
0.7234923756378242,0.41,0.38,-0.33,-0.55,-0.32,0.01
0.4806597973695981,0.07,0.5,0.23,-0.29,0.08,0.01
0.7041083757166389,0.9,-0.26,0.25,-0.92,-0.03,0.01
1.4304246024303913,0.85,-0.38,-0.04,0.24,-0.31,0.01
-0.38034053859054007,0.19,0.13,-0.38,0.26,0.12,0.01
-0.23331725499694533,0.05,-0.3,0.11,-0.21,0.52,0.01
-0.908834096227884,-0.55,0.7,0.4,-0.07,0.42,0.01
0.9332831523460428,0.5,0.69,-0.25,0.36,0.1,0.01
-0.6323629761421978,0.01,0.87,0.29,-0.37,0.3,0.01
-0.36368689774782803,-0.23,0.46,-0.62,0.14,-0.22,0.01
0.7085089072120132,0.72,-0.18,0.44,0.15,0.11,0.01
-0.2504964668749943,-0.42,-0.65,0.61,-0.29,-0.37,0.01
0.6411713757308091,0.29,-0.06,-0.69,0.0,-0.33,0.01
-0.11150752128825658,-0.16,0.34,-0.35,0.5,0.09,0.01
0.2285462699906926,-0.22,0.24,-0.39,0.59,-0.53,0.01
-0.36057774706478307,-1.03,1.11,-1.02,0.17,-0.02,0.01
-0.2128878098529019,1.31,0.03,0.36,-0.74,0.19,0.01
-0.33601384805236334,-0.7,0.05,-0.43,-0.5,-0.17,0.01
1.8034140492957373,1.06,-0.21,-0.1,-0.07,-0.2,0.01
0.8357847613627234,0.48,0.17,-0.45,1.08,-0.32,0.01
0.7715300167078887,0.16,0.78,-0.44,0.2,0.08,0.01
0.3465885327256002,0.86,-0.27,0.21,0.01,0.16,0.01
-0.26806388346314325,-0.14,-0.25,0.93,0.17,0.62,0.01
-0.9097755006659658,0.31,0.04,-0.4,0.24,-0.2,0.01
-0.24517818622262766,0.12,0.15,-0.16,0.22,0.23,0.01
0.5490940868695393,0.23,0.19,-0.63,0.1,-0.17,0.01
-0.8217150622967906,-0.33,0.02,-0.2,-0.58,-0.18,0.01
0.05243838934145817,0.28,0.2,-1.01,-0.02,-0.61,0.01
-1.027255449722042,-0.07,0.11,-0.25,0.69,-0.16,0.01
-0.05296344555241195,-0.09,0.74,0.08,-0.44,0.04,0.01
-1.615971396742033,-0.38,0.52,-0.14,-0.24,-0.37,0.01
0.43621267524047713,0.23,0.65,-0.51,-0.17,0.09,0.01
-0.5576477310272554,-0.73,-0.56,0.33,0.5,0.09,0.01
-0.2911574961291796,0.11,-0.07,0.46,-0.52,0.91,0.01
-1.4871296475204687,-1.48,-0.46,0.57,0.65,0.17,0.01
1.2406012803167776,0.27,0.51,-0.24,-0.51,0.06,0.01
-0.14640927934634895,-1.02,-1.01,0.36,-0.07,0.52,0.01
0.7276177341883239,0.58,-0.2,-0.51,-0.2,-0.58,0.01
-0.21023218843677638,0.06,-0.24,-0.24,-0.25,0.01,0.01
1.1182402186718843,0.36,0.45,-0.25,-0.08,-0.54,0.01
-1.741632668390214,-0.44,0.76,-0.02,-0.28,0.45,0.01
0.8047031504440749,0.87,0.39,-0.43,0.33,-0.17,0.01
1.3862044619548541,0.88,-0.02,-0.3,-0.26,-0.15,0.01
1.3885212356735899,0.93,-0.29,0.86,0.01,-0.21,0.01
-0.12069779845653716,0.21,-0.83,-0.16,0.11,0.29,0.01
-1.29761328264818,-0.7,-0.06,-0.46,-0.12,-0.33,0.01
1.6766024325452378,0.85,-0.44,-1.16,-0.04,-0.48,0.01
0.15705188777805912,0.08,-0.18,-0.29,0.33,0.18,0.01
-0.21950253131488573,-0.16,-0.61,0.97,-0.21,-0.14,0.01
0.2828287035073762,0.48,0.17,-0.74,0.12,-0.23,0.01
-0.5484546493633835,0.26,-0.15,0.68,-0.17,-0.15,0.01
0.7773247683659834,-0.34,0.92,-0.36,0.22,0.04,0.01
-0.2293083473392743,-0.1,-0.17,0.11,0.09,-0.22,0.01
0.08880406168843002,0.16,-0.19,0.54,-0.21,-0.2,0.01
0.725421856188313,0.22,-1.33,0.39,0.49,0.08,0.01
0.9430171407346588,0.83,-0.59,-1.06,0.07,-0.33,0.01
-0.3131195325603464,-0.21,0.76,0.58,-0.04,0.59,0.01
-1.6631285555852915,-0.82,-1.21,1.06,0.51,0.5,0.01
-0.5602630327939728,-0.7,0.02,1.59,0.31,1.03,0.01
0.2000658461791316,0.51,0.72,-1.1,0.27,0.24,0.01
5.891037237597652,-0.13,-0.01,-0.22,-0.16,-0.79,0.01
2.9230432390555006,0.67,0.19,-0.65,-0.03,-0.55,0.01
0.2893256748133677,0.31,-0.93,0.51,0.63,0.38,0.01
0.5192682538152082,0.46,0.23,-0.33,-0.31,-0.21,0.01
-0.9375021014897178,0.29,-0.02,-0.15,-0.31,-0.15,0.01
0.06760318615126604,-0.04,-0.12,0.26,-0.03,-0.07,0.01
0.7864945478340601,-0.05,0.35,-0.35,0.02,-0.23,0.01
-0.29786871572325957,-0.6,0.31,-0.21,-0.27,0.24,0.01
0.6456743357953432,-0.46,-0.21,-0.29,0.31,0.03,0.01
0.421350480331828,0.69,0.32,0.22,0.35,0.2,0.01
0.23359194155787577,-0.91,-0.52,-0.14,0.64,-0.11,0.01
1.4650170141954133,0.86,-0.03,0.26,-0.08,0.4,0.01
1.9969898547824272,0.3,0.13,0.01,0.22,0.16,0.01
-0.974371457950518,0.25,0.15,0.14,0.1,0.14,0.01
-0.19491874872612502,0.33,0.92,0.14,-0.25,-0.27,0.01
0.00465052119535958,0.05,0.29,-0.35,-0.51,-0.28,0.01
0.20462090541961686,-0.19,-0.1,-0.33,-0.01,-0.18,0.01
0.31090430158888793,0.62,-0.08,-0.58,-0.31,-0.19,0.01
0.8234440702826307,0.74,-0.61,-0.15,-0.2,-0.38,0.01
0.807556345139937,-0.01,-0.12,-0.23,0.11,-0.05,0.01
1.4929584010098917,0.56,-0.14,-0.57,-0.15,-0.28,0.01
0.9193586978729629,-0.41,0.23,-0.42,-0.22,-0.12,0.01
1.1554142932478362,0.08,0.46,-0.38,0.17,-0.14,0.01
0.3207112938298451,-0.11,-0.33,0.01,-0.05,-0.14,0.01
-0.6524886752743653,-0.41,-0.04,0.67,0.47,0.6,0.01
-1.6617605826255821,-0.44,-0.36,-0.25,0.43,0.34,0.01
-0.8067870270210942,-0.18,0.08,-0.22,0.03,0.03,0.01
-1.3420902861002504,0.23,0.08,-0.36,0.07,-0.21,0.01
2.528294009871934,0.37,-0.34,-0.24,-0.13,-0.42,0.01
-1.241883606801164,0.03,-0.12,-0.23,0.05,0.55,0.01
2.4155016940090146,0.45,-0.49,-0.39,0.05,-0.05,0.01
-1.1351350005707972,0.12,0.31,0.25,-0.13,-0.04,0.01
-2.6625794112602574,-0.72,-0.35,0.85,0.32,0.75,0.01
0.16521431851515,0.57,0.03,-0.48,-0.22,-0.23,0.01
0.0595776934740222,0.05,-0.51,1.28,-0.45,-0.03,0.01
0.7601699276245544,0.77,0.29,-0.23,0.05,-0.08,0.01
-1.0771337268866366,-0.13,-0.43,0.31,0.22,0.66,0.01
1.4380252788632086,-0.31,-0.04,-0.89,-0.47,-0.28,0.01
0.6340734503788026,-0.05,0.2,-0.38,-0.34,-0.06,0.01
-0.7966177231498284,-0.4,-0.47,-0.62,0.51,0.12,0.01
2.055164373186158,0.27,-0.34,-0.54,0.1,-0.32,0.01
0.35119896454363086,-0.03,0.34,-0.19,0.12,0.18,0.01
0.6733235467133225,0.16,-1.63,0.36,-0.11,0.03,0.01
0.8888573636798291,-0.21,-0.94,0.57,0.12,0.35,0.01
1.2168834635050807,0.2,0.89,0.5,-0.38,-0.22,0.01
-1.7581191400510288,-0.93,-0.8,1.58,0.13,0.78,0.01
-1.6228647793977702,-0.64,-0.4,0.37,-0.38,0.43,0.01
-0.23181797360058987,-0.18,-0.24,1.24,0.51,0.65,0.01
1.385338266458569,-0.18,-0.41,0.28,-0.5,0.21,0.01
-4.632604459839785,-3.33,0.41,1.09,0.22,0.82,0.01
-0.8827931113764453,-1.96,0.38,-0.92,0.42,-0.57,0.01
3.571934648999142,1.39,-1.11,-1.75,0.07,-0.44,0.01
-2.138602875256601,-0.48,0.99,0.52,0.37,0.51,0.01
2.20371990023267,2.25,0.57,-1.45,-0.23,-0.68,0.01
-0.4321540284961456,-0.09,-0.61,0.23,-0.24,0.16,0.01
-2.3373462485352436,-1.54,-0.53,0.42,-0.36,0.37,0.01
1.5230209490767033,-0.24,-1.27,0.7,0.44,0.59,0.01
0.6109999224583884,-0.38,0.35,-1.26,1.11,-0.15,0.01
0.9426637049914532,-0.62,-0.17,-0.42,0.17,-0.08,0.01
-3.4301612061023556,-3.33,-0.83,0.76,0.36,1.28,0.01
2.189796761039342,1.93,0.31,-0.6,-0.17,-1.09,0.01
-1.5923599545282885,-1.65,0.59,0.35,-0.34,0.5,0.01
-1.8770012531656555,-0.76,-0.1,1.61,0.0,1.0,0.01
0.4994205762248516,1.66,0.45,0.09,0.36,0.33,0.01
2.6066465568827635,1.21,-0.7,-0.74,-0.41,-0.99,0.01
1.5352356548873125,1.29,1.21,-1.12,-0.26,-0.52,0.01
-6.63306616565208,-0.53,0.85,0.67,-0.47,0.2,0.01
-2.8388167578904167,0.4,-0.89,1.57,-0.5,0.79,0.01
1.0813747954068864,0.57,-0.15,0.02,0.28,0.21,0.01
3.03281928085235,2.12,-0.51,-1.05,-0.39,-0.8,0.01
-0.3488921947970014,-0.28,-0.17,0.25,0.42,0.33,0.01
-1.9281424045159645,-1.04,-0.84,0.41,0.64,0.69,0.01
-5.037414218776604,-2.06,0.1,0.84,0.53,0.93,0.01
-0.9991116950128776,-0.13,-0.05,0.16,0.21,-0.3,0.01
-2.824763341773695,-0.78,0.04,-0.27,0.6,0.13,0.01
2.4678882097765475,1.18,0.31,-0.39,-0.85,-0.72,0.01
1.1075700765175611,0.15,-0.02,-0.06,-0.77,0.19,0.01
-3.963235164247625,-1.88,-0.39,2.32,0.21,1.24,0.01
-4.777769392843034,-1.85,0.04,-0.54,-0.32,-0.27,0.01
-0.11300951418059535,0.51,0.95,-0.33,-0.34,0.0,0.01
-2.539894471692161,-0.55,0.76,-0.61,0.3,-0.04,0.01
1.3524189872189396,1.62,-0.69,-0.2,-0.41,-0.76,0.01
-0.21764107657801235,0.11,-1.05,0.25,0.6,0.12,0.01
3.8452554981166953,2.42,0.3,-1.16,0.07,-0.96,0.01
-0.7681926691852636,-0.22,-0.2,-0.09,-0.48,0.02,0.01
-0.5402549170919535,0.79,-0.37,-0.44,0.24,-0.22,0.01
3.494265264411056,1.13,-0.11,-0.78,-0.28,-0.59,0.01
-4.3988890333153785,-3.46,-1.03,-0.22,-0.11,0.97,0.01
-1.114947451023851,-0.16,-0.06,-1.06,0.14,-0.31,0.01
-3.5656935918953248,-2.36,0.27,1.33,-0.49,0.63,0.01
0.6587528194913927,0.1,-0.36,-1.64,0.28,-0.29,0.01
-0.5719126020802823,-0.08,-0.15,-0.42,0.17,-0.06,0.01
0.2787221415849084,0.68,0.51,-0.17,-0.23,-0.1,0.01
1.0940336960973962,-0.26,-1.55,-0.2,0.21,0.08,0.01
-3.199757803900949,-1.89,0.09,0.49,-0.21,0.62,0.01
-0.9306445997593005,-2.13,-0.11,1.08,0.27,0.2,0.01
1.2992544322687705,-0.03,-0.03,-0.6,0.93,-0.46,0.01
-3.11918722380482,-1.58,-0.59,0.02,-0.38,0.42,0.01
-2.5234184410660387,-1.62,-0.11,0.97,0.62,-0.06,0.01
-3.889587038611919,-2.16,-0.54,0.77,0.14,0.65,0.01
-2.5873935498391787,-2.55,0.93,-0.51,-0.35,-0.35,0.01
7.042129755673487,5.07,-0.19,-1.0,-0.21,-1.12,0.01
-0.6489895689535508,0.78,-0.71,-0.13,-0.13,0.1,0.01
0.05125238443830504,-0.03,0.75,0.25,-0.37,-0.06,0.01
0.9665272628400778,0.9,-0.14,-0.45,-0.09,-0.13,0.01
0.11411729756565236,0.22,0.73,1.14,-0.16,0.25,0.01
-9.960737058406233,-2.45,0.48,1.18,-0.22,0.91,0.01
4.268935101338167,3.55,0.35,-0.69,-0.11,-0.62,0.01
-0.2225871874684371,0.94,0.87,-0.75,-0.74,-0.45,0.01
1.9063007054735959,1.01,0.44,-0.63,0.34,-0.12,0.01
1.6981436773050085,0.52,0.5,0.11,0.09,-0.2,0.01
0.3196275384010905,0.4,-0.01,-0.45,-0.06,-0.07,0.01
-0.981787888406338,0.0,0.2,0.22,0.23,0.22,0.01
-1.5037173269809134,-0.6,-0.46,0.95,0.24,0.0,0.01
2.0466885273963342,1.05,-0.14,-0.9,-0.3,-0.59,0.01
1.2216676774978508,0.28,0.26,0.92,-0.11,-0.28,0.01
0.5937514306233904,0.78,0.09,-0.24,0.06,-0.02,0.01
0.6159464459575048,1.3,-0.29,0.12,0.19,-0.24,0.01
-2.2446103828989483,-1.52,-0.35,0.3,0.26,0.36,0.01
0.40444122208140865,0.16,-0.41,-0.15,0.35,0.27,0.01
-0.7926228305777716,0.23,0.48,0.0,-0.15,-0.23,0.01
3.313716501574615,0.9,0.41,-0.34,-0.36,-0.57,0.01
-0.9254666649305965,-0.8,-0.07,0.63,0.29,0.17,0.01
-1.0364871187598657,-0.19,0.03,0.19,0.03,0.49,0.01
6.833488281952338,1.51,-0.35,-0.94,-0.23,-0.9,0.01
0.7200793758619373,0.91,-0.07,-1.11,-0.35,-0.02,0.01
0.04810303942945904,0.13,-0.15,0.43,-0.78,0.29,0.01
2.840492556479912,0.73,0.41,-0.47,0.19,-0.21,0.01
1.7109387138375398,0.43,-0.12,-0.61,0.61,-0.33,0.01
0.03445799055004084,-0.21,-0.03,0.06,-0.11,0.06,0.01
-1.89394720864845,-0.93,-0.13,0.38,0.55,0.32,0.01
0.11750955228644333,0.1,-0.07,-0.68,-0.34,-0.11,0.01
-0.5750806631060978,0.14,0.67,0.23,-0.09,-0.02,0.01
0.8616923673556043,1.36,0.04,-0.16,-0.12,-0.29,0.01
-0.415467680724968,0.28,0.05,0.07,0.1,0.21,0.01
0.3643091065915094,-0.2,0.52,-0.59,0.42,-0.19,0.01
-0.22246606992483153,1.13,0.37,0.48,-0.22,0.0,0.01
0.2992580807464229,0.19,0.32,0.31,0.03,0.21,0.01
0.6435380974665783,0.19,0.29,0.56,0.01,-0.29,0.01
-0.5638597866929884,-0.37,-0.03,-0.23,0.58,0.13,0.01
1.116571336652572,0.65,0.39,-1.47,0.31,-0.61,0.01
0.7284410736521529,0.15,-0.27,-0.18,-0.76,-0.55,0.01
0.05739455149798012,-0.16,-0.68,-0.33,0.1,-0.16,0.01
0.3097692958910381,0.1,0.15,-0.12,-0.66,-0.13,0.01
-0.9836134182334422,-0.31,-0.01,-0.27,0.29,0.17,0.01
1.0511370321851787,0.72,0.25,-0.41,-0.36,-0.19,0.01
0.5029413819541029,-0.52,-0.4,0.38,0.13,-0.07,0.01
-0.18198329900911414,-0.17,-0.32,-0.22,0.29,-0.01,0.01
-0.5754026758177266,-0.84,-1.23,0.05,0.57,0.12,0.01
-1.1574562825924395,-0.82,-0.05,-0.34,-0.37,0.12,0.01
0.2377073014519837,-0.22,0.07,-0.17,-0.11,-0.26,0.01
3.4642038948808906,1.49,0.27,-0.53,-0.28,-0.46,0.01
1.1235536557831383,0.25,-0.31,-0.07,-0.43,0.02,0.01
0.4422110570518001,0.67,-0.32,0.08,-0.17,0.17,0.01
1.111657111561093,-0.1,-0.38,0.3,-0.15,-0.11,0.01
1.3008354934925581,0.48,-0.24,-0.25,-0.05,-0.19,0.01
1.0208056361995066,0.46,0.22,0.44,-0.09,-0.08,0.01
-0.7924470767088576,-0.09,-0.47,-0.92,0.02,-0.08,0.01
0.8738376494371147,-0.37,-0.23,-1.06,-0.15,-0.26,0.01
3.6830290985497616,1.1,0.17,-1.23,0.31,-0.34,0.01
-2.070807134231678,-2.17,-1.56,-0.08,0.57,0.61,0.01
-1.209124589916044,-0.05,0.61,-0.26,0.21,0.04,0.01
-1.0331774290938234,0.76,0.23,0.46,0.05,0.17,0.01
0.8994147734417757,-0.5,0.16,0.51,0.75,0.11,0.01
0.13267057957830897,0.4,0.34,0.02,-0.13,-0.05,0.01
0.6517291087633437,0.66,-0.28,-0.92,0.22,-0.17,0.01
0.6791564673600536,1.19,-0.19,0.99,-0.09,-0.3,0.01
1.4536706656988585,-0.05,-0.18,-0.44,-0.39,-0.49,0.01
0.6854827484933601,0.27,0.22,-0.39,0.13,-0.39,0.01
0.17404235600524398,0.19,0.35,0.94,0.63,0.26,0.01
0.66943415984142,0.53,0.49,-0.07,-0.29,0.11,0.01
1.5736130204265786,0.08,-0.31,0.1,0.27,-0.03,0.01
-0.29985355896124943,-0.65,-0.6,-0.15,0.14,-0.04,0.01
0.5614063135642944,0.48,0.95,-0.11,0.08,-0.13,0.01
-0.8324261241826725,0.0,-0.27,0.4,0.05,0.12,0.01
-0.040247453973052405,0.64,-0.36,0.66,0.52,-0.25,0.01
0.18106192247040465,-0.09,-0.26,-0.55,0.36,0.07,0.01
0.010017645171656042,0.13,0.23,0.71,-0.12,-0.14,0.01
1.9473265791708716,-0.32,-0.53,0.84,1.1,-0.28,0.01
0.35935936770623567,0.11,-0.28,-0.5,0.16,-0.2,0.01
0.32864734434321363,0.11,-0.49,-0.57,-0.52,-0.19,0.01
1.4423646348548091,0.97,0.66,-0.49,-0.12,-0.42,0.01
-0.15425559525992227,-0.22,0.32,-0.08,0.64,0.07,0.01
-0.9075099899608641,-0.14,-0.79,-0.21,-0.63,-0.27,0.01
-0.47737874566625704,0.53,0.47,0.06,-0.08,-0.18,0.01
0.15172128335649848,0.18,0.15,0.65,-0.39,-0.16,0.01
-1.925623467162485,-0.04,-0.68,0.27,0.11,0.69,0.01
4.908555536285153,-0.83,-0.07,-0.02,0.36,-0.05,0.01
-0.6507705470613967,-0.16,0.46,-0.28,0.03,0.06,0.01
1.2431468125420286,1.13,0.93,-0.27,-0.01,-0.37,0.01
-1.5442689449876257,-0.39,0.58,-0.42,0.02,0.06,0.01
-2.695703200628752,-1.69,-0.27,0.49,0.03,0.3,0.01
0.01967677626031339,-0.21,-0.21,-0.31,-0.01,0.17,0.01
-1.0744020929199016,-0.28,0.06,0.09,-0.36,0.01,0.01
-1.3853406068173313,0.35,-0.33,0.06,-0.11,0.26,0.01
-5.8119303053056015,-2.65,-0.68,0.28,0.24,0.84,0.01
1.5830068507768136,0.91,0.34,-0.02,-0.56,-0.02,0.01
1.1979175807189657,0.58,-0.09,-0.96,0.12,-0.3,0.01
-0.4399714156149037,0.91,-0.45,-0.33,-0.14,-0.23,0.01
-0.5681510328408579,-0.71,-0.76,0.28,0.06,0.33,0.01
-3.127012122192674,-0.65,-0.11,0.73,0.06,0.45,0.01
1.9170990672458421,0.9,0.43,-0.34,-0.15,-0.18,0.01
-2.047153133288493,-0.4,-0.64,-0.62,-0.12,0.2,0.01
-1.706992488543313,-1.37,-0.72,-0.27,0.33,0.26,0.01
-0.38403109673729174,0.23,0.51,0.3,-0.5,-0.04,0.01
-0.4135017284160769,-0.78,0.21,-0.63,0.0,-0.29,0.01
-0.47689727136023263,-0.71,-0.24,0.41,-0.18,0.01,0.01
0.5186409764959432,0.14,-0.37,-0.77,0.29,-0.04,0.01
-1.811546459345048,-1.37,-0.23,-0.11,0.05,0.39,0.01
-1.0110259519846676,-0.4,0.57,1.68,0.28,1.45,0.01
3.6584327474164624,2.32,0.49,-0.03,0.26,-0.48,0.01
1.6142986995333786,0.7,-1.06,-0.97,0.07,-0.22,0.01
1.4681823338678512,0.55,-1.08,0.02,0.05,-0.08,0.01
2.661698813076141,1.04,-0.14,-1.19,0.37,-0.67,0.01
1.277952891230405,0.54,0.01,0.07,0.38,-0.36,0.01
1.157961053534362,-0.12,-0.21,0.57,0.47,0.2,0.01
-0.31827026228473665,-0.2,0.3,-1.0,0.08,0.09,0.01
-0.020582996362950023,0.52,0.68,-0.04,-0.13,-0.05,0.01
-0.726259561974818,-0.27,-0.73,0.3,0.26,0.14,0.01
0.5966569372507946,0.15,0.48,-1.13,-0.67,-0.43,0.01
2.3518573843547275,1.04,0.19,0.35,-0.25,-0.19,0.01
-0.2922592839406879,0.32,0.02,-0.6,-0.19,0.16,0.01
0.8035428124971933,0.89,-0.4,-0.22,-0.12,-0.12,0.01
-0.3409132353550448,-0.21,-0.46,-0.03,-0.09,0.02,0.01
-0.10062667048800211,-0.35,-0.9,0.08,0.63,-0.02,0.01
-1.5157540450127516,-0.98,0.42,0.72,-0.1,0.61,0.01
2.1629349107494367,-0.07,0.02,0.27,0.35,-0.4,0.01
-0.030043442291738387,0.59,1.43,-0.1,-0.35,-0.22,0.01
-0.9112011241903417,0.68,0.76,0.62,-0.47,0.14,0.01
1.8340777474793235,0.75,-0.58,-0.13,-0.14,0.03,0.01
0.5854715762636076,0.14,-0.97,-0.81,-0.01,0.0,0.01
0.8286974840391981,0.79,-0.14,-0.32,-0.35,-0.05,0.01
-0.08806650224055801,-0.1,0.33,0.91,0.13,-0.05,0.01
-2.0614065819945737,-0.58,-0.43,0.06,0.04,-0.22,0.01
0.6099330221249311,0.19,-0.24,-0.43,-0.64,-0.25,0.01
0.9888798574687829,0.4,-0.26,-0.36,0.12,-0.04,0.01
-0.7282588543968682,0.19,-0.77,0.04,-0.24,-0.54,0.01
0.7683251222432297,0.53,0.32,0.41,0.59,-0.07,0.01
0.9394675823159782,-0.05,-0.48,-1.06,0.13,0.23,0.01
-0.34599813461202444,-0.32,0.4,0.11,0.44,-0.04,0.01
-0.562322201857024,-0.64,-0.26,-0.65,-0.48,-0.23,0.01
1.1359593438383886,0.35,-0.26,0.01,-0.35,0.38,0.01
-1.4927525306196676,-0.57,0.3,0.86,0.37,0.14,0.01
2.285415485623399,0.25,-0.56,-0.48,-0.19,0.03,0.01
0.7817736754800686,0.64,-0.06,0.8,0.66,0.37,0.01
-0.08140409564737494,0.66,0.92,0.86,-0.07,-0.08,0.01
-0.7907283615376293,-0.63,-0.68,-0.11,0.15,0.13,0.01
0.34780178934958883,0.82,0.32,-0.19,-0.63,-0.33,0.01
0.9338247221647222,-0.32,-0.34,-0.46,0.32,0.41,0.01
-0.42918963212674743,-0.17,1.43,0.88,-0.17,0.07,0.01
2.0404066372856855,-1.1,0.25,0.62,0.18,0.5,0.01
-2.163897365899703,-1.04,-0.76,-1.9,-0.54,-0.23,0.01
-2.115820282548253,-0.87,-0.25,0.07,0.15,0.23,0.01
-5.234778902999482,-3.07,0.06,0.01,-0.05,0.31,0.01
1.8930111354419576,1.29,-0.54,-0.59,-0.27,-0.2,0.01
1.0355272231118429,0.07,-0.11,-0.9,0.19,-0.17,0.01
2.2056171452600415,1.97,-0.04,-0.25,0.28,-0.31,0.01
-0.8240461989194703,-0.78,-0.5,-0.22,-0.48,-0.01,0.01
-0.2537525186290579,-1.31,0.21,-0.26,0.13,0.26,0.01
4.234839419628811,1.47,-0.35,-0.53,0.34,0.0,0.01
-2.976511136893578,-2.95,0.03,-0.51,-0.36,0.02,0.01
-0.49811744346484055,0.17,-0.7,-0.52,-0.07,-0.48,0.01
2.359467788180525,1.55,0.64,0.6,0.13,-0.06,0.01
1.8643804878198722,1.14,0.04,0.21,0.35,0.03,0.01
0.004764489475905798,-0.75,0.18,-0.49,0.12,-0.21,0.01
1.0838470997401428,0.85,-0.03,-0.3,-0.03,-0.01,0.01
-0.08464332236152172,-0.1,-0.35,0.49,0.21,0.29,0.01
-4.6220519263562965,-2.66,-0.61,-0.18,-0.61,-0.26,0.01
1.8999181678936328,1.08,-0.04,-0.18,0.19,-0.11,0.01
-1.128374506369756,-0.46,-1.0,-0.66,0.27,0.09,0.01
0.6710419453839656,0.68,0.63,0.61,0.35,0.18,0.01
1.6931838338676508,1.35,0.41,0.33,0.15,-0.12,0.01
-0.1291548750787186,0.03,-0.24,0.23,0.1,0.1,0.01
-1.456385062777299,-0.86,-0.94,0.12,-0.19,0.46,0.01
1.6966336146382988,1.08,-0.14,0.43,0.25,-0.06,0.01
1.9551687586593536,1.42,0.54,0.7,0.4,0.0,0.01
-0.009390636189954282,-0.02,-0.36,0.05,0.15,0.42,0.01
0.4267154857061861,0.07,1.38,3.05,0.86,0.38,0.01
1.1813242284308245,0.16,1.43,1.11,-0.03,0.52,0.01
3.179505778055658,0.87,1.37,-0.04,-0.23,0.29,0.01
-0.2236355832213488,0.22,-0.39,-0.12,-0.22,-0.12,0.01
-1.945395684107809,-0.02,0.19,0.74,-0.03,-0.08,0.01
0.525716390071107,-0.23,0.89,0.53,-0.33,-0.03,0.01
0.3638053714458023,0.17,-0.8,-1.19,-0.18,-0.33,0.01
0.9379213002584708,-0.04,-0.77,0.06,-0.13,0.09,0.01
-0.8124707165012901,-0.05,-0.49,-0.46,0.05,-0.11,0.01
-1.4618399845326535,-0.48,0.29,0.15,-0.59,0.02,0.01
0.454691549357622,-0.02,-0.12,0.5,0.27,0.34,0.01
-0.4754862692119999,-1.0,-0.74,0.01,0.18,0.53,0.01
1.538963075420141,0.69,0.41,0.52,0.41,0.03,0.01
-0.5157806671966747,-0.4,-0.98,0.13,0.36,0.37,0.01
-0.48661519740021975,-0.62,-0.16,0.88,0.24,0.59,0.01
2.353553415259535,0.5,-0.27,-0.48,0.61,0.01,0.01
0.27681157193586436,-1.31,-0.66,-0.59,0.1,-0.17,0.01
-2.506767208111582,-1.73,0.77,-0.36,-0.46,-0.26,0.01
0.8494501821621148,0.8,-0.39,-0.89,-0.19,-0.23,0.01
2.803200995041677,1.39,-0.51,-0.07,-0.03,0.04,0.01
0.022004287413146528,-0.41,0.13,-0.03,-0.06,-0.32,0.01
-1.171487990886222,-1.61,-0.15,-0.13,0.44,0.06,0.01
1.1720183774742932,0.92,-0.58,-0.09,0.12,-0.12,0.01
1.3478221025418735,0.6,-0.25,0.25,0.12,-0.08,0.01
2.6598362534085096,1.23,0.6,0.18,0.47,0.22,0.01
-0.1439356339179798,-0.18,-0.35,-0.03,-0.17,-0.09,0.01
-0.23317030057669053,1.03,0.25,-0.25,-0.23,-0.73,0.01
-0.403721842322069,-0.24,0.48,0.22,0.38,0.26,0.01
0.38828743703700486,0.37,0.79,-0.29,0.11,-0.1,0.01
0.4802619846110634,-0.49,-0.13,0.87,-0.08,0.39,0.01
1.7342920567383402,0.71,0.3,0.34,0.0,0.01,0.01
-0.22867188920153714,-0.34,0.51,0.84,0.42,0.34,0.01
1.341842702236784,0.25,-0.1,0.27,-0.01,0.09,0.01
0.16453131138909338,0.25,-0.5,-0.89,-0.05,-0.61,0.01
1.2316225991852114,0.5,0.4,0.07,0.34,0.0,0.01
1.00171150340842,0.62,0.28,-0.25,0.01,0.01,0.01
-2.31280652174356,-0.13,0.39,0.5,-0.06,0.1,0.01
-0.012325629174159136,0.28,-0.64,-1.15,-0.48,0.05,0.01
2.260946374296169,-0.38,-0.34,-0.43,-0.27,0.12,0.01
2.838083893517407,1.07,0.65,0.82,-0.18,0.07,0.01
0.6567190047511273,0.39,0.32,1.35,0.6,0.11,0.01
-0.14367436503843756,-0.03,0.38,0.46,-0.02,0.01,0.01
0.04275112229403799,-0.05,-0.8,0.24,-0.17,0.32,0.01
1.1541384259650567,0.38,-0.01,0.5,0.09,-0.2,0.01
0.27368630694553087,0.31,-0.01,-0.37,-0.13,0.06,0.01
0.7918880460799249,-0.19,-0.07,-0.19,-0.07,-0.04,0.01
-0.09154531224627727,0.16,-0.18,-0.14,-0.17,-0.2,0.01
0.9581594011209615,0.01,-0.41,-0.82,-0.28,-0.03,0.01
-0.6919176992047693,0.07,-0.15,-0.25,0.13,-0.33,0.01
1.1879024582876152,0.74,-0.29,-0.33,-0.02,0.05,0.01
0.5042207577422575,0.03,-0.38,-0.51,-0.04,-0.22,0.01
-0.30321900123475576,0.02,0.34,-0.94,-0.87,-0.18,0.01
-1.1641805648621828,-0.33,-0.13,-0.44,-0.56,-0.32,0.01
-0.4483456924001872,-0.15,-0.3,0.1,0.08,-0.14,0.01
-0.08779807143541873,0.24,0.16,0.21,0.17,0.04,0.01
1.7534096794891596,0.92,1.27,-0.38,0.1,0.04,0.01
-0.7808574248763467,0.19,-0.09,-0.89,0.2,-0.16,0.01
1.3431894030341063,0.44,0.22,-0.02,0.03,0.0,0.01
-0.22028392412570819,-0.42,-0.11,-0.31,-0.47,0.01,0.01
-1.1562307695675123,-0.87,-0.13,0.48,0.1,0.18,0.01
-1.7829792995039284,-0.66,0.42,-0.83,-0.5,-0.53,0.01
0.8825913151576437,0.6,0.23,0.25,0.16,0.06,0.01
1.4671488160550528,0.13,-0.14,0.46,0.27,0.34,0.01
1.9316079691285681,0.91,0.38,0.36,0.33,0.26,0.01
-1.4000146708473937,-0.33,0.31,0.12,-0.13,-0.26,0.01
0.5844334156504649,-0.08,0.29,-0.09,-0.19,0.07,0.01
0.8529595772867049,0.28,-0.09,0.13,0.34,0.13,0.01
0.2548027617120585,0.9,0.14,1.13,0.13,0.21,0.01
1.359314881816509,-0.03,-0.45,-0.54,-0.28,-0.22,0.01
1.7117983582116914,0.74,-0.04,-0.05,-0.4,0.14,0.01
0.19655246790515335,0.1,0.48,0.66,0.11,-0.04,0.01
-0.23895013497469142,-0.05,0.29,0.09,0.28,-0.03,0.01
0.1000817360552686,0.43,-0.15,-0.42,-0.25,-0.02,0.01
-0.20712263835079847,0.48,-0.28,-0.31,-0.01,-0.04,0.01
1.6318367606507067,0.1,0.17,-0.34,-0.11,0.28,0.01
0.0950733013037608,0.01,0.37,-0.01,-0.28,0.05,0.01
1.9840311990060089,0.49,-0.57,0.0,0.25,-0.18,0.01
-0.03792375873857834,-0.09,-0.55,-0.07,0.25,0.15,0.01
0.5935023095678504,-0.57,0.29,0.56,0.12,0.42,0.01
0.7306402039544801,0.28,0.02,0.11,-0.12,0.21,0.01
2.2816462129813475,0.86,-0.97,-0.34,0.23,-0.22,0.01
-0.9722104221892125,-0.67,0.29,0.01,-0.14,-0.17,0.01
0.7968667524610007,0.36,-0.22,-0.55,-0.16,-0.31,0.01
-0.4703849841316998,-0.19,-0.04,-0.26,-0.13,-0.31,0.01
1.6086667912881936,0.47,-0.18,-0.64,-0.21,-0.15,0.01
2.1240929771728867,0.65,-0.71,-0.48,-0.15,0.07,0.01
0.22604072021348287,-0.34,-0.27,-0.34,0.05,-0.07,0.01
2.1364811611775725,0.73,-0.1,-0.09,0.34,0.3,0.01
-1.3503390362967216,-0.06,0.48,-0.18,-0.32,-0.07,0.01
-0.42855855647223606,0.16,0.26,-0.82,-0.07,-0.2,0.01
1.252615370584076,0.88,0.51,-0.11,0.04,-0.07,0.01
1.1071319559859516,0.28,-0.63,-0.12,0.22,0.02,0.01
-0.6777000559930135,-0.32,-0.68,-0.62,-0.11,-0.31,0.01
0.35693891345338624,0.08,-0.24,0.0,-0.27,-0.01,0.01
0.48159437028154617,0.08,-0.06,-0.14,0.28,-0.06,0.01
-0.2881838385861424,-0.97,-0.5,-0.28,0.17,-0.03,0.01
-2.9405421621817585,-1.56,0.26,-0.41,-0.52,0.07,0.01
2.828975366136599,1.02,-0.13,-0.43,0.17,-0.08,0.01
2.0932044980859876,-0.11,-0.43,-0.97,0.26,0.17,0.01
-0.14491223421342347,0.34,-0.63,0.68,-0.45,-0.11,0.01
-4.43386248448725,-1.74,-0.52,-0.35,-0.43,-0.7,0.01
-0.27464573326007047,0.84,0.37,-0.67,-0.68,-0.35,0.01
3.301372974245509,1.57,-0.13,-0.7,0.36,-0.13,0.01
0.815431201209238,0.97,0.76,1.48,0.95,0.63,0.01
1.1696910252534831,0.27,-0.6,-0.84,-0.04,-0.35,0.01
-1.359244691852679,-0.55,-0.84,-0.02,-0.23,-0.54,0.01
0.47494514764521156,0.73,-0.18,-0.9,-0.11,-0.4,0.01
-0.6033467201091214,0.27,0.34,1.04,0.24,0.17,0.01
2.374807089550335,0.66,0.15,-0.36,0.2,-0.02,0.01
-0.7121115753947693,-0.09,0.16,0.01,-0.11,-0.44,0.01
0.024586369771029126,0.14,-0.56,-0.66,-0.23,-0.29,0.01
-1.8310498643761997,-0.19,-0.01,-0.64,-0.41,-0.64,0.01
1.4483145585191037,0.6,0.2,0.03,0.19,-0.32,0.01
-1.0259228109741114,-0.35,0.64,0.67,0.19,-0.11,0.01
-2.26347185906125,-1.12,-0.05,0.02,-0.21,0.34,0.01
-4.750075450726776,-3.39,0.16,0.01,-0.32,0.24,0.01
-3.387171307929737,-3.09,-0.36,-0.68,-0.62,0.04,0.01
1.586330310531614,-0.52,-0.75,-1.2,-0.47,-0.08,0.01
-6.536813793061813,-4.22,0.71,0.06,-0.42,-0.13,0.01
-0.05846198949991388,-0.78,0.07,-0.8,0.23,-0.39,0.01
9.310033486730518,4.31,-1.89,-0.42,-0.52,0.52,0.01
-3.175949625671104,-2.8,0.68,-0.63,-0.4,0.25,0.01
4.638470470863387,4.03,-1.24,-1.17,0.07,0.22,0.01
-3.2437051057819355,-3.38,-0.15,-1.4,-0.85,0.11,0.01
-1.327995876613297,-1.78,-0.21,-1.48,0.71,0.37,0.01
-7.9092066705383495,-7.79,-1.37,-4.75,0.08,0.52,0.01
7.202133498435637,4.74,-2.38,0.78,0.5,0.12,0.01
-3.473014224871218,-5.06,-1.04,-0.81,0.04,0.15,0.01
-9.875485904475244,-9.63,-1.09,-1.14,-0.33,-0.24,0.01
11.980807984854302,8.98,-2.03,2.94,1.12,0.78,0.01
-12.86468319515459,-12.01,-0.81,-0.75,0.53,1.14,0.01
4.396994111861652,5.88,0.47,-0.67,-0.47,-0.02,0.01
-2.4479807826360056,-5.56,-4.58,-4.74,0.11,0.18,0.01
-0.7662180137965047,1.31,5.71,0.95,-1.41,-1.64,0.01
-6.348534057758515,-4.15,0.21,-0.9,-0.99,-1.14,0.01
-2.1244228121561903,-2.56,1.66,-3.26,0.34,-1.18,0.01
10.03254114039509,9.34,-0.24,2.38,0.53,0.24,0.01
-0.5508552596356076,1.17,-0.18,1.87,-0.07,0.08,0.01
5.26228182797297,6.03,-0.5,1.08,-0.65,-0.02,0.01
-4.140234387182362,-3.48,-1.11,-0.76,-1.11,0.8,0.01
2.8538023416587954,3.17,-0.78,-2.11,-0.29,0.13,0.01
-0.20409201677156208,-1.44,1.51,-0.38,0.4,-0.09,0.01
-5.261705482267487,-4.5,-2.02,-1.31,0.29,0.27,0.0
1.6686782938389877,2.1,-0.93,-0.28,-0.25,0.94,0.0
-1.4371506359824204,-1.64,-1.37,-1.15,-0.24,0.41,0.0
8.723774379051052,7.1,1.17,0.28,1.3,-0.79,0.0
-1.1582505308998736,-0.11,0.11,2.1,0.9,-0.37,0.0
2.5594797236408784,3.42,0.86,1.27,0.43,-0.26,0.0
0.7216139282490763,1.59,2.47,3.19,-0.79,-0.1,0.0
1.9627697273701505,-0.92,-1.48,-2.4,-0.45,0.0,0.0
5.05028033831314,3.03,-0.74,-3.15,0.23,-0.3,0.0
-0.9126994026369184,-2.15,-1.99,-2.55,-0.4,-0.3,0.0
0.7945486245125588,0.62,-0.84,-2.98,-0.28,-0.26,0.0
-1.356854253043549,2.73,1.55,2.77,-0.18,-0.03,0.0
-2.075670000606822,-1.57,0.37,-0.91,-1.74,-0.5,0.0
-3.091042409635425,-3.09,0.94,0.16,0.29,0.42,0.0
2.880372892289662,2.31,-0.87,-1.66,0.11,0.04,0.0
-0.3875517730664968,0.12,1.25,0.55,0.53,-0.35,0.0
2.886943667453168,1.43,0.25,-0.12,-0.19,0.19,0.0
0.07067881539630783,1.73,2.16,2.68,-0.14,0.11,0.0
-1.6209442971957033,-0.45,1.75,2.86,1.36,0.69,0.0
3.2845460623223355,2.92,2.3,1.98,1.22,-0.85,0.0
2.1096255365336214,-1.18,-2.09,-1.71,0.62,-0.08,0.0
-1.609947742355966,-2.91,-0.89,-0.96,-0.31,0.4,0.0
1.4148480803463537,0.54,-0.13,-1.29,-0.74,-0.39,0.0
1.5008859186814272,0.95,-0.29,-2.01,-0.48,-0.54,0.0
1.0317558423087014,-0.52,0.08,-2.72,0.19,-0.56,0.0
1.0344827586206806,1.33,0.16,0.41,-0.1,-0.71,0.0
2.380157128278504,1.9,1.9,2.46,0.83,0.39,0.0
1.5735450951693597,0.06,-0.25,-3.79,-0.86,-0.1,0.0
-1.1428206754575676,-2.07,-1.12,-1.36,-0.63,-0.01,0.0
-1.207393739692808,-1.89,-1.43,-2.08,-0.05,-0.23,0.0
0.6143217320121908,1.15,-1.07,0.92,0.64,0.12,0.0
-0.5912091171155875,0.57,1.33,-1.15,0.02,-0.76,0.0
2.356121470387973,3.24,2.68,4.61,1.64,0.29,0.0
-0.577848879882148,-1.01,-0.78,-1.51,0.53,-0.71,0.0
1.9448394511312639,1.8,1.22,1.31,-0.28,-0.33,0.0
-0.7455704131547947,-0.71,0.74,0.42,0.13,0.03,0.0
0.6438565343271474,0.27,0.25,-0.85,-0.56,-0.38,0.0
-0.6773651001737546,1.23,1.27,4.54,0.99,0.53,0.0
0.43567791063725547,1.54,1.46,3.59,0.74,0.44,0.0
0.04403944027087103,-0.41,-2.09,-2.41,-0.25,0.04,0.0
-0.09741154569010702,0.59,-0.81,-1.98,-0.32,-0.47,0.0
1.2298052936921655,0.51,0.26,0.43,0.01,-0.22,0.0
0.46293970229926984,0.81,0.06,0.55,0.11,0.29,0.0
0.5505060795120809,1.41,0.78,2.62,0.71,0.22,0.0
-0.8612363612013785,-0.34,0.53,2.9,0.99,0.63,0.0
2.8480818989477186,2.5,1.08,2.75,0.7,0.08,0.0
0.5912876744934126,1.35,0.69,2.07,-0.48,0.58,0.0
3.1577536154014707,-0.86,-0.8,-1.92,-0.02,-0.47,0.0
2.5727713545455,-0.55,-1.82,-4.1,-0.31,-0.33,0.0
-4.801033658085718,-5.91,-1.49,-3.03,-0.2,-0.24,0.0
0.8633434745767499,1.29,0.8,1.82,0.13,0.02,0.0
1.2367210785064309,1.08,1.43,-0.38,-0.77,-0.29,0.0
2.650211553165671,1.88,0.61,0.49,0.63,0.2,0.0
-0.1391634608614134,-0.41,-1.35,-1.97,-0.56,-0.24,0.0
0.03982790337004882,0.18,0.01,-0.53,-0.4,-0.23,0.0
-0.5714741629116782,-0.45,-0.15,-0.67,-0.71,-0.29,0.0
2.6163753575656035,0.71,0.47,-1.36,-0.38,-0.36,0.0
2.1344734303955226,0.41,0.21,-0.6,0.59,-0.12,0.0
-1.765174785787449,-2.62,-0.7,-1.36,-0.06,0.31,0.0
1.3275449745343115,1.13,0.34,0.5,-0.82,0.17,0.0
-3.0725776931371684,-2.43,-0.19,-1.39,0.02,0.72,0.0
2.3046902314912243,1.5,1.48,1.86,1.49,0.39,0.0
0.834733178874214,1.58,-0.01,-0.01,-0.39,-0.27,0.0
-0.1891600282282524,0.41,-1.69,-2.57,-0.41,-1.22,0.0
0.0,0.51,0.01,-0.14,0.42,0.14,0.0
2.6750331078505996,1.66,-0.67,0.35,0.27,0.04,0.0
-0.3102969039736059,-1.01,-0.98,-1.5,-1.11,-0.08,0.0
2.329030034959567,0.89,0.08,-0.46,-0.42,-0.29,0.0
0.43003044423168824,-0.54,-1.57,-2.61,-0.33,-0.55,0.0
0.1749341686672068,1.11,0.67,3.06,0.86,0.19,0.0
-0.46131425693104466,-1.19,-0.27,2.04,1.06,1.14,0.0
1.6548276012904095,1.36,0.39,-0.29,-0.02,0.47,0.0
0.6877351255439867,1.14,2.73,1.26,0.18,0.07,0.0
-1.23050274750659,-0.38,-0.16,0.81,0.24,0.34,0.0
-0.202042128900648,0.3,-0.16,-1.43,-1.09,0.01,0.0
2.1074272265831473,1.03,-1.11,-2.38,-0.83,-1.25,0.0
-1.3801763911455822,0.15,1.47,3.28,0.53,0.89,0.0
0.2809232699027664,0.5,-0.64,-0.37,0.49,0.02,0.0
-4.551628693506105,-1.2,1.22,1.98,-0.21,0.17,0.0
-0.24774185984376418,-0.74,-0.8,0.45,0.27,0.02,0.0
2.3700124862201966,0.88,0.29,-2.02,-0.19,0.1,0.0
-1.642744813350816,-0.81,-0.46,1.01,0.29,0.11,0.0
1.9168493733571657,1.36,0.64,0.9,0.24,0.16,0.0
1.210001402715477,-0.29,-0.01,-1.84,-0.57,-0.16,0.0
10.46887640620322,0.62,-1.83,-0.66,0.77,0.65,0.0
2.5197455591690288,0.97,1.09,-0.83,-0.27,0.36,0.0
0.6678229519033518,0.37,0.44,0.06,0.12,0.09,0.0
0.36247124489221516,0.78,1.24,0.82,0.19,-0.13,0.0
3.488923420264034,0.53,-0.59,-0.85,0.57,0.05,0.0
-2.273562011180119,0.02,1.58,2.4,0.52,0.2,0.0
1.4534552409086299,0.23,1.32,1.73,0.84,1.23,0.0
-2.9739681156497277,-0.83,0.2,1.61,0.9,0.03,0.0
3.323418544812995,1.4,-0.83,-1.33,0.93,-0.13,0.0
1.769767581449888,-0.02,-0.15,-1.32,-0.63,-0.53,0.0
-0.089131615592275,-0.04,0.06,1.08,0.42,0.18,0.0
-0.2610742531497068,0.45,0.04,-1.94,-0.8,-0.5,0.0
0.8332594069470955,0.23,-1.33,-1.42,0.02,-0.56,0.0
0.12548665908533874,-0.38,0.49,0.09,-0.04,-0.14,0.0
2.218936075566469,0.31,-0.97,-1.55,0.1,-0.5,0.0
5.153265949728492,0.26,-1.24,-0.44,0.6,0.68,0.0
1.196023389199219,0.92,0.21,2.59,1.12,0.57,0.0
-0.8203772801037013,0.35,0.0,-0.64,-0.46,-0.69,0.0
1.3599230455815459,1.0,-1.72,-1.75,-0.13,-0.87,0.0
-1.1954453786727104,0.18,0.0,0.95,0.57,-0.5,0.0
-0.16198107273271978,0.7,0.36,-0.22,0.14,-0.08,0.0
3.3912128132403963,-0.04,-0.94,-1.75,-0.7,-0.16,0.0
3.9832603225607555,0.92,0.21,-0.32,0.61,0.09,0.0
-2.071839125183561,1.27,-0.26,-0.45,0.77,-0.38,0.0
-8.006090067975514,-3.7,0.44,2.6,-0.1,-0.04,0.0
0.06618258769239826,-0.87,0.36,2.07,0.78,0.88,0.0
-6.729497892157898,-2.93,0.9,-0.29,-0.72,-0.59,0.0
3.988635908147531,2.07,-0.61,-1.99,-0.17,-0.22,0.0
-3.2645691896395435,-1.64,0.38,-0.06,-0.39,-0.36,0.0
-1.3128761799822364,-0.05,-0.62,0.9,0.23,0.47,0.0
2.9999934808808693,1.58,1.01,-0.8,-0.82,0.01,0.0
0.15601922510746213,0.57,-0.63,-1.46,0.13,-0.41,0.0
-2.951348838290191,-0.4,1.22,1.32,-0.93,0.24,0.0
-1.59636187143124,-0.85,0.47,0.2,0.06,0.61,0.0
-3.1720134441502568,-0.89,0.78,-0.21,-1.11,-0.45,0.0
3.032570777339161,-1.07,-2.69,-1.9,-0.47,-0.31,0.0
1.5715731079295026,1.01,-0.49,-1.6,0.59,-0.52,0.0
-4.194592335498859,-2.47,-0.66,0.16,0.19,-0.18,0.0
1.026864767640756,0.26,-0.19,0.38,0.51,0.14,0.0
3.75161960090713,1.71,-0.17,-1.34,-0.49,-0.7,0.0
2.3869003529935595,1.65,0.87,1.05,0.41,0.21,0.0
-0.7568044069308444,-0.42,0.4,-1.32,-0.78,-0.59,0.0
1.5076036668479675,0.79,-0.68,0.16,0.34,0.11,0.0
0.8462262270676923,0.78,0.8,-0.54,-0.02,-0.56,0.0
-3.228024595843182,-0.97,1.69,2.43,0.58,0.34,0.0
3.0791104896888744,1.94,0.9,-0.09,-0.47,0.09,0.0
-2.8669493154786507,-1.28,0.83,0.25,-0.52,-0.06,0.0
1.696702775213632,1.84,0.53,0.16,-0.31,0.09,0.0
-0.09560624037089349,0.8,0.25,1.07,0.27,0.31,0.0
1.7395968662987205,0.93,-0.32,-1.42,-0.15,-0.3,0.0
6.3520604248457735,1.54,-1.01,-0.09,0.79,0.36,0.0
-2.652735843287335,-0.42,-0.19,-1.74,-0.86,-0.94,0.0
0.07432177008732666,-0.65,0.01,0.03,0.34,0.68,0.0
-0.3960797562366891,-0.08,1.17,1.14,0.15,0.16,0.0
-1.400064844916915,-0.06,-0.13,0.05,-0.05,-0.11,0.0
-2.5541885778405993,-1.53,0.35,0.32,-0.33,-0.2,0.0
1.3192197944433826,0.35,-0.08,1.26,0.54,0.18,0.0
-0.5446313709887796,-0.35,-0.48,0.41,0.51,0.01,0.0
-0.9583275924949008,0.66,0.95,1.03,-0.59,-0.08,0.0
-0.613414291702441,0.38,0.38,0.04,-0.15,-0.35,0.0
0.008694499712058601,-1.85,-0.48,-0.39,-0.15,-0.01,0.0
1.347236863439183,-0.23,-0.62,-2.33,-0.39,-0.71,0.0
-4.6312249762534785,-3.42,0.18,0.57,-0.46,0.0,0.0
3.7050642375685117,1.13,0.15,0.27,0.28,0.57,0.0
-5.601830643051353,-1.45,-0.23,1.85,0.27,-0.05,0.0
-0.08265673949200414,1.17,0.87,1.0,0.41,0.41,0.0
1.5353481517710321,1.93,1.01,-0.19,-0.2,0.02,0.0
4.083669693152681,2.25,-2.56,-5.03,-0.69,-1.77,0.0
3.549361130158979,2.12,1.04,0.54,0.36,0.5,0.0
-0.11359949460327812,0.01,-1.09,-0.92,-0.24,-0.09,0.0
-1.9968190568158795,0.83,2.81,6.73,0.76,0.86,0.0
-0.3008717626925339,-0.16,2.09,2.15,0.3,1.31,0.0
3.0352604619147794,0.88,-1.08,-1.78,-0.63,-0.19,0.0
-0.23433017781899768,-0.94,-0.56,-1.19,-0.67,-0.24,0.0
0.04195845665724285,1.31,0.92,1.15,0.57,0.41,0.0
0.8720307636397306,1.22,1.27,1.98,0.69,0.86,0.0
-0.7564485266127408,-0.2,0.61,-0.01,-0.41,-0.43,0.0
-1.139139785609744,-0.94,-0.05,0.03,0.06,-0.39,0.0
0.5168422442885845,0.58,0.28,-0.77,-0.66,-0.22,0.0
-1.0957317019999802,-0.51,0.59,-0.6,-0.74,-0.1,0.0
-2.9743070404414484,0.82,1.41,1.55,0.33,0.03,0.0
1.1594350555902189,1.56,0.49,2.78,0.52,0.51,0.0
0.7467126656766965,0.02,-0.27,-1.32,-0.39,-0.54,0.0
0.4826493391856923,0.42,0.14,-1.62,-0.76,-0.32,0.0
2.1099636320027315,-0.52,-1.55,-2.07,-0.49,0.46,0.0
3.0827388965632307,0.99,-0.06,0.52,1.04,0.53,0.0
0.29335553606550935,0.11,0.21,1.07,0.37,0.55,0.0
-0.11376033991705725,0.17,0.56,-0.1,-0.27,0.2,0.0
-0.5612575944132225,1.01,1.61,0.83,-0.34,0.6,0.0
1.2270099515571342,0.02,-0.06,-1.02,-0.57,-0.49,0.0
0.5090771094026447,0.47,0.88,-0.69,-0.71,-0.05,0.0
-2.090374162866704,-1.03,0.32,1.28,0.85,0.35,0.0
1.198891016477921,0.24,0.94,-0.46,-1.51,-0.24,0.0
-0.67347859347201,-0.18,-0.57,-0.73,-0.58,-0.56,0.0
-0.5146755357625876,-0.26,0.21,-1.51,-0.39,-0.83,0.0
5.009031616482029,1.29,1.14,0.38,0.45,0.54,0.0
-0.05473598330425489,0.16,-0.56,-0.39,0.03,-0.17,0.0
0.6963573676650237,0.78,0.5,-0.7,-0.58,-0.19,0.0
-1.5850671457890764,-0.14,-0.19,-1.17,-0.38,-0.73,0.0
1.239526539696434,-0.24,0.24,-0.06,-1.0,0.3,0.0
2.84645972053581,0.05,0.85,-1.63,-0.84,-0.1,0.0
-0.6976159573254259,0.11,0.87,2.03,0.27,0.41,0.0
0.7711963492847973,0.23,-0.44,-0.19,0.24,-0.08,0.0
3.5766080726645777,0.49,-0.67,0.36,1.38,0.48,0.0
-1.3314910417635883,-0.39,-1.42,0.24,0.78,-0.27,0.0
-0.852666067656116,0.27,1.07,0.06,-0.66,-0.04,0.0
-0.7702655687187976,0.4,-0.69,0.44,0.56,-0.22,0.0
-2.471921819363565,-1.41,0.14,0.57,-0.64,0.1,0.0
1.23635772541284,0.86,1.32,0.5,0.36,0.56,0.0
-3.366136491848759,0.79,3.16,3.94,0.05,0.52,0.0
3.412310298318144,1.76,0.02,-0.81,-1.48,-0.23,0.0
0.8631145301462029,0.51,-1.01,-1.38,-0.42,-0.36,0.0
-2.3248625431980363,-0.52,0.54,1.26,-0.16,0.41,0.0
-0.13956489877169354,0.37,1.48,1.24,-0.44,0.4,0.0
1.622677087083213,0.06,-1.04,-0.45,-0.19,-0.05,0.0
-1.5127216385126263,-0.12,2.36,1.13,-0.99,0.43,0.0
-1.3730544053938143,-0.86,-0.75,-0.74,0.29,-0.45,0.0
0.5427229501699715,0.92,0.75,-0.79,-0.69,0.09,0.0
3.285639047634814,1.27,-0.74,-1.1,0.64,-0.41,0.0
3.6658031195732743,-0.04,-0.76,-0.96,0.83,0.36,0.0
1.6073580398594522,-0.07,1.64,-0.11,-0.68,0.61,0.0
2.768387263806793,0.29,-0.27,-0.43,0.21,0.95,0.0
0.16794717292032413,-0.33,-0.03,0.04,1.04,1.13,0.0
-0.7683732759476758,-2.53,1.2,1.55,0.56,2.47,0.0
-3.498532751987915,0.93,-1.69,-0.93,-1.05,-2.28,0.0
-3.7420632057588166,-1.84,0.41,0.59,-0.76,0.4,0.0
1.6520079543455468,1.72,0.75,-1.47,-0.23,-1.24,0.0
0.6336810079627275,1.48,-0.81,-1.03,-0.97,-2.1,0.0
-0.7778471654044883,0.14,0.68,0.73,-0.09,0.18,0.0
2.575782701622109,1.22,0.6,0.38,-0.09,-0.24,0.0
-0.3098018974653116,0.57,0.95,-0.49,-0.71,0.42,0.0
0.10967289027605798,0.96,2.24,0.39,-0.95,0.73,0.0
-0.6573850356420774,0.05,0.64,-0.06,-0.67,-0.41,0.0
-0.4558405345251537,-0.08,-0.53,0.79,0.3,0.07,0.0
-0.19204027065516938,0.2,-0.21,-0.7,-0.46,-0.29,0.0
0.1775956584793681,0.49,-0.1,0.46,-0.39,-0.07,0.0
-1.6103614410468703,-0.14,-0.26,1.93,0.17,0.05,0.0
-1.7643962015156944,-0.2,-0.67,0.6,0.26,-0.15,0.0
-0.8636454169564933,-0.62,-1.47,-0.21,0.88,-0.43,0.0
0.12333831440813903,0.16,2.02,0.73,-0.43,0.53,0.0
-2.979907598465792,-1.11,0.73,3.13,1.67,0.86,0.0
-0.11110726033680685,-0.11,-1.01,0.89,1.13,-0.21,0.0
-0.4052100729669217,1.15,1.47,1.44,-0.28,0.33,0.0
-3.4782676555788483,-2.72,-0.91,0.88,0.97,0.45,0.0
0.22316275739442393,-0.28,0.35,-1.6,-0.04,-0.4,0.0
5.385135702451005,2.62,1.11,0.23,-0.4,0.21,0.0
-2.0893735663887525,-1.05,-0.77,1.25,0.62,0.23,0.0
-2.445670903747199,-1.55,0.65,3.56,1.64,1.07,0.0
-1.5811821500422707,-1.67,-1.1,1.7,1.27,0.49,0.0
1.073842790603674,1.87,0.38,0.62,0.96,0.52,0.0
-4.167359526127957,-0.67,1.46,3.71,1.63,0.92,0.0
4.064973778365455,1.77,0.43,-3.23,-1.84,-0.48,0.0
-0.916659810745557,0.67,1.2,1.82,-0.07,0.15,0.0
1.6502661269292673,1.41,1.07,-2.0,-1.39,-0.81,0.0
-0.7625438619287439,0.11,0.53,1.29,0.63,0.58,0.0
2.4456766145873443,0.69,-0.35,-1.27,0.25,0.09,0.0
1.2742953638375631,-0.41,-1.35,-0.85,0.28,-0.02,0.0
-0.6450508397508381,0.34,0.65,0.34,-0.04,0.1,0.0
-3.390521351212983,-1.86,-1.21,2.16,0.93,0.46,0.0
-0.4480094223456743,0.23,0.94,-0.99,-0.79,-0.54,0.0
2.8335547774936076,0.56,-1.69,-2.23,-0.25,-0.1,0.0
-0.6888692080189052,-1.16,-2.95,-1.04,0.58,-0.74,0.0
-1.9993512800595692,-0.97,-1.58,1.46,1.38,0.13,0.0
0.4163511553254118,0.67,2.02,1.4,0.45,1.11,0.0
0.5141293750788201,1.56,0.2,0.68,0.78,0.6,0.0
0.14850946584821223,-0.48,-2.49,-0.23,0.9,0.02,0.0
-1.227444508060016,-0.03,1.84,1.01,-0.26,-0.23,0.0
1.876578574458465,0.63,0.58,-2.34,-1.17,-0.28,0.0
0.6958557393811571,1.27,0.21,-0.02,-0.69,-0.51,0.0
2.357731848371758,1.28,-0.71,-0.71,1.0,0.09,0.0
0.2462163910834425,0.0,-0.31,0.09,-0.12,-0.28,0.0
1.3390488738112438,-0.11,-1.53,0.3,0.68,-0.12,0.0
1.9233519097898943,0.62,0.27,-1.17,-0.52,-0.38,0.0
2.02519674129622,0.65,-0.61,0.15,0.79,0.09,0.0
-1.3233193344309835,-0.04,-0.46,0.56,0.73,-0.36,0.0
2.4306506727809873,0.41,-0.77,-1.6,-1.07,-0.37,0.0
-1.785273935042464,-0.34,1.18,1.41,0.01,0.67,0.0
1.8707387431217137,1.06,-0.8,-1.19,0.1,-0.54,0.0
-0.2528101197592614,0.27,-0.19,0.65,0.83,0.18,0.0
0.5068900720873737,-0.72,-0.66,0.79,0.72,0.43,0.0
-1.2829638090197104,-0.93,-1.38,-1.57,0.38,-0.46,0.0
0.29294731169633437,1.1,1.53,0.12,-0.47,0.09,0.0
-1.1685306843355114,-0.78,0.63,-0.77,-0.2,-0.2,0.0
1.8038528585045066,1.26,0.77,0.69,-0.35,0.03,0.0
0.297777638466612,0.41,0.79,-0.5,-1.2,-0.07,0.0
-0.24492701797579342,-0.03,0.08,0.85,0.54,0.06,0.0
-0.6027569243383102,-0.07,0.29,0.2,-0.3,-0.33,0.0
-0.07480117755612747,0.4,-0.76,1.09,1.33,-0.22,0.0
-1.5133601407371078,-0.82,-0.52,-0.33,0.13,-0.41,0.0
0.8215208678754138,0.18,0.73,1.7,1.05,1.08,0.0
-3.5385411668789724,-0.89,-0.24,2.0,1.09,0.57,0.0
0.19554316327945465,-0.05,-0.16,1.33,0.64,0.61,0.0
1.280267266108548,0.49,-0.49,1.18,1.23,0.58,0.0
0.5327238397085043,0.84,0.45,-0.08,-0.22,0.15,0.0
-2.5804755764558096,-1.35,-1.28,1.68,1.16,0.77,0.0
-0.7410078978597134,-0.63,0.69,-0.87,-0.83,-0.05,0.0
-2.493843571874965,-2.34,-1.15,0.7,-0.29,0.14,0.0
1.7919550826978048,1.04,0.48,1.13,1.38,0.34,0.0
1.9844630269528318,1.79,0.97,-0.16,-0.24,-0.04,0.0
-0.9258346592206146,-0.24,0.72,0.84,0.02,0.58,0.0
-1.124567650670849,-0.7,0.05,-0.93,-1.02,-0.43,0.0
-0.12817875041111204,-0.34,-0.53,-0.46,-0.18,-0.33,0.0
2.101229273290439,1.14,-0.49,-1.42,-0.85,-0.48,0.0
-1.4767220308048334,-0.04,0.46,0.98,-0.11,-0.06,0.0
1.331431957992013,0.99,-0.48,-0.7,0.26,-0.31,0.0
-0.15735634456786052,-0.3,-0.85,-1.23,0.2,-0.15,0.0
-0.0394195555101895,0.46,1.77,0.57,-0.54,0.14,0.0
-1.2376696793285014,0.27,1.08,0.95,-0.26,0.27,0.0
-0.5347893712623786,0.04,-0.37,-0.32,-0.2,-0.4,0.0
-0.2648386642129852,0.03,1.41,1.44,0.29,0.39,0.0
0.627608539836233,0.11,-0.21,0.32,-0.07,0.7,0.0
-1.2154099733971413,-0.53,-0.25,0.73,0.41,0.34,0.0
1.9022171833703139,0.9,-0.59,-0.91,-0.15,-0.22,0.0
0.007943439730340174,0.14,1.27,-0.95,-1.0,-0.21,0.0
0.667202144359802,0.18,1.08,-0.31,0.07,-0.09,0.0
0.30771028816549695,-0.29,-0.45,-0.84,0.16,0.19,0.0
-0.8023341747863344,0.41,-1.33,-2.05,-0.56,-1.05,0.0
0.9832868554464858,0.37,0.72,0.17,0.04,0.0,0.0
2.457749333652659,0.15,-0.75,-1.62,-0.59,-0.49,0.0
-0.6437408604443084,-0.3,0.23,1.28,0.67,0.13,0.0
0.3933848811074059,-0.46,0.43,0.2,-0.34,-0.24,0.0
1.2601141531063398,0.01,-1.35,-3.57,-0.7,-1.1,0.0
-1.0091866029842689,-1.23,-0.8,-1.44,-0.43,-0.71,0.0
1.4103752650850065,1.36,0.84,1.06,0.4,0.31,0.0
1.2698408199260047,0.58,-0.09,-0.43,0.2,0.2,0.0
-0.20898634276582673,0.0,0.51,-0.29,-0.48,-0.24,0.0
-0.21689175267912697,0.69,0.74,0.23,-0.39,0.26,0.0
-0.22485888199025306,0.31,-0.5,0.43,-0.14,0.06,0.0
1.2546007210902266,0.21,-0.86,-1.59,-0.49,-0.14,0.0
1.150009998927648,0.01,-0.39,-0.3,0.31,0.39,0.0
0.4621137762626626,0.07,0.13,0.75,0.72,0.64,0.0
0.2263547630901419,0.44,0.42,0.44,0.0,0.33,0.0
1.9596290843154174,0.56,-1.53,-0.7,0.66,-0.14,0.0
1.471837278580801,-0.27,-1.02,-2.0,0.55,-0.75,0.0
1.7955431688066126,0.1,-0.84,0.08,1.7,0.35,0.0
-0.9199906835839267,-0.86,-0.01,-0.79,-0.22,-0.03,0.0
1.3055008294097226,1.26,0.85,1.57,-0.17,0.41,0.0
-0.42037061742903337,0.23,-0.02,0.56,0.28,-0.27,0.0
0.7889595191524101,-0.55,-1.21,-0.41,0.75,0.12,0.0
2.4100184465859043,-0.25,-1.16,0.35,1.94,0.63,0.0
-0.44919110924684924,-0.38,-0.26,0.79,0.34,-0.07,0.0
-1.4076067654278157,-0.76,-0.4,-1.27,0.13,-0.84,0.0
-2.6914501966279314,-1.42,0.04,-1.77,-0.43,-1.11,0.0
2.5974236802089434,1.7,0.86,0.14,-0.58,0.33,0.0
-0.5131818159950119,0.95,0.73,0.81,-0.96,0.08,0.0
0.9628606590179389,0.1,-1.56,-1.02,0.5,-0.43,0.0
1.198898927580494,0.99,-0.33,-0.45,0.49,-0.36,0.0
0.2894452506209788,0.18,0.09,1.33,0.29,0.87,0.0
-1.4900324193216297,-0.65,-0.46,0.59,0.46,0.09,0.0
-1.2195948956291391,0.27,1.21,-0.64,-1.57,-0.73,0.0
0.4552673897043835,0.41,0.22,0.94,0.82,0.55,0.0
0.15103584757201194,-0.65,-0.09,-0.18,0.57,0.42,0.0
-0.23310013321844458,-0.12,-0.13,-0.45,-0.07,-0.39,0.0
1.2644412003327776,0.73,-0.39,0.93,0.65,0.27,0.0
-0.2782512436320661,-0.39,-0.98,-1.57,-0.37,-1.13,0.0
0.07485536911300272,0.74,1.08,-0.12,-1.29,-0.4,0.0
-0.4766866595628527,0.09,0.46,1.88,0.48,0.29,0.0
-0.03423729616958138,0.0,-0.46,-0.27,-0.64,-0.52,0.0
-0.3354097403706291,0.06,0.38,1.82,0.72,0.92,0.0
0.17859354821565532,0.2,0.3,1.44,0.91,0.56,0.0
2.07731688984667,0.24,-0.68,-0.41,0.07,0.11,0.0
0.1410632028535419,0.02,-0.95,-0.27,0.7,-0.01,0.0
1.3547769931509857,-0.03,-0.86,0.06,1.66,0.22,0.0
-0.61539262045055,-0.79,-0.5,-0.13,-0.3,0.08,0.0
-2.5501201570736654,-0.96,0.1,-0.18,-0.32,-0.66,0.0
0.23230808147081117,-0.13,-0.96,-0.83,1.38,-0.47,0.0
1.015711160528654,0.92,0.86,-0.5,-0.36,-0.32,0.0
1.0256911286729453,1.07,0.75,-0.83,-1.85,-0.1,0.0
-0.06010963129702285,0.4,0.4,0.35,-0.72,0.02,0.0
-0.8421244058413935,0.27,0.06,0.36,-0.42,-0.01,0.0
-0.5527131835118437,-0.65,-0.44,-0.33,-0.06,-0.12,0.0
0.7184208720302676,1.07,1.64,0.31,-0.69,0.16,0.0
3.0417279287474175,0.35,-0.69,-1.39,0.66,0.07,0.0
-0.8424792798638281,-0.13,0.46,-0.04,-0.47,-0.2,0.0
0.4478670799148654,0.11,0.4,-0.96,-0.45,-0.39,0.0
0.7474987639723762,0.35,0.2,-0.02,-0.44,0.59,0.0
0.42303588920646895,-0.02,-0.56,-0.28,0.03,-0.31,0.0
1.5489384781535387,-0.36,-0.36,-0.08,-0.6,0.14,0.0
-1.0083749295169087,-0.33,-0.74,0.07,0.73,0.2,0.0
-0.6704945002552809,-0.28,0.25,0.09,-0.78,-0.27,0.0
-3.3101521621312857,-0.76,-0.03,0.02,0.2,-0.37,0.0
0.3893229943959131,0.14,0.24,1.35,0.23,0.93,0.0
-0.9562002949441317,-0.66,-0.67,-0.97,0.42,-0.47,0.0
0.6143426817698527,0.88,0.12,0.67,-0.24,0.43,0.0
-0.1610307643925779,-0.05,-0.1,-0.58,-0.42,-0.53,0.0
-1.8347920640296667,-0.74,1.0,-0.05,-0.64,-0.48,0.0
-2.1361058055946014,-1.86,-0.56,0.22,0.78,0.23,0.0
0.3428011966989164,0.03,0.27,-0.68,-0.43,-0.36,0.0
1.6872220863137333,1.0,0.14,0.61,-0.52,0.46,0.0
0.6719554216192192,1.28,0.46,0.92,-1.01,0.22,0.0
0.06125676786341572,0.09,-0.4,0.71,0.57,0.23,0.0
-1.0549784060053247,-0.11,1.71,2.44,-0.24,0.78,0.0
-2.380145665906419,-2.17,-0.01,1.76,0.83,1.07,0.0
0.6483286333877514,0.04,-0.2,0.81,1.15,0.34,0.0
-0.931203351764065,-1.03,0.07,-0.77,-1.24,-0.37,0.0
0.8127396543893939,1.12,0.48,0.51,-0.09,0.55,0.0
-2.460560391710509,-1.42,0.4,2.35,0.69,1.1,0.0
1.4158180470800197,1.06,-0.58,-0.07,-0.09,-0.34,0.0
0.6307206950819433,0.34,-1.0,-0.5,0.33,-0.68,0.0
0.9084646469529556,1.01,0.45,-0.18,-0.07,0.04,0.0
-0.2721926155544674,-0.27,-0.46,1.13,0.09,0.59,0.0
-0.06296328564631137,-0.72,0.23,-0.28,-0.04,0.28,0.0
-0.9103255036112312,-0.07,0.55,-0.43,-0.88,-0.28,0.0
-0.42398126967704286,0.43,-0.09,-1.05,-0.49,-0.79,0.0
2.022541352977214,1.65,-0.37,-0.28,0.0,-0.12,0.0
0.7512784028784525,0.64,-1.13,0.29,0.37,-0.08,0.0
1.1806128471195443,0.4,-0.41,-0.01,0.57,-0.08,0.0
1.50800728650351,0.7,-0.48,-0.24,-0.17,0.1,0.0
0.3361018270968019,0.34,0.23,1.2,0.28,0.55,0.0
0.1474241281578026,0.36,0.03,-0.99,0.31,-0.61,0.0
-0.5284906397090339,-0.25,0.02,1.02,0.43,0.47,0.0
-0.03367111473738804,0.56,0.36,-0.13,-0.41,-0.37,0.0
0.45747891697627274,0.05,-0.78,-0.3,-0.38,-0.15,0.0
-0.31473857984702924,-0.76,-0.94,-1.2,0.86,-0.63,0.0
2.499162271188937,1.11,0.83,-0.5,-0.27,-0.17,0.0
-1.8155530245378082,0.21,0.13,-0.83,0.56,-0.83,0.0
-0.5607521020783213,0.5,2.05,0.44,-1.13,0.07,0.0
0.7115933759319404,0.25,-0.33,-0.55,0.42,0.16,0.0
0.9798694193820623,0.79,1.44,-0.16,0.21,-0.43,0.0
-0.34988037969534425,0.39,-0.29,-1.38,0.66,-0.74,0.0
0.35825028263472003,0.37,0.79,1.22,0.05,1.36,0.0
-0.5552602877211932,0.16,0.02,0.1,-0.53,-0.12,0.0
0.24594419893748665,-0.34,-0.13,0.46,0.59,0.29,0.0
-1.916333726291819,-1.04,-0.3,0.95,1.37,0.02,0.0
-0.03378654842498552,0.17,0.62,0.34,0.14,0.1,0.0
1.4336849213970826,0.74,-0.46,-0.91,0.37,-0.29,0.0
0.006678593270148525,-0.06,-0.45,0.7,0.53,0.5,0.0
0.6666722750640508,0.44,-0.16,-0.68,0.17,-0.65,0.0
1.6489987370789327,-0.41,-0.65,-0.26,0.81,0.18,0.0
2.853607837246419,0.14,-0.75,-0.06,1.25,-0.11,0.0
1.6976017383770303,-0.25,-0.41,-1.31,1.03,-0.64,0.0
0.29276264654871653,-0.57,0.07,2.78,1.25,1.63,0.0
0.24218760657750416,-0.02,-0.19,1.77,0.24,1.15,0.0
0.3283523574048708,0.3,-0.14,-0.87,-0.54,-0.25,0.0
-3.1678502826546384,-2.23,-1.28,-0.95,0.26,-0.61,0.0
2.1873722126207085,1.1,-1.31,-0.78,0.38,-0.31,0.0
3.157766608245871,-1.95,0.18,-1.13,-0.09,0.39,0.0
-0.32062525128367936,-1.59,-0.44,1.09,2.33,0.78,0.0
-0.6130195457891618,1.53,1.0,1.24,-0.66,0.04,0.0
-1.1724216398891096,-1.18,-0.87,1.08,1.76,1.07,0.0
2.1502882873152718,1.2,0.84,0.63,0.09,0.62,0.0
3.5446477422025113,2.22,-0.17,-1.78,-1.44,-0.47,0.0
2.2782860465456967,0.46,0.35,-0.85,-0.97,0.19,0.0
-0.29699358176377144,-1.04,-1.05,1.55,1.44,1.0,0.0
2.801315815660499,0.71,-0.87,0.52,1.38,0.77,0.0
-2.06741189488695,-1.04,-0.29,-0.99,0.31,-0.3,0.0
-0.8023202903873372,-0.76,-0.35,1.65,0.41,0.18,0.0
2.850891185551574,1.62,0.01,-1.91,0.05,-0.35,0.0
-3.92638252162254,-1.19,-0.85,2.8,0.62,0.67,0.0
-0.6501692324736408,-0.66,1.47,-2.34,-1.7,-0.37,0.0
-0.8122064736198586,-1.26,-0.21,-0.41,0.03,0.17,0.0
1.9087183007591602,2.06,0.66,0.19,-1.09,-0.24,0.0
1.5318524978573222,0.97,0.18,-0.35,0.34,0.05,0.0
0.3643971972912441,0.72,0.28,-0.49,-0.37,-0.41,0.0
2.2974694747889934,1.23,-0.13,0.31,0.98,0.45,0.0
-0.5767374194242336,-0.26,-0.41,0.82,0.84,0.23,0.0
0.05021494498949064,0.07,-0.02,0.17,0.71,0.0,0.0
-0.6578165160641469,-0.17,0.07,-0.41,-0.83,-0.44,0.0
-0.3535234586305558,-0.31,0.17,0.52,0.35,0.45,0.0
2.5004026978474814,0.72,0.44,0.77,-1.17,0.53,0.0
-1.2691555160379675,-0.27,-0.06,3.64,0.64,1.56,0.0
-2.6599834969621594,-2.26,-0.93,2.58,1.41,1.29,0.0
-1.6693235611155322,0.0,0.38,1.76,-0.56,0.01,0.0
0.0988262492155112,-0.49,-0.96,2.02,-0.13,0.85,0.0
0.011591186716741753,-0.14,-0.31,-0.26,-0.06,-0.36,0.0
1.6783920716424205,1.08,-0.2,-0.27,-1.24,0.35,0.0
0.25704978248470844,0.13,-0.85,0.52,0.76,0.29,0.0
-1.9028455927473598,-1.55,0.88,2.39,1.18,1.04,0.0
0.5110930905081634,0.08,0.05,0.55,-0.85,0.52,0.0
-1.8894219071620477,-2.06,-0.9,1.38,0.79,0.98,0.0
-2.1024884924541465,-1.02,-0.36,-0.67,0.25,0.09,0.0
-1.034702965601808,-1.15,-0.84,-0.23,-0.31,0.09,0.0
-1.2765006027098735,-2.09,0.39,0.47,1.03,0.54,0.0
-0.48642634525757344,0.53,1.75,-0.25,-0.06,-0.67,0.0
-1.1384767031533016,-1.42,-0.18,2.8,-0.79,1.62,0.0
-0.05631719842997818,-0.29,-1.06,0.1,0.42,-0.02,0.0
-0.29431976224184586,-0.76,-1.46,0.83,1.05,0.92,0.0
6.977747211001839,2.46,-0.62,-2.08,0.16,0.16,0.0
2.612574873849738,2.32,0.7,-2.87,-1.82,-1.67,0.0
-0.09726328463424139,0.87,0.12,0.65,-1.1,0.33,0.0
0.7044356498292714,0.51,-1.58,0.7,1.5,0.5,0.0
-1.6719743600534187,-2.48,0.46,2.19,0.43,1.36,0.0
-0.16795277283360166,0.89,-0.3,-0.6,-1.73,-1.2,0.0
-0.4234313544803192,-0.24,0.67,0.2,-0.7,-0.01,0.0
1.8466748658523047,1.02,0.73,-0.29,0.93,-0.42,0.0
0.8293654017966112,1.6,0.02,-1.96,-1.1,-0.26,0.0
-2.3598874995752306,-1.69,0.02,1.23,-0.56,0.27,0.0
-2.0218369198777175,-1.91,0.92,2.13,-0.2,1.43,0.0
0.14232330196704002,-0.35,0.08,-0.62,0.69,-0.18,0.0
2.315229531545082,1.85,1.02,-1.4,-0.68,-0.81,0.0
-0.13887804584190588,-0.02,0.04,0.32,0.61,0.42,0.0
-2.126915373520155,-2.29,-0.05,1.15,0.88,1.47,0.0
-0.9355794463102529,-0.85,0.12,0.95,1.07,0.44,0.0
-1.7812283191568912,-1.17,-0.36,0.09,-0.04,0.16,0.0
-2.586418474220187,-1.95,0.06,1.25,0.02,1.07,0.0
1.6680082104227445,1.87,0.69,-3.88,-1.79,-1.8,0.0
1.2965435639287648,2.24,-0.14,1.19,0.36,-0.19,0.0
0.16378304188138237,0.03,0.39,-0.46,-0.8,0.25,0.0
-1.1627833565937107,-1.55,-0.28,-0.85,-0.41,0.53,0.0
2.058819912200005,1.82,0.63,1.3,0.52,0.47,0.0
-0.19814072241635117,-0.86,-0.22,1.51,1.25,1.25,0.0
-1.840823219663179,-1.09,-0.52,0.72,0.37,1.23,0.0
-2.371734058590058,-3.14,0.73,0.89,-0.69,1.35,0.0
-1.1676129398998425,-0.53,1.0,0.3,-1.12,-0.24,0.0
3.4997502190216023,2.79,0.01,-2.17,-0.41,-1.58,0.0
-2.718619306788883,-0.47,0.3,1.18,-0.32,0.34,0.0
-2.390884662659909,-1.48,-0.12,1.76,0.97,0.64,0.0
-2.6562318841745536,-1.04,-0.84,1.79,2.19,0.1,0.0
2.967738869804193,2.15,-0.49,-2.37,0.77,-0.99,0.0
2.901524785540044,2.6,0.44,-1.85,-1.16,-1.58,0.0
0.645409931337948,1.42,0.16,-1.06,-1.61,-0.2,0.0
2.091890274445629,1.32,-0.19,-1.87,-0.55,-0.84,0.0
0.8537746420553161,-0.17,-0.94,1.64,-0.19,1.55,0.0
2.080057170925431,1.3,-0.22,-1.19,-0.82,-1.03,0.0
0.823352631159846,-1.25,-0.62,0.4,-0.51,1.52,0.0
2.2677869261860106,1.42,-0.32,-0.82,-0.48,-0.13,0.0
0.37342812795664315,0.28,-0.3,2.19,0.2,1.37,0.0
0.5036567610964493,0.73,-0.87,-1.72,0.5,-1.24,0.0
1.9134627576337548,1.43,1.19,-1.92,-0.32,-0.99,0.0
-0.6649808706931881,-0.82,-1.12,0.4,0.37,0.92,0.0
-1.777585381610025,-1.54,0.62,-0.45,-0.22,0.4,0.0
-0.1718170648152717,0.39,0.58,-0.61,-0.92,0.05,0.0
2.369358033240565,0.93,-0.55,-1.86,-0.77,-0.7,0.0
-1.894187073687792,-1.53,-0.72,0.82,0.69,0.15,0.0
-1.8450804683003974,-1.23,-0.3,1.08,0.23,0.88,0.0
0.18038291232971293,0.34,-0.61,-0.12,0.37,0.3,0.0
-1.1908728132216773,-0.38,-0.53,2.27,0.37,1.04,0.0
-2.55159763686007,-1.54,0.62,1.05,0.46,0.1,0.0
1.1523466064542909,-0.29,0.56,0.47,-0.24,1.07,0.0
1.634248560907836,1.39,0.61,-0.71,-1.0,0.0,0.0
-2.998826039765634,-1.28,0.32,1.43,0.17,0.98,0.0
-0.133083657923605,-0.19,-0.57,1.8,0.77,0.67,0.0
1.411512872487286,1.76,0.4,-0.97,0.54,-1.26,0.0
-0.10155213223228543,-0.27,0.5,1.26,0.77,1.18,0.0
-0.4843562757255282,-1.73,-0.56,0.41,1.79,0.44,0.0
-2.7821467441023207,-2.74,0.26,-0.18,-0.15,-0.21,0.0
0.6737547798025822,0.7,0.12,-1.86,0.11,-1.11,0.0
-3.732826339432327,-2.99,-0.36,1.8,0.24,1.25,0.0
-0.14667984291305558,0.13,-0.56,0.34,0.14,0.8,0.0
4.515535157735573,2.45,-0.52,-0.42,0.48,0.05,0.0
-3.6604770500539785,-3.54,0.88,0.61,-0.24,0.68,0.0
0.19666691669069092,0.8,0.38,-1.16,-0.63,-1.35,0.0
0.9622462406746468,0.41,0.16,1.65,0.01,1.19,0.0
4.100828714054683,3.01,-0.47,0.24,0.02,0.07,0.0
-5.571618296786285,-3.8,-0.23,2.37,0.59,1.22,0.0
0.4727167127738241,-0.85,-1.01,1.84,0.98,1.39,0.0
-3.318913980950333,-3.52,-0.05,1.33,4.25,-0.2,0.0
1.611217392406017,0.22,-0.49,-1.22,-0.68,0.28,0.0
-5.184159782148889,-1.93,-0.61,2.61,0.62,1.02,0.0
-2.689412421713022,0.15,1.2,-1.23,-0.34,-1.12,0.0
3.1916520206203725,2.74,0.37,-2.18,-2.13,-0.75,0.0
-1.0672169350524063,-0.59,0.09,1.31,0.19,1.31,0.0
2.542256271789456,2.13,0.94,-0.05,-0.68,-0.31,0.0
-5.641918838917692,-4.06,0.46,1.54,-0.59,0.4,0.0
-2.464139629687856,-0.34,0.4,-0.81,-1.21,-0.91,0.0
0.17472744577138322,-0.05,-0.13,-0.19,-0.1,0.19,0.0
4.011936215972933,1.75,-0.92,1.31,-0.05,0.97,0.0
-1.9216136400078465,-1.21,-0.46,1.83,1.39,1.25,0.0
0.11398696931250729,1.21,0.74,0.2,-0.51,-0.03,0.0
2.3199424544681824,2.18,0.01,-0.61,-0.14,-0.34,0.0
4.075673497041166,2.58,0.03,-1.28,-0.65,-0.28,0.0
-0.5346005130154929,-0.71,-0.39,0.46,0.8,-0.21,0.0
-0.08733649979901781,-0.74,0.23,0.8,-0.2,1.03,0.0
1.6811222944016935,2.08,0.4,-2.08,-0.42,-1.53,0.0
-3.8555661749309134,-1.63,1.03,0.55,-0.81,0.46,0.0
0.5227688388820928,0.33,0.04,0.66,0.47,0.17,0.0
1.7585898962408475,1.0,0.2,-0.15,-1.57,0.65,0.0
-0.5043345988537173,-1.02,-0.27,-0.52,-0.7,-0.25,0.0
-3.595593490071869,-2.43,0.46,0.26,0.85,0.21,0.0
-3.86286288881158,-3.0,0.27,0.66,0.29,0.55,0.0
-3.8284753668060056,-4.12,-0.46,0.6,1.69,-0.31,0.0
0.6672521615895377,-0.26,0.11,0.11,0.11,0.05,0.0
2.01116769268308,1.55,-0.03,-1.67,-0.19,-1.15,0.0
-3.9651634160804305,-3.52,-1.09,0.0,0.59,-0.62,0.0
1.1533438023135334,0.45,0.73,-2.68,0.37,-2.03,0.0
3.276047127822812,2.38,-0.83,0.24,-0.93,0.0,0.0
-0.3826942346475515,-0.19,0.04,-1.82,0.62,-1.59,0.0
2.1573607119920624,1.12,0.31,-3.89,0.5,-1.93,0.0
2.4517401544881468,3.13,-0.42,-0.01,0.11,-0.37,0.0
0.0,-0.27,0.77,1.25,-0.33,1.27,0.0
-2.9789945057289158,-2.09,0.04,2.4,-0.69,1.33,0.0
1.30238038744952,-0.19,-0.58,-1.33,1.08,-0.87,0.0
-1.8027521999064655,-0.96,0.51,-0.14,0.9,-0.15,0.0
1.6164294054312078,1.15,-0.04,0.12,-0.8,-0.09,0.0
1.893009444303173,0.48,1.12,-3.34,-1.85,-2.26,0.0
0.9607641950081014,0.17,-0.87,-0.76,0.04,-0.35,0.0
2.3999520824876885,1.76,0.87,-0.95,-0.8,-1.4,0.0
0.4714478906767461,-0.07,0.08,-0.08,-0.26,-0.22,0.0
-1.4757731849290523,-1.38,-0.99,1.61,1.7,1.4,0.0
0.6833818516609913,-0.89,0.88,0.52,0.15,0.92,0.0
-0.253675342002635,-0.39,0.42,-0.41,0.03,-0.33,0.0
2.048264510395681,-0.41,-0.45,-1.01,0.76,-0.01,0.0
1.1449846087003834,1.96,0.03,0.5,-0.17,-0.31,0.0
-2.064300576714251,-0.71,0.35,1.01,0.21,-0.18,0.0
2.6721849313049884,2.81,0.82,-0.54,-0.22,-0.66,0.0
1.3509730259135155,0.89,1.08,-1.32,-1.47,-1.59,0.0
1.5094023960763092,0.97,-0.38,-1.61,-0.26,-1.0,0.0
-0.8110344772409461,-1.18,-0.85,1.39,1.77,1.52,0.0
-0.7398487695435496,0.12,0.1,1.65,0.65,0.54,0.0
-0.8826449158732541,-1.32,0.37,1.07,0.65,1.23,0.0
3.4234848201470935,2.72,0.15,-1.27,-0.19,-1.5,0.0
0.3571876951133035,1.19,-0.03,-0.91,0.14,-0.96,0.0
3.279284829886442,1.45,-0.91,0.45,0.49,-1.23,0.0
-0.6153404032709586,-0.2,0.17,-0.24,0.22,0.36,0.01
-0.9287109986543474,-0.5,0.56,-1.41,-2.23,-0.52,0.01
3.8247514140240524,1.67,0.27,-1.95,-1.54,-0.85,0.01
-0.1926387838104504,-0.05,0.41,-1.65,-1.31,-0.94,0.01
-0.13888067721149477,-0.04,0.95,-0.05,-1.27,-0.21,0.01
-0.2903079281368681,0.0,0.96,-0.09,-0.54,0.22,0.01
0.030319829027036782,-0.67,-1.35,2.1,0.86,1.29,0.01
2.619471377565863,2.35,0.75,-1.62,-1.37,-1.45,0.01
-0.4431455856090061,-0.07,0.2,1.67,0.78,1.0,0.01
2.142552158422273,1.76,0.5,-0.79,-0.64,-0.59,0.01
0.6333252229096864,0.38,-0.02,-0.61,-0.19,-0.05,0.01
-0.09236785824279226,0.19,-0.14,0.7,1.04,0.52,0.01
0.8784538724069701,-0.92,-0.92,1.04,1.27,0.71,0.01
-0.22917819564657327,0.27,0.35,0.45,0.8,0.04,0.01
-1.5101671737261513,-1.49,-0.93,0.98,1.03,1.35,0.01
-2.302951262630104,-2.13,-0.05,0.34,0.15,0.21,0.01
-0.2028935618004546,-0.11,0.12,0.31,-0.36,-0.25,0.01
0.17939806600404395,0.39,0.52,-0.62,-1.45,-0.56,0.01
1.4922634967438952,1.45,0.12,-0.01,0.18,-0.39,0.01
-3.7699224685670996,-3.37,-0.27,1.66,0.16,0.89,0.01
-1.3690222204522207,-0.71,-0.39,0.44,0.26,0.44,0.01
-1.5305581429913673,-1.11,-0.39,-0.22,-0.25,0.12,0.01
-1.063513833851626,-0.75,0.24,-0.46,-0.66,-0.18,0.01
0.4707200039472559,0.0,-1.04,-0.28,0.56,0.55,0.01
-1.3611291888699029,-0.99,0.1,1.03,-0.05,0.26,0.01
-0.8215184195157765,-0.51,-0.54,-0.54,-0.2,-0.69,0.01
0.9253891622311938,1.92,0.41,-1.53,-1.35,-0.54,0.01
-0.961788975443012,0.78,-0.15,-0.18,-1.22,-1.06,0.01
1.8840004700810598,1.67,0.37,-0.51,-0.14,-0.52,0.01
3.8507798648486746,1.07,0.25,-0.17,-0.12,-0.15,0.01
-5.867935612022601,-4.29,0.06,1.41,-0.37,1.0,0.01
0.9555385007921746,0.44,-0.18,-0.32,-0.77,-0.52,0.01
-1.8930187335941318,-1.04,0.39,0.61,-0.32,0.25,0.01
-1.0959861798440884,-0.98,-0.75,0.86,1.71,0.95,0.01
2.5082924267049833,0.72,-0.09,0.68,0.63,-0.06,0.01
1.5665328013268143,-1.15,-0.29,0.03,-0.12,0.33,0.01
-2.026727773486825,-1.68,0.35,0.06,0.38,0.12,0.01
-0.637542972685412,-1.14,-1.13,0.44,1.14,1.02,0.01
-1.5123917329532999,-1.85,-0.45,-0.8,0.19,-0.18,0.01
0.2260215757525108,-1.02,-0.04,-0.75,0.16,-0.44,0.01
0.6566444656927573,-0.04,0.58,-0.97,-0.65,-0.92,0.01
-1.2651681138582838,2.14,0.9,-0.36,-0.87,-0.82,0.01
-4.9119228109405055,-2.16,-0.29,0.92,0.43,0.55,0.01
-3.003911991408992,-1.43,0.57,0.27,-0.66,-0.12,0.01
3.0752522651209757,2.56,0.0,0.7,0.89,0.43,0.01
2.5623021456112394,3.29,0.74,-0.09,-0.97,-0.39,0.01
0.20533324866274238,-0.21,-0.37,0.04,0.34,0.14,0.01
-0.662532032148877,-0.85,0.45,0.12,-0.13,-0.51,0.01
-3.6719098798180694,-2.9,-0.22,1.68,0.93,1.57,0.01
0.23556092904699621,-0.8,0.24,0.76,1.54,0.44,0.01
-1.0254916122708124,-0.7,0.62,0.33,0.57,0.61,0.01
-0.4604951615132302,-0.27,0.02,0.04,0.01,0.03,0.01
3.3612714996498205,2.41,-0.24,1.57,0.65,0.93,0.01
-3.2239815199594624,-2.45,-0.18,1.23,0.55,1.73,0.01
2.9122596474564055,2.74,0.35,-1.41,-0.97,-1.29,0.01
0.940958249805246,1.18,-0.13,-0.02,-0.41,0.02,0.01
0.07652110244782406,-0.87,-1.18,1.19,0.71,0.81,0.01
-0.3267077256768114,-0.8,-0.32,-0.45,-0.61,0.13,0.01
2.7058992574722884,2.3,-0.07,0.09,0.68,-0.3,0.01
1.4802841756248908,1.04,-0.61,0.47,1.14,0.54,0.01
1.9337655504955364,1.78,1.01,-1.53,-1.22,-1.34,0.01
-1.9627281067243763,-0.66,0.7,0.89,-0.72,0.69,0.01
-3.0465494455540143,-0.54,0.44,1.08,-0.3,0.47,0.01
7.5552865962777105,2.33,0.09,-0.34,0.39,0.66,0.01
-1.5410376882950327,-0.68,0.46,0.73,-0.22,0.44,0.01
-1.754279816458526,-0.35,0.45,0.8,0.01,0.53,0.01
-3.730505724005728,-2.67,-0.84,1.6,0.31,1.16,0.01
-4.240494142012341,-1.03,0.39,0.28,-0.04,0.04,0.01
-0.194737833409786,1.16,-0.25,1.28,2.33,0.65,0.01
0.39023560317839046,0.87,-0.33,0.6,1.1,1.01,0.01
0.4175180294156977,0.51,-0.53,-0.4,-0.16,0.05,0.01
-3.319017218975706,-2.24,-0.49,0.55,0.96,1.23,0.01
8.897445264569747,5.68,0.96,-3.09,-0.64,-2.92,0.01
1.9268799922381064,1.06,0.14,-1.05,-0.9,-1.22,0.01
-0.9485737663310734,-0.95,-0.23,0.35,0.57,0.54,0.01
1.1869634268480533,1.03,0.43,-0.73,-0.49,-0.54,0.01
-0.8331162872515341,-1.02,-1.07,0.58,1.16,0.95,0.01
1.2971545400981555,-0.42,-0.27,0.56,1.36,0.81,0.01
0.3781502976069717,0.4,-0.09,0.11,0.38,0.71,0.01
-2.168018212077827,-0.52,-0.2,0.99,0.5,1.14,0.01
1.4661429928417347,1.36,-0.38,0.44,0.78,-0.23,0.01
0.592620217796691,0.63,-0.25,-0.93,-0.73,-0.62,0.01
-1.9593714304052212,-0.03,0.28,0.43,-0.17,0.12,0.01
-2.626424372937075,-1.55,-0.48,-0.19,0.26,0.29,0.01
-2.114844897484003,-0.18,0.35,1.04,0.21,0.5,0.01
4.859408642498697,3.12,-0.15,-2.08,-0.77,-1.47,0.01
0.18914707820238963,-0.02,0.04,-0.69,-0.34,-0.36,0.02
-0.33713169138157584,-0.08,0.84,-0.56,-0.41,0.26,0.02
-0.7983309911055447,-2.02,-0.53,-0.54,0.87,1.1,0.02
-2.5369914093839263,-1.51,-0.03,1.14,0.86,0.77,0.02
-1.3784776658243514,-0.24,-0.18,-0.32,0.09,-0.16,0.02
1.2132709421939003,0.76,-0.1,-1.2,-0.56,-0.63,0.02
-0.34349395734030175,-0.8,-0.53,0.34,0.19,0.13,0.02
1.6389932855632727,1.41,-0.27,-0.16,-0.23,-0.13,0.02
0.6782502299657489,0.66,0.06,-0.77,-0.27,-0.54,0.02
-1.5535730295062722,-0.56,0.03,-0.45,-0.19,-0.07,0.02
-4.685458729115799,-2.57,-0.13,1.39,0.25,0.42,0.02
-1.4578601295333504,-1.02,0.54,0.17,-0.08,0.46,0.02
-1.590940548124331,-1.0,-0.6,1.25,0.73,1.2,0.02
-0.05287808798263294,0.13,0.25,0.25,-0.47,0.48,0.02
2.3809250635188794,1.53,0.14,-0.12,0.39,-0.28,0.02
-2.377253908039434,-1.52,0.22,0.38,-0.13,0.89,0.02
-0.2798161843816205,0.52,-0.35,1.16,0.86,0.53,0.02
-1.387841978493265,-0.5,-0.42,1.42,1.15,1.35,0.02
-3.068524392388039,-1.24,-0.3,-0.28,-0.93,-0.08,0.02
2.83245488865691,1.87,1.02,-1.06,-1.03,-0.9,0.02
0.2468844712965934,-0.22,0.14,-0.04,-0.54,-0.02,0.02
-3.740483818371043,-0.47,0.08,-0.1,0.27,0.53,0.02
1.0314413348196938,0.81,0.56,0.05,-0.69,0.0,0.02
-1.0604672314663222,-1.14,0.17,1.2,0.81,0.9,0.02
3.679402503226914,2.21,-0.01,0.03,0.82,0.18,0.02
0.4089011613275684,0.03,0.33,-1.23,-0.65,-1.16,0.02
0.4456281845991894,0.79,0.87,-0.56,-0.4,-0.5,0.02
2.1112320931163886,1.25,0.01,-0.83,-0.19,-1.07,0.02
-0.05995324876525432,0.45,1.4,-0.27,-1.1,-0.51,0.02
1.0119217969132288,0.46,0.24,-0.3,-0.14,-0.29,0.02
0.875640518442089,-0.18,-0.01,-0.55,-0.61,-0.43,0.02
-0.536975885079316,-1.55,0.02,-0.71,0.27,0.02,0.02
0.044367157993141504,-0.86,-0.1,0.84,0.53,0.7,0.02
1.9220562941649977,1.94,-0.04,-0.68,-0.17,-0.8,0.02
2.3500527234534108,1.28,-0.04,-0.99,-0.41,-1.04,0.02
1.0063286304007768,-0.16,-0.16,0.18,-0.19,0.38,0.02
-0.4701030990573396,0.0,0.13,0.69,0.06,0.21,0.02
1.480341508926153,1.08,-0.64,0.01,-0.2,-0.47,0.02
1.3684233403834956,0.34,0.33,-1.13,-0.6,-1.29,0.02
-2.0077838720921393,-1.38,0.03,0.74,0.35,0.93,0.02
0.9020654289343844,1.58,0.93,-0.06,-0.1,-0.55,0.02
0.7901112643776909,1.19,0.63,-1.65,-0.12,-1.14,0.02
3.7062369385256755,1.54,1.15,-2.07,-0.24,-1.76,0.02
2.4399722221138287,-1.08,0.4,0.98,1.01,1.05,0.02
-1.7928730199658571,-0.73,-0.8,0.43,-0.22,0.45,0.02
1.9244809509848526,1.25,-0.5,-0.04,0.3,-0.36,0.02
-1.7652737028562404,-1.18,-0.69,0.71,-0.29,-0.04,0.02
-0.691172542326568,-0.94,-0.61,0.21,0.31,0.38,0.02
0.24564528110968542,0.12,-0.3,1.5,0.54,0.91,0.02
1.8806695140866303,1.14,0.09,-0.73,0.49,-0.31,0.02
-0.42249566773565617,0.12,-0.05,-0.68,-0.61,-0.94,0.02
1.3903289531264962,0.5,0.72,-0.91,-1.19,-1.06,0.02
-1.0429196253542106,-1.37,0.22,0.97,0.81,0.92,0.02
-0.75466504155004,-0.28,0.66,-0.14,0.14,0.56,0.02
-2.667981755424509,-2.16,-1.13,0.88,0.38,0.83,0.02
0.2895903301431746,-0.04,0.44,-0.46,-0.35,-0.43,0.02
0.329040327432617,0.47,0.12,-0.23,0.2,-0.49,0.02
-1.8005051401671301,-1.08,-0.24,1.26,0.31,0.42,0.02
0.8247214024775573,0.31,0.05,-0.3,0.07,-0.45,0.02
-0.3447821239820903,-0.26,0.52,-0.69,-0.57,-0.18,0.02
-1.4245960862452,-0.41,0.39,0.62,0.15,0.73,0.02
0.41292799452352646,0.67,-0.51,-0.44,-0.12,0.16,0.02
3.509000092743486,1.61,-0.08,-0.54,-0.37,-0.77,0.02
1.853950659482595,-0.13,-1.57,-0.08,0.31,-0.12,0.02
-1.4496512775998838,-1.45,0.63,-0.67,-0.13,-0.12,0.02
0.8377111084632682,0.08,0.07,-0.39,0.43,-0.15,0.02
-1.4914522612358705,-2.02,-0.7,-0.76,1.06,0.74,0.02
-1.387868179429974,-1.68,-1.41,0.72,1.08,1.16,0.02
1.3266061909816385,-0.34,-1.17,-3.6,-1.09,-0.73,0.02
1.4089142295198087,1.72,0.01,-0.36,-0.15,-0.46,0.02
0.2621380221957903,-0.79,-0.5,-1.84,0.31,-0.44,0.02
1.8693905294375757,1.76,0.01,-0.16,0.13,-0.72,0.02
-0.5453913975400293,-1.21,-1.06,-1.63,0.27,-0.24,0.02
1.5483933022356178,0.84,-0.35,0.78,0.51,0.76,0.02
1.1944004342881342,1.48,0.47,0.73,-0.26,-1.21,0.02
-0.9103190791926674,-1.74,-0.8,-0.53,0.79,0.23,0.02
0.6969068572746151,0.21,-0.43,-1.54,0.15,-0.85,0.02
0.8305646385740273,0.46,0.18,0.71,0.3,0.38,0.02
-1.2293260975639875,0.27,0.5,1.03,-0.21,0.41,0.02
-0.3980174850199969,-0.17,-0.03,0.75,0.11,0.47,0.02
1.9790871652602515,1.39,-0.36,-0.54,-0.92,-0.57,0.02
0.9889776165282527,0.51,-0.62,-0.6,0.21,-0.07,0.02
1.5644163831602276,1.53,0.49,-0.76,-0.48,-0.82,0.02
0.770154997937178,0.28,-0.17,0.79,0.55,0.71,0.02
-0.3249432019497678,-0.72,-1.13,-0.72,-0.05,-0.01,0.02
-1.1290477549720457,-0.39,-1.0,1.4,0.79,1.29,0.02
0.549598798354678,0.34,-0.02,-0.51,-0.44,-0.16,0.02
-1.5972464008912945,0.2,0.85,0.26,-0.02,-0.13,0.02
-0.7590948207073955,0.06,0.69,0.55,0.05,0.13,0.02
-0.4353386829927697,-0.51,-0.43,0.37,0.48,0.44,0.02
3.4103710550012822,1.39,0.15,-1.19,-0.26,-0.75,0.02
-0.21139249551970218,-0.23,-0.76,0.2,0.72,0.13,0.02
0.012094462243417148,0.33,0.71,-0.2,-1.29,-0.33,0.02
0.7504773318499858,0.04,-0.4,-0.31,0.05,0.18,0.02
0.6968289900629365,-0.04,0.26,0.42,0.01,0.11,0.02
-0.5846358916562266,-0.61,0.14,-0.28,0.73,0.53,0.02
-0.978081671838027,0.08,0.09,-0.94,-0.64,-0.18,0.02
0.1878486901480736,0.0,-0.27,0.46,0.68,0.32,0.02
-0.9435720156171001,-1.76,-0.82,0.09,0.43,0.96,0.02
-0.006119290468264982,-0.41,-0.04,-0.74,0.02,-0.39,0.02
2.8395528678138104,1.85,-0.59,0.0,0.45,-0.25,0.02
0.7540757188812419,0.78,0.22,0.19,0.12,0.22,0.02
-0.05301867867099075,-0.02,0.19,-0.82,-0.39,0.24,0.02
-0.6191529509780747,-1.27,-0.74,-1.46,0.61,0.17,0.02
-0.6467396954622284,-0.57,0.88,-1.03,-0.93,-0.41,0.02
-0.9913264591760229,-0.78,-0.52,-1.04,-0.61,-0.32,0.02
4.692671517191527,1.91,0.5,0.69,0.26,-0.72,0.02
-0.04031850280692417,0.07,-0.38,-0.3,-0.54,-0.38,0.02
-0.9971110502994596,-0.43,0.11,-0.02,-0.4,-0.43,0.02
1.0420872068043652,0.43,0.2,-1.32,-0.13,-0.83,0.02
0.10946768497899217,-0.2,-0.52,-0.09,0.84,0.13,0.02
-0.5417642987954774,-0.22,-0.1,0.34,0.38,0.48,0.02
-0.2897195600930713,0.46,0.8,0.01,-0.65,-0.53,0.02
0.0,-0.72,-0.46,-0.48,0.79,-0.13,0.02
0.3603183618488437,1.31,0.85,1.22,-0.3,-0.31,0.02
1.366592375511333,0.99,-0.23,-0.38,0.19,-0.71,0.02
0.06284359180197541,-0.26,-0.38,-0.32,-0.02,0.14,0.02
-0.5480614219565916,0.17,1.12,-0.2,-1.26,-0.94,0.02
-1.5155167542255765,-1.1,0.6,1.09,0.18,0.24,0.02
0.16320819234909578,-0.72,-0.39,-0.2,-0.03,-0.07,0.02
0.6692495965314293,0.65,-1.04,-1.08,1.79,-1.32,0.02
1.4104767868458712,1.32,-0.3,-0.85,-0.23,-0.58,0.02
1.06594759529699,-0.01,-0.25,-0.42,-0.28,-0.98,0.02
-0.028187718708516663,-0.6,-0.26,-1.16,-1.11,0.11,0.02
1.6022474978306445,1.02,0.06,-0.06,0.03,-0.41,0.02
0.4775303301737477,1.62,1.72,1.66,0.36,0.71,0.02
-0.7571023258283183,-0.26,-1.11,-0.75,-0.65,-0.47,0.02
-0.20602335367078117,0.46,2.25,1.35,-0.19,-0.46,0.02
-0.7756389860884116,-0.36,1.88,2.28,0.76,1.39,0.02
1.5465116440654736,0.59,-0.78,-1.16,-0.15,-0.55,0.02
0.21598693318825024,0.03,-0.8,-0.41,0.09,-0.22,0.02
1.56386818516836,0.94,-0.26,-1.41,-0.29,-0.78,0.02
-0.26116758211169877,0.74,0.53,0.06,-0.5,-0.52,0.02
0.3491352709610762,-0.03,-1.05,-0.92,0.69,-0.26,0.02
1.1198692947094413,1.22,-0.37,0.09,0.11,-0.03,0.02
-0.5859857275108515,-0.45,-0.51,0.22,0.22,0.41,0.02
0.048673858671932635,-0.48,0.2,-0.69,-0.08,-0.56,0.02
-0.5675408979130214,-0.56,0.29,0.53,0.6,0.93,0.02
1.652532743176649,0.32,-0.96,-1.26,0.2,-0.55,0.02
-0.17111469342439012,-0.84,-0.6,0.07,0.23,0.1,0.02
-0.755323625149662,-0.48,0.0,1.29,0.61,0.81,0.02
1.5059142727625874,1.21,0.32,-0.51,0.25,-0.71,0.02
0.6327889878587234,0.03,0.48,-0.43,-0.64,-0.44,0.02
0.1796564876556772,0.44,0.76,0.78,0.6,0.48,0.02
2.310239626143984,1.14,-0.72,-0.78,-0.05,-0.33,0.02
-0.77846676157447,0.15,0.27,1.06,0.18,0.11,0.02
-0.5871468845401462,-0.29,-1.06,-0.26,-0.3,-0.01,0.02
0.2508754204161079,-0.94,-0.58,-0.69,0.57,0.05,0.02
-0.5891125058666846,-0.13,1.3,1.21,-0.23,0.18,0.02
-1.0855922063303103,0.36,1.24,-0.01,-1.03,0.54,0.02
-0.2809989764585463,0.76,0.18,0.48,-0.21,0.28,0.02
0.8985494798361859,0.74,0.37,0.46,-0.3,-0.44,0.02
0.4057501825009302,0.9,-0.07,-0.1,-0.16,-0.67,0.02
0.07874387830175689,-0.25,-0.69,-1.52,0.43,-0.55,0.02
1.7305487195377944,0.48,0.64,-0.27,-0.4,-0.05,0.02
-0.13403545108708892,0.78,0.44,1.08,0.64,-0.45,0.02
0.707173617389012,0.25,0.27,1.32,0.17,0.17,0.02
-1.0097502297207517,-0.81,-0.35,0.65,0.43,1.47,0.02
-0.6161372149388944,-0.05,-0.37,-0.36,-0.14,0.11,0.02
0.421986591696899,0.31,-0.03,0.76,0.96,-0.23,0.02
0.45136578352018564,0.25,-0.24,-0.78,0.42,-0.4,0.02
0.45449839346225485,0.01,0.87,1.02,-0.34,0.66,0.02
-0.6580816488773178,-0.74,-0.81,0.28,0.36,0.15,0.02
1.3507713212373096,1.13,0.43,-0.34,-0.72,-0.38,0.02
0.3166010712149392,0.25,1.0,-0.09,-0.94,0.06,0.02
-0.4275817718987329,-0.34,-0.11,0.31,0.2,-0.28,0.02
-1.549004081952987,-1.49,-0.05,0.57,0.68,0.66,0.02
-0.7321670904453681,-0.19,0.02,0.08,0.3,-0.34,0.02
-4.802007713523548,-0.48,0.06,0.76,-0.18,-0.65,0.02
-1.725352187378404,0.77,-1.09,0.6,0.64,-0.09,0.02
0.5311582134929438,-0.47,0.09,0.15,0.47,0.02,0.02
-0.8954348515678445,-0.78,-0.01,-0.04,0.88,0.01,0.02
-0.12347234820900832,0.01,-0.45,-0.67,-0.04,-0.05,0.02
0.033756929282269255,-0.11,0.24,0.45,-0.21,0.37,0.02
0.9393317689515124,0.51,-0.85,-0.77,0.1,-0.63,0.02
-1.120041362248747,-1.18,0.0,-1.03,0.2,0.04,0.02
-0.4959147030535016,-0.81,-0.47,-0.14,0.38,0.02,0.02
-1.4555199181995548,-0.87,-0.18,0.49,0.5,0.2,0.02
0.2816326877932429,0.04,0.41,-0.22,0.07,-0.12,0.02
0.7736605392023588,0.64,-0.88,-0.59,0.2,-0.86,0.02
0.7904908834010183,-0.32,-0.01,-1.04,-0.34,-0.22,0.02
2.194890829378915,1.08,-0.22,-0.12,-0.39,-0.24,0.02
-2.617045089058423,-1.42,0.01,0.61,0.52,0.39,0.02
1.264319873242714,0.65,-0.23,-0.57,-0.36,-0.17,0.02
0.8846073672406751,0.63,0.08,0.41,0.25,0.04,0.02
2.1810123220275868,1.5,-0.08,-0.12,-0.05,-0.43,0.02
1.9172348165962694,0.41,0.09,-0.46,-0.41,-0.03,0.02
0.11724580119896189,-0.08,-0.2,0.22,0.04,-0.24,0.02
0.8463172025444443,0.26,0.85,0.58,0.0,-0.21,0.02
0.1266759263314432,-0.54,-1.57,-0.87,-0.3,-0.49,0.02
-3.5793175796767884,-0.71,0.01,-0.18,-0.45,0.1,0.02
-2.9249409267013804,-0.4,-0.69,0.02,-0.19,0.01,0.02
0.3491671428142107,0.12,-0.51,0.4,0.29,0.01,0.02
0.6622587065090002,0.66,-0.47,-0.52,-0.51,-0.35,0.02
-1.7060694825846379,-0.59,0.2,1.01,0.25,0.21,0.02
-1.1854594788380468,0.03,-0.87,-0.2,0.27,-0.36,0.02
0.8782387488497356,0.83,0.49,0.86,0.8,0.02,0.02
-0.4153921520616777,-1.21,0.21,0.25,-0.34,0.47,0.02
1.6913420594786288,-0.04,-0.82,-0.18,0.17,-0.03,0.02
0.6180799544367455,-0.26,-0.11,0.0,0.32,0.3,0.02
-1.9992088157187449,-0.95,-0.05,0.26,0.28,0.49,0.02
-0.8889532607872175,-1.68,0.34,0.38,0.56,0.12,0.02
0.4944499412885106,-0.25,-0.1,-0.5,0.19,-0.17,0.02
0.7380257440744886,0.39,-0.07,0.33,0.58,-0.47,0.02
-2.3398342305373854,-1.46,0.36,-0.5,-0.35,-0.06,0.02
-0.8897480045874873,0.13,0.77,0.1,0.18,-0.26,0.02
0.15255767586008773,0.65,0.19,0.03,0.42,-0.03,0.02
0.30464154808325095,-0.27,-0.02,0.32,-0.17,-0.16,0.02
1.4835660789022764,-0.14,-1.27,-1.05,0.88,-0.52,0.02
-0.7769822719046471,-1.49,-0.26,-0.14,0.29,0.15,0.02
0.7308388628818996,0.77,-0.53,-0.37,-0.39,-0.32,0.02
0.7198168329977772,-0.15,0.28,0.1,-0.45,-0.12,0.02
1.475056387518281,1.21,-0.45,-0.56,-0.33,-0.51,0.02
0.8451076776931021,0.59,-0.16,0.25,0.84,-0.39,0.02
-0.33521018407521863,0.6,0.32,0.63,-0.23,0.2,0.02
0.7903960055173798,0.33,-0.65,0.38,0.62,-0.25,0.02
0.5061257835329513,-0.81,-1.49,0.11,1.2,-0.21,0.02
-1.0292762250233123,-0.59,-0.35,0.06,0.09,0.45,0.02
-0.07269635972332322,1.13,0.58,-0.1,-0.34,-0.02,0.02
-0.8784622449105495,0.09,1.04,0.7,-0.09,0.32,0.02
-0.7394944521374125,-1.46,-0.6,-0.18,0.87,0.45,0.02
-0.21610352830804258,-0.92,-0.54,-0.22,-0.06,-0.01,0.02
-1.4704063568908854,-1.32,0.08,-0.15,0.19,0.38,0.02
0.06940789180218676,-0.23,-0.58,-0.78,0.17,-0.44,0.02
0.2543398877406178,0.74,0.08,-0.58,-0.98,0.16,0.02
-1.3491816971708204,-1.57,-0.02,0.85,1.49,0.19,0.02
-2.4605523429178877,-1.15,1.19,1.68,-0.73,0.5,0.02
0.7969338829701078,-0.52,-0.58,-0.59,0.45,-0.97,0.02
1.2305266473982224,1.15,-0.34,0.29,-0.18,0.17,0.02
0.28189044112991724,0.63,0.06,-0.06,-0.81,0.06,0.02
1.8738575650048217,0.93,-0.69,-0.02,0.14,-0.7,0.02
2.069332607077512,1.94,0.71,1.63,-0.21,0.53,0.02
-0.5181275594561607,1.1,1.74,0.61,-1.18,0.18,0.02
1.4605272520667123,0.01,-1.24,-0.64,0.84,-0.19,0.02
1.4450791196522594,0.35,-0.39,-1.22,-1.26,-0.06,0.02
0.588476451314146,-0.03,-1.01,-0.46,0.41,0.05,0.02
-0.26244461496051086,-0.89,-1.02,0.49,0.53,-0.28,0.02
2.3220005073137706,1.49,-0.62,-0.44,0.73,-0.35,0.02
-0.8583642045368656,-0.05,0.06,-0.26,-0.3,-0.18,0.02
1.4285682136821132,2.18,3.23,1.19,-0.96,-0.25,0.02
0.3041052274593392,0.18,0.13,0.49,-0.12,0.5,0.02
0.904208124592909,-0.11,-1.5,-0.3,-0.48,-0.36,0.02
-0.01054681115663092,0.25,1.21,0.63,0.03,0.35,0.02
0.927827517494606,0.73,-0.11,-0.29,-0.3,-0.3,0.02
-0.4230988189051321,-0.32,-0.95,-0.61,0.42,-0.03,0.02
0.3514694113507577,0.47,0.18,-0.04,-0.37,0.0,0.02
-0.7004446557098643,0.11,0.62,0.18,-0.51,0.24,0.02
-0.09475896261513794,-0.23,-0.14,-0.09,0.13,-0.24,0.02
0.32140016918102976,0.05,-0.3,0.04,-0.15,0.01,0.02
-0.5409538614546738,0.01,0.58,0.69,-0.75,-0.05,0.02
0.3062846925001139,0.35,-0.41,0.01,-0.13,0.18,0.02
0.6791219662506842,0.81,2.24,1.07,-0.36,0.57,0.02
-0.9464595657969643,-0.44,1.5,0.51,-0.43,0.77,0.02
2.1063169587372643,-0.21,-1.06,-0.83,0.2,-0.43,0.02
-0.5686934242100317,-0.4,0.36,0.32,-0.23,0.24,0.02
1.0139301974824821,0.81,0.11,0.47,0.08,-0.2,0.02
0.7412368949160086,0.44,0.15,0.52,-0.12,-0.12,0.02
-1.2927221476121131,0.36,-0.44,-0.12,0.04,0.68,0.02
0.7919914538596418,0.34,-0.64,-0.88,-0.37,-0.21,0.02
1.6691543130789244,1.54,1.93,1.35,-0.96,0.15,0.02
0.07576174910124411,0.5,1.83,2.03,0.05,0.42,0.02
-0.2725653635564318,-0.06,-0.59,-0.57,0.11,-0.34,0.02
-0.8503359993114246,0.42,-0.51,-0.36,0.33,-0.25,0.02
0.5360150045514933,0.71,1.5,0.69,-0.38,0.06,0.02
-1.0713903038578998,-1.55,-0.34,0.13,0.75,0.06,0.02
-0.07699469749321564,1.09,0.75,-0.04,-0.6,-0.18,0.02
-0.5547510029128455,0.2,0.61,0.1,-0.64,0.2,0.02
-0.2840783421650728,0.48,0.82,0.44,-0.32,-0.15,0.02
0.051789775161692475,0.16,0.16,0.11,-0.32,-0.14,0.02
0.22261823962370642,-0.01,-0.39,0.03,-0.31,0.16,0.02
-0.5424033493931835,-0.43,-1.13,-0.37,0.67,-0.08,0.02
-3.578658230770737,-0.7,-0.26,0.78,0.68,0.62,0.02
-0.7487544061154261,-1.01,-1.93,-0.11,0.36,-0.19,0.02
-1.2700257422625483,-0.33,0.24,0.09,-0.44,0.24,0.02
-0.4012999021178465,0.15,-0.6,0.63,0.09,-0.17,0.02
2.417483838355161,1.49,0.55,-1.27,-0.97,-0.44,0.02
-0.2263368541841837,-0.21,-0.75,-0.89,-0.3,-0.17,0.02
0.5671382294295313,0.51,-0.3,-0.44,0.24,-0.19,0.02
-0.32226201378391384,-0.14,-0.66,-0.52,0.45,-0.12,0.02
0.1778233692573794,-0.01,-0.22,-0.49,0.12,-0.25,0.02
-1.2317093771315069,-0.47,-0.88,-0.61,0.16,-0.25,0.02
-0.5173552826136296,-0.59,-0.16,-0.25,0.26,-0.24,0.02
3.2570692851920935,0.87,-0.27,-0.35,0.7,-0.2,0.02
1.5532970418577374,1.19,-0.38,0.67,-0.03,-0.24,0.02
1.2163428582915303,0.38,1.83,0.58,-0.44,0.09,0.02
0.6653136739202647,0.22,-0.69,-0.55,-0.15,0.22,0.02
-0.34839199264247167,-0.01,-0.78,0.05,0.26,-0.38,0.02
-0.1696693858380227,0.46,0.2,0.57,-0.18,0.55,0.02
-0.9012718789370711,-0.02,0.34,-0.27,0.2,-0.03,0.02
-0.3585923315817974,0.85,0.89,-0.59,-1.1,-0.32,0.02
-1.9245863199048974,-0.12,-0.97,0.85,0.96,0.13,0.02
-1.9357645942495894,-1.74,-0.89,-0.29,-0.21,0.36,0.02
1.3340710684864199,1.22,0.33,-1.35,-0.07,-0.28,0.02
-0.5405025335721403,0.99,-1.57,-0.51,-0.17,-1.41,0.02
0.9846495711846925,-0.41,-0.94,-0.66,0.07,-0.13,0.02
0.8631873811831836,0.27,0.76,-0.47,-0.73,0.59,0.02
0.05810461776705189,0.77,-1.03,-0.61,0.63,-0.82,0.02
-0.5754635952288312,0.21,1.41,0.01,-0.52,-0.2,0.02
0.40938054977817107,0.65,0.84,-0.42,-0.33,-0.42,0.02
-0.900195815866478,0.04,1.65,1.11,-0.04,0.44,0.02
-1.1274211072366702,-1.6,-2.53,-0.65,0.75,-0.05,0.02
-0.4809763483174967,1.14,1.37,-0.22,-1.56,-0.18,0.02
-0.15748316967539866,0.67,1.22,1.04,-0.21,0.26,0.02
-0.8430339113672858,-0.53,-0.66,-0.17,0.06,0.19,0.02
-0.4113932168173462,-0.73,-0.7,0.33,0.38,0.53,0.02
0.418616934790661,-0.02,-0.66,0.14,0.87,0.2,0.02
1.1243735573974956,2.02,-1.56,-1.29,0.38,-1.17,0.02
-1.0034039757522484,0.02,0.32,0.0,0.07,-0.11,0.02
-0.7451341121720634,-0.26,0.98,-0.12,-0.75,0.0,0.02
0.8114340205673365,0.26,1.25,-0.44,-1.11,0.67,0.02
-0.662534083367472,-0.26,-0.9,-0.01,-0.06,0.54,0.02
-0.36931023000530416,0.53,-0.17,0.98,0.28,-0.72,0.02
-0.6030494350406257,0.76,0.0,-0.55,-0.25,-0.13,0.02
-2.538110096767454,-0.18,-0.61,0.34,-0.21,0.24,0.02
-2.8441110750518694,-1.07,0.03,1.17,0.94,0.58,0.02
-0.5878049197329482,0.53,-0.25,-0.03,-1.09,-0.03,0.02
-0.07096748548518494,1.02,-0.49,0.03,0.34,-0.73,0.02
1.0236697458985144,-0.66,0.61,0.57,-0.39,0.54,0.02
1.1831678819292035,-0.2,-0.62,0.4,0.46,0.62,0.02
0.27785154025854464,1.04,-1.17,-0.69,0.52,-0.75,0.02
-1.21224338287923,-0.14,0.34,-0.02,-0.06,0.17,0.02
1.0927121659267014,-0.42,-1.47,-1.04,1.06,-0.09,0.02
-0.219651665998577,-0.58,0.95,0.79,-0.12,0.4,0.02
0.6372442516838106,0.53,-1.02,-0.25,0.21,-0.13,0.02
1.3585036049097887,0.54,0.46,-0.27,0.45,0.05,0.02
1.4709328138948319,1.02,1.04,1.01,-0.22,-0.06,0.02
-4.085746767078458,0.42,0.35,0.95,0.24,0.06,0.02
0.531012932640218,-0.23,-0.98,-0.53,0.28,-0.37,0.02
-0.8300336140531606,-0.27,-0.1,0.86,-0.2,-0.18,0.02
-0.667265249731952,-0.26,0.09,-0.13,-0.5,0.23,0.02
2.121278593778886,0.88,1.29,0.91,-0.2,0.58,0.02
-1.0559337881592468,0.11,0.46,0.48,-0.01,0.09,0.02
-0.8455771635137443,-0.26,-0.9,-0.28,0.35,-0.32,0.02
-0.6998602450881575,-0.85,-1.03,0.03,0.29,0.05,0.02
0.4797292458539326,0.17,0.32,-0.03,-0.01,-0.19,0.02
-0.4892358412541542,-1.22,0.21,0.15,-0.02,0.07,0.02
0.45018049044742714,1.06,-0.52,-0.68,-0.36,-0.58,0.02
-0.6663570903661875,0.01,0.53,0.14,-0.24,0.1,0.02
0.7242599504009517,0.13,0.31,-0.32,-0.14,0.07,0.02
-1.1139378685563806,-1.0,-1.57,-1.04,0.32,-0.44,0.02
4.327090846710324,0.73,0.05,-0.62,0.13,-0.53,0.02
0.8626808977098221,-1.53,-0.37,0.11,0.66,-0.24,0.02
-2.186357473712097,-1.29,-0.24,0.76,0.82,0.43,0.02
-1.9167212208764495,-0.23,-0.28,-0.83,0.0,-0.25,0.02
-0.8147552160545413,-0.64,-0.38,0.56,-0.31,0.53,0.02
-0.5714333329151722,-0.27,-0.09,0.87,0.0,0.28,0.02
-1.221249276952463,-0.82,1.25,1.9,-0.05,1.29,0.02
0.509092766948327,0.87,-0.12,0.54,-0.24,0.0,0.02
0.639151182296116,1.27,0.55,0.0,-0.28,-0.61,0.02
1.270248488126402,-0.01,-0.29,0.27,0.27,-0.01,0.02
0.5147230880982567,-0.47,-0.39,-0.2,0.38,-0.1,0.02
-0.3472892217286083,1.03,0.21,-1.07,0.01,-0.43,0.02
2.4808124907375495,0.33,0.34,-0.48,0.2,-0.11,0.02
-1.8270882312990122,-1.67,-0.27,-0.25,-0.59,0.62,0.02
-0.6047185331775617,-0.27,0.96,0.03,-1.37,0.09,0.02
2.203195920718315,1.01,0.72,-0.03,-0.01,-0.79,0.02
5.981620277279243,1.18,-0.05,-0.19,0.42,-0.53,0.02
-0.9106643307953521,1.08,-0.02,-0.06,-0.25,-0.69,0.02
0.3797179015914809,0.05,0.01,-0.6,0.15,0.24,0.02
0.18639554566850514,-0.09,-0.4,0.58,0.7,0.15,0.02
1.0014357936901641,0.52,0.52,0.37,0.04,0.06,0.02
-0.6890254178451016,0.09,-0.9,0.01,0.54,-0.06,0.02
1.7645430683358887,-0.04,0.26,-0.26,0.18,0.24,0.02
0.617358733182094,0.56,0.52,0.02,-0.17,-0.03,0.02
1.221789381919569,1.15,-0.46,-0.22,-0.43,-0.37,0.02
0.0632408481140434,-0.25,-0.21,-0.01,-0.02,0.38,0.02
0.015796173684434756,0.11,-0.22,0.4,-0.17,-0.11,0.02
0.6162285714285787,0.14,0.16,-0.88,0.16,-0.65,0.02
0.6857122454784204,0.16,-0.43,0.18,0.39,-0.3,0.02
-0.7538250922923706,-0.35,-0.4,-0.37,-0.44,-0.05,0.02
-2.105827066580046,-0.84,-0.69,-0.64,1.22,-0.63,0.02
1.6588181667597457,0.71,0.16,0.15,0.28,-0.38,0.02
0.005272292904012765,-0.04,0.13,-0.88,0.08,-1.12,0.02
0.1578936133258324,-0.77,-0.39,-0.62,0.5,-0.02,0.02
0.525514634025237,-0.53,1.36,1.0,0.3,1.06,0.02
0.5018547907376547,0.68,-0.01,0.78,0.95,0.78,0.02
0.9258848617889059,0.05,-0.31,-0.57,0.39,-0.44,0.02
0.16492260157763283,-0.06,-1.28,-0.76,-0.22,-0.12,0.02
0.7820885579215675,1.23,0.33,-0.61,-0.44,-0.68,0.02
-0.7096504540139326,-0.06,-0.57,-0.07,-0.01,-0.17,0.02
1.2391998741810628,-0.23,-0.95,0.07,0.33,0.19,0.02
-1.9147829703265562,0.27,-0.15,-0.28,-0.22,-0.43,0.02
7.264919938302117,0.2,-0.19,-1.06,0.27,-0.21,0.02
2.8578414526395868,0.94,0.73,0.09,0.1,-0.34,0.02
0.5491163919822961,0.05,-1.02,-0.63,1.02,-0.03,0.02
-0.8168315500496126,-0.16,-1.48,-0.64,0.13,0.07,0.02
1.9671406516663659,0.78,-0.33,0.52,0.83,0.23,0.02
-1.098448492199977,0.2,-0.45,0.37,0.26,-0.1,0.02
-2.1512916115879466,-0.3,-0.35,0.25,-0.61,0.32,0.02
-1.0444442132493292,-0.13,0.44,-0.51,-0.79,0.16,0.02
0.3132679037704422,-0.26,0.62,1.09,0.04,0.64,0.02
0.44681968864481725,0.31,-0.83,-1.21,0.09,-1.2,0.02
1.9993195769326455,0.16,-0.01,-0.21,0.43,-0.28,0.02
0.3986018283195891,0.14,0.53,-0.39,-0.96,-0.11,0.02
-1.6254105556002707,-0.35,1.01,1.27,-0.17,0.71,0.02
2.9104508910418048,0.23,-1.06,-0.48,0.48,-0.34,0.02
1.6239873556782358,0.57,-0.47,0.4,0.48,-0.61,0.02
0.5811038043050054,0.48,-0.29,-0.69,-0.01,0.58,0.02
2.162042221536531,0.48,-0.8,-1.43,-0.34,-1.03,0.02
0.6538906630195962,0.1,0.52,-0.19,-0.32,0.47,0.02
0.37748597576889864,0.0,-0.61,0.5,-0.47,0.67,0.02
1.8803520432738141,0.97,-0.13,0.41,0.2,0.18,0.02
-2.3220685430085486,-0.6,4.21,1.76,-1.03,-0.09,0.02
1.3050735488595366,0.58,0.63,-0.47,-0.47,0.13,0.02
1.6743338861514578,0.38,1.16,0.57,-0.26,-0.37,0.02
0.17918460779313694,0.82,2.77,1.34,-0.61,0.05,0.02
-2.5295990990587436,-1.49,0.5,2.46,0.77,-0.12,0.02
-2.053482692336206,-0.95,-1.13,0.03,0.98,0.4,0.02
0.05798771129246205,-0.68,0.08,-0.13,-0.11,-0.49,0.02
-0.15602132672714042,1.08,0.53,-0.55,-0.34,0.69,0.02
0.46882969823633935,-0.07,1.15,0.01,-0.43,-0.17,0.02
-2.875438253442242,-2.4,0.04,1.73,0.13,0.05,0.02
-0.4804501625483404,-0.3,1.65,0.67,-0.13,0.14,0.02
0.21610804908009928,1.1,0.55,-0.17,0.07,0.13,0.02
0.12846189331516822,-0.02,-0.99,-0.48,0.65,-0.22,0.02
0.2565871216789972,-0.49,0.71,1.37,0.41,-1.05,0.02
1.499079307612372,1.52,-0.97,-1.34,0.5,1.4,0.02
-1.675063497640339,-1.61,-1.23,-0.65,0.88,-0.93,0.02
0.6869402003010894,-2.11,-1.19,-0.76,0.91,0.8,0.02
-4.816699695951698,-3.02,-0.34,0.01,-0.09,-0.16,0.02
-0.974820656695774,1.0,-0.04,-0.57,-0.11,0.27,0.02
1.249825233223767,-0.83,-0.46,0.72,0.68,-0.89,0.02
1.6633328452189122,2.38,0.09,-0.81,-0.55,0.07,0.02
1.373587000469123,0.43,-0.76,-0.34,0.23,-0.16,0.02
0.712991557273468,-0.08,-0.87,-0.59,0.09,0.4,0.02
1.7193035992630668,1.69,0.16,-0.74,-0.48,1.07,0.02
0.20337037541482417,0.3,-1.09,0.25,0.14,0.37,0.02
1.3530531051906713,1.77,0.96,-0.75,-0.45,0.42,0.02
0.591860785810483,0.22,0.04,0.77,-0.24,0.51,0.02
-0.07079384823248658,0.98,0.22,-0.26,-1.03,0.48,0.02
0.2744704072942694,-0.31,-0.75,-0.65,0.37,-0.65,0.02
-0.048552035628957046,0.51,0.85,-0.64,-0.42,0.19,0.02
-0.8259753163735506,-0.96,-0.24,1.37,0.51,-0.24,0.02
1.0288093967598666,1.29,1.89,0.84,-0.49,0.71,0.02
0.14988850697841283,-0.34,0.33,0.19,0.14,-0.05,0.02
0.3741536895347064,0.05,-0.88,0.02,0.28,0.24,0.02
-0.6753523088662838,-0.66,-0.21,1.15,0.56,-0.18,0.02
1.4570216255507695,0.07,0.67,0.3,-0.13,-1.21,0.02
-0.3437875244453714,0.98,-0.56,0.05,-0.18,-0.14,0.02
-2.720528446091497,-2.26,-0.73,1.38,0.63,-0.81,0.02
-0.8618759794044917,-0.22,0.12,-0.58,-0.27,-0.07,0.02
0.6927784195030373,-0.31,-0.06,-0.69,-0.25,0.01,0.02
-0.7014950110865392,-1.82,-0.08,0.18,0.33,-0.05,0.02
0.0407416721568854,1.09,-1.06,-0.73,-1.08,0.37,0.02
-0.36212882906397903,0.4,-0.28,-0.83,-0.08,-0.17,0.02
1.1585148211148422,1.04,-0.65,-1.64,-0.17,0.58,0.02
0.04939843212352635,0.8,0.46,-0.52,0.39,-0.07,0.02
-0.12120335451429876,0.7,1.9,0.02,-0.3,0.3,0.02
-2.7775222249363685,0.16,0.0,0.91,0.37,-0.45,0.02
0.21725978156696968,0.08,0.77,0.55,0.39,-0.32,0.02
1.798976036090516,-0.25,0.26,0.27,0.05,-0.37,0.02
3.7065547078794836,1.77,0.33,-0.2,-0.2,-0.04,0.02
-0.2927333383796249,-0.26,-0.78,-0.63,0.23,-0.35,0.02
-0.7581084480445699,0.21,-0.81,-0.11,0.45,-0.24,0.02
0.3974015365397765,0.24,-0.12,-0.58,-0.28,0.81,0.02
-0.43981020315939645,-0.29,-0.92,-0.7,-0.05,0.15,0.02
0.508020446085955,0.43,0.22,0.43,-0.51,0.55,0.02
0.11866621200995464,-0.09,0.7,0.56,0.12,-0.06,0.02
2.287203166555729,0.36,-0.09,0.15,0.4,-0.02,0.02
-2.9141623473304734,-0.97,-0.65,-0.03,0.79,-0.59,0.02
0.25197509715992883,0.0,-0.27,-0.18,-0.5,0.4,0.02
-0.4894689310477318,-0.23,-0.66,0.19,0.46,0.32,0.02
0.5007295974498671,1.03,0.48,0.28,-0.54,-0.17,0.02
-2.2530812974306924,-0.97,-0.19,0.29,0.08,0.77,0.02
1.8404114742845756,0.87,-0.75,-1.14,-0.32,0.21,0.02
1.6698409013149451,0.69,-0.47,0.18,0.15,-0.23,0.02
-0.2178228332397114,-0.2,-0.38,0.09,0.12,0.15,0.02
-0.6505536982152504,0.75,1.27,0.76,-0.98,0.0,0.02
1.647992097783968,0.7,-0.12,-0.32,-0.11,0.47,0.02
1.1024673995529977,-0.72,0.98,0.51,-0.27,-0.45,0.02
-0.8851938916621505,0.52,1.04,0.54,-0.33,0.66,0.02
0.15964993664647764,-0.05,-0.09,0.16,0.28,0.07,0.02
1.2276458027271842,0.36,-0.44,-0.75,-0.58,0.13,0.02
0.6297907594949637,-0.29,-1.37,-1.2,-0.17,0.43,0.02
-0.2621726248797973,-0.11,-0.26,0.57,0.11,-0.32,0.02
-2.1623055015426607,-0.97,-0.02,1.09,0.27,-0.09,0.02
-0.08232895247463068,0.29,0.08,-0.29,-0.02,-0.34,0.02
0.3643068104762781,-0.08,-0.27,-0.82,0.07,-0.32,0.02
0.8599404329156624,0.38,1.34,0.63,-0.59,-0.09,0.02
0.11568326033772891,0.15,-0.22,-1.08,-0.31,-0.13,0.02
-1.5277946143489762,-0.32,0.17,0.75,0.41,-0.11,0.02
-1.8209402324973478,-1.8,-0.01,0.64,0.42,0.19,0.02
-1.3279644557518067,0.47,0.33,-1.07,-0.37,0.17,0.02
-0.4037620206522097,-0.27,0.69,-0.55,0.18,0.37,0.02
0.6486215996162725,1.3,0.66,-0.14,-0.4,-0.2,0.02
-0.32668445901625764,2.91,2.66,3.5,-0.11,-1.05,0.02
2.1372019082721128,0.66,-0.91,-2.76,-0.03,0.22,0.02
-0.11882199810369087,0.43,0.37,-0.51,-0.36,-0.76,0.02
-1.202850176884973,0.32,1.13,0.84,-0.87,-0.75,0.02
0.0,-0.38,-1.34,0.14,0.58,0.49,0.02
0.3969109521966496,-0.12,-0.96,0.18,0.37,0.15,0.02
1.3770441664275657,-0.71,-0.68,0.71,0.71,0.16,0.02
-1.4109206721477752,-1.38,-0.38,1.65,0.17,-0.3,0.02
1.3422317237938186,0.41,-0.36,-0.03,-0.11,-0.55,0.02
0.1140140403776968,0.49,0.25,-1.64,-0.93,0.55,0.02
0.31541242415411563,0.04,0.06,-0.11,0.05,-0.07,0.02
-0.20960264585940802,0.65,0.9,0.29,-0.38,0.64,0.02
0.5907427255164244,0.53,1.4,0.42,-0.68,-0.63,0.02
1.3050869337808635,0.41,1.29,0.23,0.07,-0.46,0.02
0.9404478677360828,0.42,-1.07,-0.67,0.54,-0.35,0.02
-0.055315973998693035,-0.4,0.44,0.47,-0.6,0.1,0.02
1.021585952835946,0.54,-0.05,-0.64,-0.05,0.32,0.02
0.952263777938378,0.23,0.19,-0.65,0.52,-0.39,0.02
1.277180232325681,0.04,-0.78,-0.56,0.36,-0.14,0.02
0.14836351011882076,0.7,-0.19,-1.26,-1.09,-0.05,0.02
0.01233742556152606,-0.28,-0.96,0.48,0.54,-0.11,0.02
-0.08228350441831234,0.35,0.39,-1.06,-1.07,-0.7,0.02
1.6101070572768883,-0.73,0.44,0.13,0.7,-0.03,0.02
0.41337543410913113,-0.36,0.1,0.14,1.14,-0.71,0.02
-0.5165995504414322,0.87,-0.19,-0.58,-0.07,-0.38,0.02
0.596371995738143,-0.62,-0.78,0.41,0.35,0.14,0.02
0.06855351829144762,-0.05,-0.5,-0.3,0.32,-0.3,0.02
1.1727716775988828,0.46,0.41,-1.06,-1.11,-0.92,0.02
0.9719574629094341,-0.49,-0.54,-0.56,0.08,-0.06,0.02
-2.1421793232994757,-3.17,-1.27,0.09,1.06,0.76,0.02
0.7014639362892483,-0.12,-0.25,-0.01,0.27,0.16,0.02
1.8815844918160796,1.07,-0.26,0.07,-1.2,0.64,0.02
0.3065018209782222,0.61,-0.86,-0.2,0.29,0.66,0.02
1.1477986769947268,1.11,-0.12,-0.06,-0.11,-0.36,0.02
0.3175739949307754,0.01,1.07,-0.18,-0.42,0.36,0.02
-1.324219892839118,-1.17,-0.44,0.57,0.39,0.04,0.02
-1.3263385605023492,-1.09,0.25,0.74,0.55,0.14,0.02
-0.7057838809142902,-0.46,0.32,0.71,0.33,0.02,0.02
-2.623586744567752,-0.16,-0.02,-0.32,-0.64,0.61,0.02
-0.2009491230185234,1.34,0.29,-0.94,-1.26,0.37,0.02
0.6738979505805487,0.55,-0.61,-0.33,-0.4,0.55,0.02
-1.1387742814264357,-1.18,0.13,0.84,0.21,-1.05,0.02
0.20230342907097132,0.1,-0.59,-0.12,0.77,-0.02,0.02
-2.4103866786695516,-1.55,-0.82,-0.19,1.16,-0.51,0.02
-1.0344081799010807,0.12,-0.18,1.2,0.76,-0.25,0.02
-0.4778101960480563,0.17,0.77,1.65,0.42,-0.32,0.02
1.9675867749100462,1.91,0.26,0.09,-0.58,-0.28,0.02
-4.040019692168107,-0.19,0.15,0.17,-0.38,-0.28,0.02
0.7535239806619742,0.96,-0.59,0.09,-0.16,0.07,0.02
-3.1915857182855722,0.96,0.99,-1.02,-0.9,0.34,0.02
0.5344971924732489,0.54,-0.97,-1.22,0.05,0.38,0.02
-0.07593709102665658,0.48,-0.01,-0.26,-0.44,0.3,0.02
-0.3934678875542774,-0.27,0.06,0.68,0.05,-0.6,0.02
3.1780316097548944,-1.49,0.32,2.52,-0.13,-1.7,0.02
3.6543927124331743,0.92,-0.52,-1.65,-0.59,0.51,0.02
0.461673935352791,-0.42,0.22,0.49,0.41,-0.53,0.02
-0.7394627123805897,0.58,0.34,-0.02,-0.29,0.06,0.02
-0.66922600961139,-0.53,-0.38,-0.18,-0.39,-0.69,0.02
-3.3855931264941796,-0.82,-0.68,-0.25,-0.22,-0.41,0.02
2.1007914714474385,0.77,0.81,-0.11,-0.32,-0.32,0.02
-0.14175581931342718,0.39,0.49,0.3,-0.39,1.29,0.02
0.32262426829974267,0.29,-0.56,0.6,0.34,0.35,0.02
-2.3968731864698056,-0.98,-0.39,-0.02,-0.59,0.14,0.02
0.1187343922486539,0.66,-0.1,-1.1,-0.09,0.28,0.02
2.1831831975231752,-0.14,-0.44,1.3,1.49,0.18,0.02
1.8270085918334233,-0.31,-0.66,-0.65,-0.94,0.03,0.02
1.967323848251623,1.1,0.22,-0.17,-0.33,0.38,0.02
1.271070804775687,0.02,-0.18,0.47,-0.13,0.75,0.02
-0.05315020933958081,0.25,-0.08,0.28,-0.49,0.16,0.02
0.16361258388950528,0.09,-0.61,-0.07,0.47,0.17,0.02
0.392050052050541,-0.61,-0.54,-0.14,0.56,0.42,0.02
-0.11390267898004902,-1.9,-0.86,0.77,0.59,0.07,0.02
0.6312383382871323,-0.57,-0.51,1.19,0.79,-0.09,0.02
-0.02428315584860341,-0.58,0.15,0.7,1.49,-0.15,0.02
-2.704011939380868,0.02,-0.09,-0.33,-0.97,0.53,0.02
-1.273091938670523,-1.65,-0.24,2.13,0.28,-1.0,0.02
1.9131868844441513,1.59,-0.81,0.13,-0.47,0.34,0.02
-1.5754202507164528,-1.92,-0.93,1.07,0.43,-0.88,0.02
-0.8822443665799096,-1.27,0.35,-2.1,-0.21,0.25,0.02
-0.0805297297409524,1.16,0.16,-0.83,-0.71,-0.22,0.02
-0.17391268202556764,-1.92,0.41,0.92,1.55,-0.11,0.02
1.5892551933860855,0.47,-0.06,-0.33,0.56,0.75,0.02
-4.847960193409895,-2.9,-0.18,0.72,1.58,0.33,0.02
-2.9189374883390795,-0.63,0.79,-0.13,-1.19,-0.45,0.02
-1.7478726602313088,0.51,-0.44,-0.33,-1.41,0.49,0.02
-3.364369478238094,-1.49,-0.66,1.42,0.08,0.7,0.02
1.8170602211444509,2.21,0.21,0.08,-0.72,0.09,0.02
0.23888378897845008,0.72,0.33,0.14,-0.55,0.05,0.02
-0.6121382059509739,-1.13,0.1,1.03,0.37,-0.18,0.02
1.1989186652903827,1.2,0.44,-0.41,-0.02,-0.45,0.02
-0.5296311389961228,-0.24,-0.42,0.22,-0.13,0.17,0.02
1.9476821228993524,0.08,-0.44,-0.71,-0.07,-0.29,0.02
1.1270364087025753,1.93,0.56,-0.42,-0.56,-0.42,0.02
1.3681927390927884,0.12,-0.89,0.05,0.17,-0.68,0.02
-0.9921780290122029,-1.22,0.08,1.52,1.11,-0.14,0.02
1.0472734480756252,-0.42,0.23,0.3,0.29,-0.14,0.02
-2.6580409994609644,-2.07,-0.32,0.4,0.37,0.75,0.02
1.9412605542204586,0.39,-0.85,0.37,1.18,-0.11,0.02
0.4771951175297495,0.4,-0.44,0.03,0.67,-0.39,0.02
0.313635061160511,0.81,0.82,-0.11,-0.61,-0.4,0.02
-9.24561774953342,-5.13,-1.63,-0.5,0.06,-0.58,0.02
-7.288733474248376,-5.92,1.99,-0.24,1.28,-0.15,0.02
-3.673428915114274,-0.23,-0.74,-0.24,-0.66,0.16,0.02
-4.981818543870231,-1.67,-1.18,0.97,0.16,-0.3,0.02
15.328860338175065,9.65,-0.67,-3.06,-0.67,0.56,0.02
-4.239385731920353,-3.54,-0.72,-0.14,0.63,-0.53,0.02
4.059448555931056,1.76,-0.38,-1.01,-0.07,0.0,0.02
2.2054050996684893,0.79,0.16,0.36,-0.64,0.08,0.02
-0.18764476411762265,-0.14,0.11,0.45,-0.87,0.37,0.02
-3.89333647218012,-2.22,1.13,1.33,0.07,-0.67,0.02
1.3949632775603904,0.22,0.57,0.74,0.52,-0.29,0.02
-1.939280333250215,-2.4,0.19,0.69,-0.14,0.14,0.02
3.40650774735225,2.56,0.14,0.24,-0.26,-0.25,0.02
2.4331588268553084,1.75,-0.13,-0.66,-1.1,0.05,0.02
1.8426216744764412,2.14,-0.04,-0.94,-1.19,0.03,0.02
0.4367192781353557,0.64,-0.47,-1.15,0.01,-0.16,0.02
0.4109335285442661,0.08,0.32,0.14,-0.02,-0.17,0.02
0.5091876364272663,0.58,-0.07,-0.04,-0.32,-0.14,0.02
0.6107640854218666,0.03,-0.86,-0.6,-0.03,0.08,0.02
0.38588679064202047,0.59,0.25,-0.29,0.82,-0.35,0.02
-3.7361785374022682,1.56,0.72,0.29,-0.2,0.03,0.02
-3.145842645609831,-0.66,-0.15,-0.5,0.3,0.09,0.02
-0.19106952436467317,-0.81,-0.33,0.61,1.39,0.21,0.02
-1.1384769833375552,0.4,-0.32,-0.04,-0.36,0.61,0.02
0.6318494633554828,0.74,1.46,-0.07,-0.94,0.09,0.02
0.5266076204561099,-0.09,-0.15,0.57,0.42,-0.33,0.02
6.31462266329994,3.36,0.3,-1.42,0.21,0.14,0.02
1.0152256278603833,0.79,-0.3,-0.16,-0.25,0.55,0.02
-0.2817828490408347,0.08,-0.83,-0.87,0.1,0.25,0.02
-0.4144455183460405,0.3,0.13,0.44,0.32,0.65,0.02
-0.08985807760552023,0.74,0.03,-0.43,-0.49,-0.01,0.02
-1.173910308788051,0.01,-0.49,-0.07,0.16,-0.01,0.02
-0.9196227967492532,-0.37,0.41,-0.12,-0.46,0.02,0.02
-2.3059151208633444,-1.73,-1.06,-0.3,0.72,-0.45,0.02
-0.3612269777481525,-0.01,0.15,-0.42,-0.34,0.34,0.02
-3.024421041472658,-0.67,0.07,0.39,-0.33,-0.02,0.02
2.52982519087801,2.07,0.46,-0.28,0.12,0.39,0.02
0.10488493588676207,-0.62,-0.44,-0.23,-0.22,0.25,0.02
-0.2345059699954133,0.33,-0.11,0.34,0.11,0.72,0.02
0.4501165153201203,-0.02,-0.38,-0.21,0.12,-0.76,0.02
0.42319709002895944,0.38,-0.4,-0.64,-0.53,0.05,0.02
0.7783811173800448,0.66,0.94,-0.29,-0.28,0.45,0.02
-0.221371113762725,-0.02,0.0,-1.25,-0.27,0.22,0.02
-1.0797728543074703,-0.51,0.48,0.1,0.09,-0.08,0.02
1.6398234140678536,1.07,0.61,0.06,-0.43,0.03,0.02
-1.211253159956327,0.11,0.48,-0.06,-0.49,-0.05,0.02
0.6056021902935305,0.5,-0.11,0.3,0.3,-0.04,0.02
-1.919373183369144,-0.32,-0.22,0.2,-0.18,-0.03,0.02
0.21128663073402,0.3,-0.76,-0.01,0.54,-0.22,0.02
-1.3805194198080128,-1.15,-0.98,0.15,0.26,-0.85,0.02
1.0028022576847206,0.97,0.44,-0.36,-0.54,0.16,0.02
-1.4010737856372857,-0.88,-0.25,-0.05,0.42,-0.4,0.02
0.4804711390223426,0.03,0.35,0.37,-0.59,0.38,0.02
2.2484522595249246,-0.22,-0.04,0.45,0.0,0.41,0.02
0.24876265304227818,0.93,0.42,-0.11,-0.11,-0.1,0.02
-0.5955336870606232,1.17,0.25,-0.51,-1.06,0.3,0.02
0.6290573788700682,-0.07,-1.17,-0.06,-0.13,0.86,0.02
-0.2778400695995997,0.88,0.76,0.32,-0.37,-0.03,0.02
0.03980202448676806,0.46,-0.29,0.0,0.7,0.15,0.02
2.0340156705265455,0.49,-0.47,-0.12,-0.35,0.17,0.02
1.291615425542747,-0.1,1.45,2.34,0.87,1.53,0.02
2.2230762139012095,0.56,1.15,-0.06,-0.1,-0.11,0.02
0.5225067743489742,0.88,0.11,-0.32,-0.41,-0.34,0.02
-1.6857955249283796,-0.84,-0.81,-0.22,0.08,0.07,0.02
0.028578971805215403,-0.08,1.04,0.39,-0.31,0.32,0.02
0.538068961510163,0.63,0.48,-0.8,-0.62,-0.61,0.02
0.6014977043711456,0.24,0.25,0.64,0.55,0.71,0.02
-0.5884853456365136,-0.44,-0.97,0.35,0.48,-0.46,0.02
-1.202881464197092,0.21,0.21,-0.35,-0.82,-0.42,0.02
0.23488288655426626,-0.52,-1.34,-1.5,0.15,-0.45,0.02
0.502133715468478,0.38,0.48,-0.42,-0.79,-0.17,0.02
-0.06662490332220994,0.59,0.67,0.16,-0.44,-0.11,0.02
0.552328064027563,-0.02,-0.81,0.29,-0.13,0.07,0.02
0.6155827878369324,0.05,-0.11,0.24,0.25,0.0,0.02
0.90362347501034,0.08,1.01,1.1,0.15,0.92,0.02
-0.116607488069298,0.77,0.83,-0.4,0.09,-0.07,0.02
-0.18212004700021156,-0.03,-1.42,-0.67,0.24,-0.7,0.02
0.056146331546491623,0.4,-0.14,-0.06,-0.08,0.13,0.02
0.07948587409905006,0.04,-0.03,-0.39,0.29,-0.57,0.02
-1.2987668901023652,-0.37,-0.92,0.07,0.22,-0.04,0.02
-1.0507862911703691,-0.11,-0.73,-0.84,-0.4,-0.88,0.02
-0.7079609380583052,-0.34,-0.42,-0.77,0.41,-0.84,0.02
-2.5003594915492866,-1.74,-0.54,-0.04,0.11,0.3,0.02
0.4792936108565904,1.53,0.65,-1.04,-0.41,-0.29,0.02
-0.21146353111313188,-0.42,0.82,0.59,-0.33,0.16,0.02
5.0906796025055545,0.71,-0.46,-0.63,0.42,-0.59,0.02
3.1793629657992373,-0.14,-0.35,0.2,0.09,1.12,0.02
4.235791290787305,0.69,-0.41,0.08,0.92,-0.27,0.02
-0.8337431911761617,-0.24,0.18,0.02,0.21,-0.1,0.02
1.0872426196794072,1.25,1.67,0.85,-0.11,-0.03,0.02
1.6024457949132653,0.39,1.85,0.39,-0.74,0.91,0.02
-0.23571835446722922,-0.09,-1.05,0.56,0.32,-0.4,0.02
-0.5112168105708692,-0.28,-0.14,-0.75,-0.35,0.18,0.02
-0.3022532209291495,0.03,0.34,0.02,-0.16,-0.03,0.02
-0.1429256279357305,-0.7,-0.22,1.59,1.1,1.11,0.02
-1.9734624185850036,-0.28,-0.27,0.18,-0.31,0.14,0.02
-0.491125292837713,-0.38,0.41,-0.15,-0.35,-0.16,0.02
1.2716733406805902,1.7,2.25,1.17,-0.58,0.2,0.02
-0.2634317288807808,-0.48,-0.5,0.45,0.47,-0.03,0.02
0.9464698502091418,0.43,0.25,0.13,-0.47,-0.46,0.02
0.5145899965005141,0.24,0.48,0.27,0.08,0.12,0.02
0.8980857430412437,0.35,-0.35,-0.52,-0.62,-0.46,0.02
-0.18060207961333452,-0.68,0.22,0.85,0.05,0.55,0.02
-1.0424709383172859,-0.61,-0.04,0.1,-0.13,0.09,0.02
3.8089871578786294,0.44,-0.34,-0.51,0.52,-0.32,0.02
0.5493288226302795,0.87,0.34,0.34,0.7,0.03,0.02
-0.037531045761318715,-0.22,0.68,-0.52,-0.62,0.25,0.02
-0.7551402650500583,0.26,-0.1,-0.63,-0.41,-0.11,0.02
-1.4839412310012845,0.21,-0.76,-0.22,-0.31,-0.52,0.02
-3.225948363240483,0.36,-0.73,0.31,0.71,-0.53,0.02
1.4286344459361944,0.87,0.8,0.08,-0.03,0.71,0.02
1.7562991653877091,-0.16,-1.1,0.04,-0.04,-0.63,0.02
1.1235905200573493,0.51,-0.1,-0.66,0.07,-0.49,0.02
0.6125886829152938,-0.09,0.0,-0.07,-0.2,0.08,0.02
0.3527257682534479,-0.1,-0.15,0.57,-0.46,0.33,0.02
-0.4644576907643083,0.6,1.46,0.52,-1.54,-0.18,0.02
3.2032913063739565,0.38,-1.47,-0.76,0.12,-0.36,0.02
4.309570046510092,0.43,0.49,-1.15,-0.04,-0.54,0.02
-0.644325892472386,-0.61,-0.11,0.88,-0.03,0.36,0.02
-0.833236483994404,-0.34,-0.17,0.99,-0.01,-0.03,0.02
1.8072960876120314,-0.58,-0.56,0.55,0.39,0.0,0.02
-0.5489082840644866,0.6,0.39,0.45,-0.3,-0.15,0.02
-0.40319598450592187,0.25,-0.32,-0.75,-0.87,-0.36,0.02
0.07861004710238984,0.29,-0.26,-0.57,0.43,0.23,0.02
0.3220330351537015,0.33,-0.06,-0.07,-0.13,0.16,0.02
0.6576638338942287,0.1,0.28,-0.54,-0.73,-0.19,0.02
0.34612513299712155,0.03,0.69,0.53,-0.31,0.13,0.02
-0.5154611713502621,0.39,-0.39,-0.44,-1.53,-0.88,0.02
-0.08180341665524615,-0.51,-0.75,0.11,0.17,-0.03,0.02
0.616028826380699,0.65,0.54,-0.95,-1.09,-0.56,0.02
-1.557785637436726,-0.29,-0.22,-0.39,-0.52,-0.68,0.02
-3.4522058162621216,-2.78,-0.53,-0.13,0.73,0.18,0.02
0.9744341420790059,1.64,0.56,-0.2,-0.54,-0.34,0.02
0.04441586446859436,-0.06,1.34,1.52,-0.27,0.71,0.02
0.6336529564029414,0.42,0.35,-0.46,-0.88,-0.05,0.02
-0.7580006053321875,-0.73,-0.92,-1.47,0.89,-0.03,0.02
1.9559441912186948,0.38,-0.91,0.75,0.54,0.05,0.02
3.943876231500254,1.09,0.94,0.5,-1.44,0.02,0.02
0.20210237725979407,-0.01,-0.2,-0.04,0.49,0.75,0.02
-1.6440156296572916,-0.67,-0.33,0.47,1.17,0.08,0.02
0.4372103072468825,0.66,0.32,-0.28,-0.31,0.16,0.02
1.2481878875396424,0.79,0.26,0.28,-0.62,-0.5,0.02
2.279111912415832,1.17,-0.81,-1.21,-0.23,-1.19,0.02
0.07068314349076843,0.18,-0.34,-0.61,0.63,-1.01,0.02
0.26023003490212027,-0.09,-0.98,-0.81,0.3,-1.37,0.02
0.6303226049785282,-1.1,0.0,0.67,-0.27,0.42,0.02
-0.37950967413130643,0.4,-0.07,-0.24,-1.31,0.18,0.02
